time_s,true_x,true_y,amcl_x,amcl_y,amcl_err,ekf_x,ekf_y,ekf_err,eif_x,eif_y,eif_err,rtab_x,rtab_y,rtab_err,fused_x,fused_y,fused_err,ekfr_x,ekfr_y,ekfr_err
0.0,0.008373,-0.010986,0.008373,-0.010986,0.0,0.008373,-0.010986,0.0,0.008373,-0.010986,0.0,0.0,0.0,0.013812,,,,-0.001639,0.002244,0.016591
0.2,0.008373,-0.010986,0.008373,-0.010986,0.0,0.008373,-0.010986,0.0,0.008373,-0.010986,0.0,0.0,0.0,0.013812,,,,-0.001639,0.002244,0.016591
0.3994,0.008373,-0.010986,0.008373,-0.010986,0.0,0.008373,-0.010986,0.0,0.008373,-0.010986,0.0,0.0,0.0,0.013812,,,,-0.001639,0.002244,0.016591
0.5986,0.008373,-0.010986,0.008373,-0.010986,0.0,0.008373,-0.010986,0.0,0.008373,-0.010986,0.0,0.0,0.0,0.013812,,,,-0.001639,0.002244,0.016591
0.8114,0.008373,-0.010986,0.008373,-0.010986,0.0,0.008373,-0.010986,0.0,0.008373,-0.010986,0.0,0.0,0.0,0.013812,,,,-0.001639,0.002244,0.016591
1.0125,0.008373,-0.010986,0.008373,-0.010986,0.0,0.008373,-0.010986,0.0,0.008373,-0.010986,0.0,0.0,0.0,0.013812,,,,-0.001639,0.002244,0.016591
1.2023,0.008373,-0.010986,0.008373,-0.010986,0.0,0.008373,-0.010986,0.0,0.008373,-0.010986,0.0,0.0,0.0,0.013812,,,,-0.001639,0.002244,0.016591
1.3983,0.008373,-0.010986,0.008373,-0.010986,0.0,0.008373,-0.010986,0.0,0.008373,-0.010986,0.0,0.0,0.0,0.013812,,,,-0.001639,0.002244,0.016591
1.6035,0.008373,-0.010986,0.008373,-0.010986,0.0,0.008373,-0.010986,0.0,0.008373,-0.010986,0.0,0.0,0.0,0.013812,,,,-0.001639,0.002244,0.016591
1.9447,0.008373,-0.010986,0.008373,-0.010986,0.0,0.008373,-0.010986,0.0,0.008373,-0.010986,0.0,0.0,0.0,0.013812,,,,-0.001639,0.002244,0.016591
1.9996,0.008373,-0.010986,0.008373,-0.010986,0.0,0.008373,-0.010986,0.0,0.008373,-0.010986,0.0,0.00012,0.00123,0.014742,,,,0.00012,0.001231,0.014742
2.1985,0.008373,-0.010986,0.008373,-0.010986,0.0,0.008373,-0.010986,0.0,0.008373,-0.010986,0.0,0.00012,0.00123,0.014742,,,,0.00012,0.001231,0.014742
2.4005,0.008373,-0.010986,0.008373,-0.010986,0.0,0.008373,-0.010986,0.0,0.008373,-0.010986,0.0,0.00012,0.00123,0.014742,,,,0.00012,0.001231,0.014742
2.6183,0.008373,-0.010986,0.008373,-0.010986,0.0,0.008373,-0.010986,0.0,0.008373,-0.010986,0.0,0.00012,0.00123,0.014742,,,,0.00012,0.001231,0.014742
2.8001,0.008373,-0.010986,0.008373,-0.010986,0.0,0.008373,-0.010986,0.0,0.008373,-0.010986,0.0,0.00012,0.00123,0.014742,,,,0.00012,0.001231,0.014742
3.014,0.008373,-0.010986,0.008373,-0.010986,0.0,0.008373,-0.010986,0.0,0.008373,-0.010986,0.0,0.00012,0.00123,0.014742,,,,0.00012,0.001231,0.014742
3.2002,0.008373,-0.010986,0.008373,-0.010986,0.0,0.008373,-0.010986,0.0,0.008373,-0.010986,0.0,0.00012,0.00123,0.014742,,,,0.00012,0.001231,0.014742
3.4217,0.008373,-0.010986,0.008373,-0.010986,0.0,0.008373,-0.010986,0.0,0.008373,-0.010986,0.0,0.00012,0.00123,0.014742,,,,0.00012,0.001231,0.014742
3.5984,0.008373,-0.010986,0.008373,-0.010986,0.0,0.008373,-0.010986,0.0,0.008373,-0.010986,0.0,0.00012,0.00123,0.014742,,,,0.00012,0.001231,0.014742
3.8019,0.008373,-0.010986,0.008373,-0.010986,0.0,0.008373,-0.010986,0.0,0.008373,-0.010986,0.0,0.00012,0.00123,0.014742,,,,0.00012,0.001231,0.014742
3.9987,0.008373,-0.010986,0.008373,-0.010986,0.0,0.008373,-0.010986,0.0,0.008373,-0.010986,0.0,0.00012,0.00123,0.014742,,,,0.00012,0.001231,0.014742
4.2099,0.008373,-0.010986,0.008373,-0.010986,0.0,0.008373,-0.010986,0.0,0.008373,-0.010986,0.0,0.00012,0.00123,0.014742,,,,0.00012,0.001231,0.014742
4.4042,0.008373,-0.010986,0.008373,-0.010986,0.0,0.008373,-0.010986,0.0,0.008373,-0.010986,0.0,0.00012,0.00123,0.014742,,,,0.00012,0.001231,0.014742
4.6075,0.008373,-0.010986,0.008373,-0.010986,0.0,0.008373,-0.010986,0.0,0.008373,-0.010986,0.0,0.00012,0.00123,0.014742,,,,0.00012,0.001231,0.014742
5.0683,0.008373,-0.010986,0.008373,-0.010986,0.0,0.008373,-0.010986,0.0,0.008373,-0.010986,0.0,0.00012,0.00123,0.014742,,,,0.00012,0.001231,0.014742
5.2048,0.008373,-0.010986,0.008373,-0.010986,0.0,0.008373,-0.010986,0.0,0.008373,-0.010986,0.0,0.00012,0.00123,0.014742,,,,0.00012,0.001231,0.014742
5.4102,0.008373,-0.010986,0.008373,-0.010986,0.0,0.008373,-0.010986,0.0,0.008373,-0.010986,0.0,0.00012,0.00123,0.014742,,,,0.00012,0.001231,0.014742
5.602,0.008373,-0.010986,0.008373,-0.010986,0.0,0.008373,-0.010986,0.0,0.008373,-0.010986,0.0,0.00012,0.00123,0.014742,,,,0.00012,0.001231,0.014742
5.8023,0.008373,-0.010986,0.008373,-0.010986,0.0,0.008373,-0.010986,0.0,0.008373,-0.010986,0.0,0.00012,0.00123,0.014742,,,,0.00012,0.001231,0.014742
6.0025,0.008373,-0.010986,0.008373,-0.010986,0.0,0.008373,-0.010986,0.0,0.008373,-0.010986,0.0,0.00012,0.00123,0.014742,,,,0.00012,0.001231,0.014742
6.2017,0.008373,-0.010986,0.008373,-0.010986,0.0,0.008373,-0.010986,0.0,0.008373,-0.010986,0.0,0.00012,0.00123,0.014742,,,,0.00012,0.001231,0.014742
6.4113,0.008373,-0.010986,0.008373,-0.010986,0.0,0.008373,-0.010986,0.0,0.008373,-0.010986,0.0,0.00012,0.00123,0.014742,,,,0.00012,0.001231,0.014742
6.5996,0.008373,-0.010986,0.008373,-0.010986,0.0,0.008373,-0.010986,0.0,0.008373,-0.010986,0.0,0.00012,0.00123,0.014742,,,,0.00012,0.001231,0.014742
6.7995,0.008373,-0.010986,0.008373,-0.010986,0.0,0.008373,-0.010986,0.0,0.008373,-0.010986,0.0,0.00012,0.00123,0.014742,,,,0.00012,0.001231,0.014742
7.0025,0.008373,-0.010986,0.008373,-0.010986,0.0,0.008373,-0.010986,0.0,0.008373,-0.010986,0.0,0.00012,0.00123,0.014742,,,,0.00012,0.001231,0.014742
7.201,0.008373,-0.010986,0.008373,-0.010986,0.0,0.008373,-0.010986,0.0,0.008373,-0.010986,0.0,0.00012,0.00123,0.014742,,,,0.00012,0.001231,0.014742
7.4046,0.008373,-0.010986,0.008373,-0.010986,0.0,0.008373,-0.010986,0.0,0.008373,-0.010986,0.0,0.00012,0.00123,0.014742,,,,0.00012,0.001231,0.014742
7.6312,0.008373,-0.010986,0.008373,-0.010986,0.0,0.008373,-0.010986,0.0,0.008373,-0.010986,0.0,0.00012,0.00123,0.014742,,,,0.00012,0.001231,0.014742
7.817,0.008373,-0.010986,0.008373,-0.010986,0.0,0.008373,-0.010986,0.0,0.008373,-0.010986,0.0,0.00012,0.00123,0.014742,,,,0.00012,0.001231,0.014742
8.0081,0.008373,-0.010986,0.008373,-0.010986,0.0,0.008373,-0.010986,0.0,0.008373,-0.010986,0.0,0.00012,0.00123,0.014742,,,,0.00012,0.001231,0.014742
8.1985,0.008373,-0.010986,0.008373,-0.010986,0.0,0.008373,-0.010986,0.0,0.008373,-0.010986,0.0,0.00012,0.00123,0.014742,,,,0.00012,0.001231,0.014742
8.4056,0.008373,-0.010986,0.008373,-0.010986,0.0,0.008373,-0.010986,0.0,0.008373,-0.010986,0.0,0.00012,0.00123,0.014742,,,,0.00012,0.001231,0.014742
8.5999,0.008373,-0.010986,0.008373,-0.010986,0.0,0.008373,-0.010986,0.0,0.008373,-0.010986,0.0,0.00012,0.00123,0.014742,,,,0.00012,0.001231,0.014742
8.7984,0.008373,-0.010986,0.008373,-0.010986,0.0,0.008373,-0.010986,0.0,0.008373,-0.010986,0.0,0.00012,0.00123,0.014742,,,,0.00012,0.001231,0.014742
9.0012,0.008373,-0.010986,0.008373,-0.010986,0.0,0.008373,-0.010986,0.0,0.008373,-0.010986,0.0,0.00012,0.00123,0.014742,,,,0.00012,0.001231,0.014742
9.2147,0.008373,-0.010986,0.008373,-0.010986,0.0,0.008373,-0.010986,0.0,0.008373,-0.010986,0.0,0.00012,0.00123,0.014742,,,,0.00012,0.001231,0.014742
9.3986,0.008373,-0.010986,0.008373,-0.010986,0.0,0.008373,-0.010986,0.0,0.008373,-0.010986,0.0,0.00012,0.00123,0.014742,,,,0.00012,0.001231,0.014742
9.6048,0.008373,-0.010986,0.008373,-0.010986,0.0,0.008373,-0.010986,0.0,0.008373,-0.010986,0.0,0.00012,0.00123,0.014742,,,,0.00012,0.001231,0.014742
10.0761,0.008373,-0.010986,0.008373,-0.010986,0.0,0.008373,-0.010986,0.0,0.008373,-0.010986,0.0,0.00012,0.00123,0.014742,,,,0.00012,0.001231,0.014742
10.2424,0.008373,-0.010986,0.008373,-0.010986,0.0,0.008373,-0.010986,0.0,0.008373,-0.010986,0.0,0.00012,0.00123,0.014742,,,,0.00012,0.001231,0.014742
10.4002,0.008373,-0.010986,0.008373,-0.010986,0.0,0.008373,-0.010986,0.0,0.008373,-0.010986,0.0,0.00012,0.00123,0.014742,,,,0.00012,0.001231,0.014742
10.5985,0.008373,-0.010986,0.008373,-0.010986,0.0,0.008373,-0.010986,0.0,0.008373,-0.010986,0.0,0.00012,0.00123,0.014742,,,,0.00012,0.001231,0.014742
10.8153,0.008373,-0.010986,0.008373,-0.010986,0.0,0.008373,-0.010986,0.0,0.008373,-0.010986,0.0,0.00012,0.00123,0.014742,,,,0.00012,0.001231,0.014742
11.0079,0.008373,-0.010986,0.008373,-0.010986,0.0,0.008373,-0.010986,0.0,0.008373,-0.010986,0.0,0.00012,0.00123,0.014742,,,,0.00012,0.001231,0.014742
11.2006,0.008373,-0.010986,0.008373,-0.010986,0.0,0.008373,-0.010986,0.0,0.008373,-0.010986,0.0,0.00012,0.00123,0.014742,,,,0.00012,0.001231,0.014742
11.4003,0.008373,-0.010986,0.008373,-0.010986,0.0,0.008373,-0.010986,0.0,0.008373,-0.010986,0.0,0.00012,0.00123,0.014742,,,,0.00012,0.001231,0.014742
11.6032,0.008373,-0.010986,0.008373,-0.010986,0.0,0.008373,-0.010986,0.0,0.008373,-0.010986,0.0,0.00012,0.00123,0.014742,,,,0.00012,0.001231,0.014742
12.0223,0.008373,-0.010986,0.008373,-0.010986,0.0,0.008373,-0.010986,0.0,0.008373,-0.010986,0.0,0.00012,0.00123,0.014742,,,,0.00012,0.001231,0.014742
12.2039,0.008373,-0.010986,0.008373,-0.010986,0.0,0.008373,-0.010986,0.0,0.008373,-0.010986,0.0,0.00012,0.00123,0.014742,,,,0.00012,0.001231,0.014742
12.4019,0.008373,-0.010986,0.008373,-0.010986,0.0,0.008373,-0.010986,0.0,0.008373,-0.010986,0.0,0.00012,0.00123,0.014742,,,,0.00012,0.001231,0.014742
12.6053,0.008373,-0.010986,0.008373,-0.010986,0.0,0.008373,-0.010986,0.0,0.008373,-0.010986,0.0,0.00012,0.00123,0.014742,,,,0.00012,0.001231,0.014742
12.9645,0.008373,-0.010986,0.008373,-0.010986,0.0,0.008373,-0.010986,0.0,0.008373,-0.010986,0.0,0.00012,0.00123,0.014742,,,,0.00012,0.001231,0.014742
12.9983,0.008373,-0.010986,0.008373,-0.010986,0.0,0.008373,-0.010986,0.0,0.008373,-0.010986,0.0,0.00012,0.00123,0.014742,,,,0.00012,0.001231,0.014742
13.2002,0.008373,-0.010986,0.008373,-0.010986,0.0,0.008373,-0.010986,0.0,0.008373,-0.010986,0.0,0.00012,0.00123,0.014742,,,,0.00012,0.001231,0.014742
13.412,0.008373,-0.010986,0.008373,-0.010986,0.0,0.008373,-0.010986,0.0,0.008373,-0.010986,0.0,0.00012,0.00123,0.014742,,,,0.00012,0.001231,0.014742
13.6129,0.008373,-0.010986,0.008373,-0.010986,0.0,0.008373,-0.010986,0.0,0.008373,-0.010986,0.0,0.00012,0.00123,0.014742,,,,0.00012,0.001231,0.014742
13.8965,0.008373,-0.010986,0.008373,-0.010986,0.0,0.008373,-0.010986,0.0,0.008373,-0.010986,0.0,0.00012,0.00123,0.014742,,,,0.00012,0.001231,0.014742
14.0029,0.008373,-0.010986,0.008373,-0.010986,0.0,0.008373,-0.010986,0.0,0.008373,-0.010986,0.0,0.00012,0.00123,0.014742,,,,0.00012,0.001231,0.014742
14.1984,0.008373,-0.010986,0.008373,-0.010986,0.0,0.008373,-0.010986,0.0,0.008373,-0.010986,0.0,0.00012,0.00123,0.014742,,,,0.00012,0.001231,0.014742
14.4197,0.008373,-0.010986,0.008373,-0.010986,0.0,0.008373,-0.010986,0.0,0.008373,-0.010986,0.0,0.00012,0.00123,0.014742,,,,0.00012,0.001231,0.014742
14.6233,0.008373,-0.010986,0.008373,-0.010986,0.0,0.008373,-0.010986,0.0,0.008373,-0.010986,0.0,0.00012,0.00123,0.014742,,,,0.00012,0.001231,0.014742
14.7999,0.008373,-0.010986,0.008373,-0.010986,0.0,0.008373,-0.010986,0.0,0.008373,-0.010986,0.0,0.00012,0.00123,0.014742,,,,0.00012,0.001231,0.014742
14.9985,0.008373,-0.010986,0.008373,-0.010986,0.0,0.008373,-0.010986,0.0,0.008373,-0.010986,0.0,0.00012,0.00123,0.014742,,,,0.00012,0.001231,0.014742
15.2183,0.008373,-0.010986,0.008373,-0.010986,0.0,0.008373,-0.010986,0.0,0.008373,-0.010986,0.0,0.00012,0.00123,0.014742,,,,0.00012,0.001231,0.014742
15.4034,0.008373,-0.010986,0.008373,-0.010986,0.0,0.008373,-0.010986,0.0,0.008373,-0.010986,0.0,0.00012,0.00123,0.014742,,,,0.00012,0.001231,0.014742
15.6058,0.008373,-0.010986,0.008373,-0.010986,0.0,0.008373,-0.010986,0.0,0.008373,-0.010986,0.0,0.00012,0.00123,0.014742,,,,0.00012,0.001231,0.014742
15.8002,0.008373,-0.010986,0.008373,-0.010986,0.0,0.008373,-0.010986,0.0,0.008373,-0.010986,0.0,0.00012,0.00123,0.014742,,,,0.00012,0.001231,0.014742
16.007,0.008373,-0.010986,0.008373,-0.010986,0.0,0.008373,-0.010986,0.0,0.008373,-0.010986,0.0,0.00012,0.00123,0.014742,,,,0.00012,0.001231,0.014742
16.2072,0.008373,-0.010986,0.008373,-0.010986,0.0,0.008373,-0.010986,0.0,0.008373,-0.010986,0.0,0.00012,0.00123,0.014742,,,,0.00012,0.001231,0.014742
16.4013,0.008373,-0.010986,0.008373,-0.010986,0.0,0.008373,-0.010986,0.0,0.008373,-0.010986,0.0,0.00012,0.00123,0.014742,,,,0.00012,0.001231,0.014742
16.6175,0.008373,-0.010986,0.008373,-0.010986,0.0,0.008373,-0.010986,0.0,0.008373,-0.010986,0.0,0.00012,0.00123,0.014742,,,,0.00012,0.001231,0.014742
16.952,0.008373,-0.010986,0.008373,-0.010986,0.0,0.008373,-0.010986,0.0,0.008373,-0.010986,0.0,0.00012,0.00123,0.014742,,,,0.00012,0.001231,0.014742
16.9993,0.008373,-0.010986,0.008373,-0.010986,0.0,0.008373,-0.010986,0.0,0.008373,-0.010986,0.0,0.00012,0.00123,0.014742,,,,0.00012,0.001231,0.014742
17.1981,0.008373,-0.010986,0.008373,-0.010986,0.0,0.008373,-0.010986,0.0,0.008373,-0.010986,0.0,0.00012,0.00123,0.014742,,,,0.00012,0.001231,0.014742
17.3985,0.008373,-0.010986,0.008373,-0.010986,0.0,0.008373,-0.010986,0.0,0.008373,-0.010986,0.0,0.00012,0.00123,0.014742,,,,0.00012,0.001231,0.014742
17.6247,0.008373,-0.010986,0.008373,-0.010986,0.0,0.008373,-0.010986,0.0,0.008373,-0.010986,0.0,0.00012,0.00123,0.014742,,,,0.00012,0.001231,0.014742
17.8587,0.008373,-0.010986,0.008373,-0.010986,0.0,0.008373,-0.010986,0.0,0.008373,-0.010986,0.0,0.00012,0.00123,0.014742,,,,0.00012,0.001231,0.014742
17.9997,0.008373,-0.010986,0.008373,-0.010986,0.0,0.008373,-0.010986,0.0,0.008373,-0.010986,0.0,0.00012,0.00123,0.014742,,,,0.00012,0.001231,0.014742
18.2011,0.008373,-0.010986,0.008373,-0.010986,0.0,0.008373,-0.010986,0.0,0.008373,-0.010986,0.0,0.00012,0.00123,0.014742,,,,0.00012,0.001231,0.014742
18.3987,0.008373,-0.010986,0.008373,-0.010986,0.0,0.008373,-0.010986,0.0,0.008373,-0.010986,0.0,0.00012,0.00123,0.014742,,,,0.00012,0.001231,0.014742
18.6185,0.008373,-0.010986,0.008373,-0.010986,0.0,0.008373,-0.010986,0.0,0.008373,-0.010986,0.0,0.0,0.0,0.013812,,,,0.00012,0.001231,0.014742
18.8699,0.008373,-0.010986,0.008373,-0.010986,0.0,0.008373,-0.010986,0.0,0.008373,-0.010986,0.0,0.0,0.0,0.013812,,,,0.00012,0.001231,0.014742
19.0058,0.008373,-0.010986,0.008373,-0.010986,0.0,0.008373,-0.010986,0.0,0.008373,-0.010986,0.0,0.0,0.0,0.013812,,,,0.00012,0.00123,0.014742
19.2011,0.008373,-0.010986,0.008373,-0.010986,0.0,0.008373,-0.010986,0.0,0.008373,-0.010986,0.0,0.0,0.0,0.013812,,,,0.00012,0.00123,0.014742
19.4018,0.008373,-0.010986,0.008373,-0.010986,0.0,0.008373,-0.010986,0.0,0.008373,-0.010986,0.0,0.0,0.0,0.013812,,,,0.00012,0.00123,0.014742
19.6007,0.008373,-0.010986,0.008373,-0.010986,0.0,0.008373,-0.010986,0.0,0.008373,-0.010986,0.0,0.0,0.0,0.013812,,,,0.00012,0.00123,0.014742
19.8702,0.008373,-0.010986,0.008373,-0.010986,0.0,0.008373,-0.010986,0.0,0.008373,-0.010986,0.0,0.0,0.0,0.013812,,,,0.00012,0.00123,0.014742
19.9984,0.008373,-0.010986,0.008373,-0.010986,0.0,0.008373,-0.010986,0.0,0.008373,-0.010986,0.0,0.0,0.0,0.013812,,,,0.00012,0.00123,0.014742
20.2018,0.008373,-0.010986,0.008373,-0.010986,0.0,0.008373,-0.010986,0.0,0.008373,-0.010986,0.0,0.0,0.0,0.013812,,,,0.00012,0.00123,0.014742
20.4026,0.008373,-0.010986,0.008373,-0.010986,0.0,0.008373,-0.010986,0.0,0.008373,-0.010986,0.0,0.0,0.0,0.013812,,,,0.00012,0.00123,0.014742
20.6011,0.008373,-0.010986,0.008373,-0.010986,0.0,0.008373,-0.010986,0.0,0.008373,-0.010986,0.0,0.0,0.0,0.013812,,,,0.00012,0.00123,0.014742
20.8981,0.008373,-0.010986,0.008373,-0.010986,0.0,0.008373,-0.010986,0.0,0.008373,-0.010986,0.0,0.0,0.0,0.013812,,,,0.00012,0.00123,0.014742
21.0,0.008373,-0.010986,0.008373,-0.010986,0.0,0.008373,-0.010986,0.0,0.008373,-0.010986,0.0,0.0,0.0,0.013812,,,,0.00012,0.00123,0.014742
21.1984,0.008373,-0.010986,0.008373,-0.010986,0.0,0.008373,-0.010986,0.0,0.008373,-0.010986,0.0,0.0,0.0,0.013812,,,,0.00012,0.00123,0.014742
21.3985,0.008373,-0.010986,0.008373,-0.010986,0.0,0.008373,-0.010986,0.0,0.008373,-0.010986,0.0,0.0,0.0,0.013812,,,,0.00012,0.00123,0.014742
21.5983,0.008373,-0.010986,0.008373,-0.010986,0.0,0.008373,-0.010986,0.0,0.008373,-0.010986,0.0,0.0,0.0,0.013812,,,,0.00012,0.00123,0.014742
21.8019,0.008373,-0.010986,0.008373,-0.010986,0.0,0.008373,-0.010986,0.0,0.008373,-0.010986,0.0,0.0,0.0,0.013812,,,,0.00012,0.00123,0.014742
21.9987,0.008373,-0.010986,0.008373,-0.010986,0.0,0.008373,-0.010986,0.0,0.008373,-0.010986,0.0,0.0,0.0,0.013812,,,,0.00012,0.00123,0.014742
22.214,0.008373,-0.010986,0.008373,-0.010986,0.0,0.008373,-0.010986,0.0,0.008373,-0.010986,0.0,0.0,0.0,0.013812,,,,0.00012,0.00123,0.014742
22.4,0.008373,-0.010986,0.008373,-0.010986,0.0,0.008373,-0.010986,0.0,0.008373,-0.010986,0.0,0.0,0.0,0.013812,,,,0.00012,0.00123,0.014742
22.5984,0.008373,-0.010986,0.008373,-0.010986,0.0,0.008373,-0.010986,0.0,0.008373,-0.010986,0.0,0.0,0.0,0.013812,,,,0.00012,0.00123,0.014742
22.9647,0.008373,-0.010986,0.008373,-0.010986,0.0,0.008373,-0.010986,0.0,0.008373,-0.010986,0.0,0.0,0.0,0.013812,,,,0.00012,0.00123,0.014742
23.0376,0.008373,-0.010986,0.008373,-0.010986,0.0,0.008373,-0.010986,0.0,0.008373,-0.010986,0.0,0.0,0.0,0.013812,,,,0.00012,0.00123,0.014742
23.1999,0.008373,-0.010986,0.008373,-0.010986,0.0,0.008373,-0.010986,0.0,0.008373,-0.010986,0.0,0.0,0.0,0.013812,,,,0.00012,0.00123,0.014742
23.4038,0.008373,-0.010986,0.008373,-0.010986,0.0,0.008373,-0.010986,0.0,0.008373,-0.010986,0.0,0.0,0.0,0.013812,,,,0.00012,0.00123,0.014742
23.602,0.008373,-0.010986,0.008373,-0.010986,0.0,0.008373,-0.010986,0.0,0.008373,-0.010986,0.0,0.0,0.0,0.013812,,,,0.00012,0.00123,0.014742
23.9426,0.008373,-0.010986,0.008373,-0.010986,0.0,0.008373,-0.010986,0.0,0.008373,-0.010986,0.0,0.0,0.0,0.013812,,,,0.00012,0.00123,0.014742
23.9985,0.008373,-0.010986,0.008373,-0.010986,0.0,0.008373,-0.010986,0.0,0.008373,-0.010986,0.0,0.0,0.0,0.013812,,,,0.00012,0.00123,0.014742
24.2014,0.008373,-0.010986,0.008373,-0.010986,0.0,0.008373,-0.010986,0.0,0.008373,-0.010986,0.0,0.0,0.0,0.013812,,,,0.00012,0.00123,0.014742
24.3987,0.008373,-0.010986,0.008373,-0.010986,0.0,0.008373,-0.010986,0.0,0.008373,-0.010986,0.0,0.0,0.0,0.013812,,,,0.00012,0.00123,0.014742
24.6133,0.008373,-0.010986,0.008373,-0.010986,0.0,0.008373,-0.010986,0.0,0.008373,-0.010986,0.0,0.0,0.0,0.013812,,,,0.00012,0.00123,0.014742
24.7982,0.008373,-0.010986,0.008373,-0.010986,0.0,0.008373,-0.010986,0.0,0.008373,-0.010986,0.0,0.0,0.0,0.013812,,,,0.00012,0.00123,0.014742
25.0038,0.008373,-0.010986,0.008373,-0.010986,0.0,0.008373,-0.010986,0.0,0.008373,-0.010986,0.0,0.0,0.0,0.013812,,,,0.00012,0.00123,0.014742
25.2087,0.008373,-0.010986,0.008373,-0.010986,0.0,0.008373,-0.010986,0.0,0.008373,-0.010986,0.0,0.0,0.0,0.013812,,,,0.00012,0.00123,0.014742
25.4316,0.008373,-0.010986,0.008373,-0.010986,0.0,0.008373,-0.010986,0.0,0.008373,-0.010986,0.0,0.0,0.0,0.013812,,,,0.00012,0.00123,0.014742
25.6105,0.008373,-0.010986,0.008373,-0.010986,0.0,0.008373,-0.010986,0.0,0.008373,-0.010986,0.0,0.0,0.0,0.013812,,,,0.00012,0.00123,0.014742
25.813,0.008373,-0.010986,0.008373,-0.010986,0.0,0.008373,-0.010986,0.0,0.008373,-0.010986,0.0,0.0,0.0,0.013812,,,,0.00012,0.00123,0.014742
26.0087,0.008373,-0.010986,0.008373,-0.010986,0.0,0.008373,-0.010986,0.0,0.008373,-0.010986,0.0,0.0,0.0,0.013812,,,,0.00012,0.00123,0.014742
26.2086,0.008373,-0.010986,0.008373,-0.010986,0.0,0.008373,-0.010986,0.0,0.008373,-0.010986,0.0,0.0,0.0,0.013812,,,,0.00012,0.00123,0.014742
26.3984,0.008373,-0.010986,0.008373,-0.010986,0.0,0.008373,-0.010986,0.0,0.008373,-0.010986,0.0,0.0,0.0,0.013812,,,,0.00012,0.00123,0.014742
26.5986,0.008373,-0.010986,0.008373,-0.010986,0.0,0.008373,-0.010986,0.0,0.008373,-0.010986,0.0,0.0,0.0,0.013812,,,,0.00012,0.00123,0.014742
26.8155,0.008373,-0.010986,0.008373,-0.010986,0.0,0.008373,-0.010986,0.0,0.008373,-0.010986,0.0,0.0,0.0,0.013812,,,,0.00012,0.00123,0.014742
26.9982,0.008373,-0.010986,0.008373,-0.010986,0.0,0.008373,-0.010986,0.0,0.008373,-0.010986,0.0,0.0,0.0,0.013812,,,,0.00012,0.00123,0.014742
27.1983,0.008373,-0.010986,0.008373,-0.010986,0.0,0.008373,-0.010986,0.0,0.008373,-0.010986,0.0,0.0,0.0,0.013812,,,,0.00012,0.00123,0.014742
27.4203,0.008373,-0.010986,0.008373,-0.010986,0.0,0.008373,-0.010986,0.0,0.008373,-0.010986,0.0,0.0,0.0,0.013812,,,,0.00012,0.00123,0.014742
27.6023,0.008373,-0.010986,0.008373,-0.010986,0.0,0.008373,-0.010986,0.0,0.008373,-0.010986,0.0,0.0,0.0,0.013812,,,,0.00012,0.00123,0.014742
27.878,0.008373,-0.010986,0.008373,-0.010986,0.0,0.008373,-0.010986,0.0,0.008373,-0.010986,0.0,0.0,0.0,0.013812,,,,0.00012,0.00123,0.014742
27.9984,0.008373,-0.010986,0.008373,-0.010986,0.0,0.008373,-0.010986,0.0,0.008373,-0.010986,0.0,0.0,0.0,0.013812,,,,0.00012,0.00123,0.014742
28.1981,0.008373,-0.010986,0.008373,-0.010986,0.0,0.008373,-0.010986,0.0,0.008373,-0.010986,0.0,0.0,0.0,0.013812,,,,0.00012,0.00123,0.014742
28.4235,0.008373,-0.010986,0.008373,-0.010986,0.0,0.008373,-0.010986,0.0,0.008373,-0.010986,0.0,0.0,0.0,0.013812,,,,0.00012,0.00123,0.014742
28.615,0.008373,-0.010986,0.008373,-0.010986,0.0,0.008373,-0.010986,0.0,0.008373,-0.010986,0.0,0.0,0.0,0.013812,,,,0.00012,0.00123,0.014742
28.893,0.008373,-0.010986,0.008373,-0.010986,0.0,0.008373,-0.010986,0.0,0.008373,-0.010986,0.0,0.0,0.0,0.013812,,,,0.00012,0.00123,0.014742
29.0163,0.008373,-0.010986,0.008373,-0.010986,0.0,0.008373,-0.010986,0.0,0.008373,-0.010986,0.0,0.0,0.0,0.013812,,,,0.00012,0.00123,0.014742
29.1989,0.008373,-0.010986,0.008373,-0.010986,0.0,0.008373,-0.010986,0.0,0.008373,-0.010986,0.0,0.0,0.0,0.013812,,,,0.00012,0.00123,0.014742
29.3984,0.008373,-0.010986,0.008373,-0.010986,0.0,0.008373,-0.010986,0.0,0.008373,-0.010986,0.0,0.0,0.0,0.013812,,,,0.00012,0.00123,0.014742
29.6,0.008373,-0.010986,0.008373,-0.010986,0.0,0.008373,-0.010986,0.0,0.008373,-0.010986,0.0,0.0,0.0,0.013812,,,,0.00012,0.00123,0.014742
29.8146,0.008373,-0.010986,0.008373,-0.010986,0.0,0.008373,-0.010986,0.0,0.008373,-0.010986,0.0,0.0,0.0,0.013812,,,,0.00012,0.00123,0.014742
30.0014,0.008373,-0.010986,0.008373,-0.010986,0.0,0.008373,-0.010986,0.0,0.008373,-0.010986,0.0,0.0,0.0,0.013812,,,,0.00012,0.00123,0.014742
30.2068,0.008373,-0.010986,0.008373,-0.010986,0.0,0.008373,-0.010986,0.0,0.008373,-0.010986,0.0,0.0,0.0,0.013812,,,,0.00012,0.00123,0.014742
30.3983,0.008373,-0.010986,0.008373,-0.010986,0.0,0.008373,-0.010986,0.0,0.008373,-0.010986,0.0,0.0,0.0,0.013812,,,,0.00012,0.00123,0.014742
30.6053,0.008373,-0.010986,0.008373,-0.010986,0.0,0.008373,-0.010986,0.0,0.008373,-0.010986,0.0,0.0,0.0,0.013812,,,,0.00012,0.00123,0.014742
30.8093,0.008373,-0.010986,0.008373,-0.010986,0.0,0.008373,-0.010986,0.0,0.008373,-0.010986,0.0,0.0,0.0,0.013812,,,,0.00012,0.00123,0.014742
31.0011,0.008373,-0.010986,0.008373,-0.010986,0.0,0.008373,-0.010986,0.0,0.008373,-0.010986,0.0,0.0,0.0,0.013812,,,,0.00012,0.00123,0.014742
31.2107,0.008373,-0.010986,0.008373,-0.010986,0.0,0.008373,-0.010986,0.0,0.008373,-0.010986,0.0,0.0,0.0,0.013812,,,,0.00012,0.00123,0.014742
31.3985,0.008373,-0.010986,0.008373,-0.010986,0.0,0.008373,-0.010986,0.0,0.008373,-0.010986,0.0,0.0,0.0,0.013812,,,,0.00012,0.00123,0.014742
31.6043,0.008373,-0.010986,0.008373,-0.010986,0.0,0.008373,-0.010986,0.0,0.008373,-0.010986,0.0,0.0,0.0,0.013812,,,,0.00012,0.00123,0.014742
31.8092,0.008373,-0.010986,0.008373,-0.010986,0.0,0.008373,-0.010986,0.0,0.008373,-0.010986,0.0,0.0,0.0,0.013812,,,,0.00012,0.00123,0.014742
32.002,0.008373,-0.010986,0.008373,-0.010986,0.0,0.008373,-0.010986,0.0,0.008373,-0.010986,0.0,0.0,0.0,0.013812,,,,0.00012,0.00123,0.014742
32.204,0.008373,-0.010986,0.008373,-0.010986,0.0,0.008373,-0.010986,0.0,0.008373,-0.010986,0.0,0.0,0.0,0.013812,,,,0.00012,0.00123,0.014742
32.4107,0.008373,-0.010986,0.008373,-0.010986,0.0,0.008373,-0.010986,0.0,0.008373,-0.010986,0.0,0.0,0.0,0.013812,,,,0.00012,0.00123,0.014742
32.5998,0.008373,-0.010986,0.008373,-0.010986,0.0,0.008373,-0.010986,0.0,0.008373,-0.010986,0.0,0.0,0.0,0.013812,,,,0.00012,0.00123,0.014742
32.8345,0.008373,-0.010986,0.008373,-0.010986,0.0,0.008373,-0.010986,0.0,0.008373,-0.010986,0.0,0.0,0.0,0.013812,,,,0.00012,0.00123,0.014742
33.0019,0.008373,-0.010986,0.008373,-0.010986,0.0,0.008373,-0.010986,0.0,0.008373,-0.010986,0.0,0.0,0.0,0.013812,,,,0.00012,0.00123,0.014742
33.2009,0.008373,-0.010986,0.008373,-0.010986,0.0,0.008373,-0.010986,0.0,0.008373,-0.010986,0.0,0.0,0.0,0.013812,,,,0.00012,0.00123,0.014742
33.4006,0.008373,-0.010986,0.008373,-0.010986,0.0,0.008373,-0.010986,0.0,0.008373,-0.010986,0.0,0.0,0.0,0.013812,,,,0.00012,0.00123,0.014742
33.5993,0.008373,-0.010986,0.008373,-0.010986,0.0,0.008373,-0.010986,0.0,0.008373,-0.010986,0.0,0.0,0.0,0.013812,,,,0.00012,0.00123,0.014742
33.9922,0.008373,-0.010986,0.008373,-0.010986,0.0,0.008373,-0.010986,0.0,0.008373,-0.010986,0.0,0.0,0.0,0.013812,,,,0.00012,0.00123,0.014742
34.0061,0.008373,-0.010986,0.008373,-0.010986,0.0,0.008373,-0.010986,0.0,0.008373,-0.010986,0.0,0.0,0.0,0.013812,,,,0.00012,0.00123,0.014742
34.2092,0.008373,-0.010986,0.008373,-0.010986,0.0,0.008373,-0.010986,0.0,0.008373,-0.010986,0.0,0.0,0.0,0.013812,,,,0.00012,0.00123,0.014742
34.4208,0.008373,-0.010986,0.008373,-0.010986,0.0,0.008373,-0.010986,0.0,0.008373,-0.010986,0.0,0.0,0.0,0.013812,,,,0.00012,0.00123,0.014742
34.5986,0.008373,-0.010986,0.008373,-0.010986,0.0,0.008373,-0.010986,0.0,0.008373,-0.010986,0.0,0.000226,0.000343,0.013953,,,,0.00012,0.00123,0.014742
34.8187,0.008373,-0.010986,0.008373,-0.010986,0.0,0.008373,-0.010986,0.0,0.008373,-0.010986,0.0,0.000226,0.000343,0.013953,,,,0.00012,0.00123,0.014742
34.9985,0.008373,-0.010986,0.008373,-0.010986,0.0,0.008373,-0.010986,0.0,0.008373,-0.010986,0.0,0.000226,0.000343,0.013953,,,,0.00012,0.00123,0.014742
35.209,0.008373,-0.010986,0.008373,-0.010986,0.0,0.008373,-0.010986,0.0,0.008373,-0.010986,0.0,0.000226,0.000343,0.013953,,,,0.00012,0.00123,0.014742
35.4427,0.008373,-0.010986,0.008373,-0.010986,0.0,0.008373,-0.010986,0.0,0.008373,-0.010986,0.0,0.000226,0.000343,0.013953,,,,0.000226,0.000343,0.013953
35.6027,0.008373,-0.010986,0.008373,-0.010986,0.0,0.008373,-0.010986,0.0,0.008373,-0.010986,0.0,0.000226,0.000343,0.013953,,,,0.000226,0.000343,0.013953
35.8442,0.008373,-0.010986,0.008373,-0.010986,0.0,0.008373,-0.010986,0.0,0.008373,-0.010986,0.0,0.000226,0.000343,0.013953,,,,0.000226,0.000343,0.013953
36.0092,0.008373,-0.010986,0.008373,-0.010986,0.0,0.008373,-0.010986,0.0,0.008373,-0.010986,0.0,0.000226,0.000343,0.013953,,,,0.000226,0.000343,0.013953
36.205,0.008373,-0.010986,0.008373,-0.010986,0.0,0.008373,-0.010986,0.0,0.008373,-0.010986,0.0,0.000226,0.000343,0.013953,,,,0.000226,0.000343,0.013953
36.4059,0.008373,-0.010986,0.008373,-0.010986,0.0,0.008373,-0.010986,0.0,0.008373,-0.010986,0.0,0.000226,0.000343,0.013953,,,,0.000226,0.000343,0.013953
36.6006,0.008373,-0.010986,0.008373,-0.010986,0.0,0.008373,-0.010986,0.0,0.008373,-0.010986,0.0,0.000226,0.000343,0.013953,,,,0.000226,0.000343,0.013953
36.8112,0.008373,-0.010986,0.008373,-0.010986,0.0,0.008373,-0.010986,0.0,0.008373,-0.010986,0.0,0.000226,0.000343,0.013953,,,,0.000226,0.000343,0.013953
37.0009,0.008373,-0.010986,0.008373,-0.010986,0.0,0.008373,-0.010986,0.0,0.008373,-0.010986,0.0,0.000226,0.000343,0.013953,,,,0.000226,0.000343,0.013953
37.1997,0.008373,-0.010986,0.008373,-0.010986,0.0,0.008373,-0.010986,0.0,0.008373,-0.010986,0.0,0.000226,0.000343,0.013953,,,,0.000226,0.000343,0.013953
37.3985,0.008373,-0.010986,0.008373,-0.010986,0.0,0.008373,-0.010986,0.0,0.008373,-0.010986,0.0,0.000226,0.000343,0.013953,,,,0.000226,0.000343,0.013953
37.6019,0.008373,-0.010986,0.008373,-0.010986,0.0,0.008373,-0.010986,0.0,0.008373,-0.010986,0.0,0.000226,0.000343,0.013953,,,,0.000226,0.000343,0.013953
37.9352,0.008373,-0.010986,0.008373,-0.010986,0.0,0.008373,-0.010986,0.0,0.008373,-0.010986,0.0,0.000226,0.000343,0.013953,,,,0.000226,0.000343,0.013953
38.0024,0.008373,-0.010986,0.008373,-0.010986,0.0,0.008373,-0.010986,0.0,0.008373,-0.010986,0.0,0.000226,0.000343,0.013953,,,,0.000226,0.000343,0.013953
38.2001,0.008373,-0.010986,0.008373,-0.010986,0.0,0.008373,-0.010986,0.0,0.008373,-0.010986,0.0,0.000226,0.000343,0.013953,,,,0.000226,0.000343,0.013953
38.3983,0.008373,-0.010986,0.008373,-0.010986,0.0,0.008373,-0.010986,0.0,0.008373,-0.010986,0.0,0.000226,0.000343,0.013953,,,,0.000226,0.000343,0.013953
38.615,0.008373,-0.010986,0.008373,-0.010986,0.0,0.008373,-0.010986,0.0,0.008373,-0.010986,0.0,0.000226,0.000343,0.013953,,,,0.000226,0.000343,0.013953
38.8096,0.008373,-0.010986,0.008373,-0.010986,0.0,0.008373,-0.010986,0.0,0.008373,-0.010986,0.0,0.000226,0.000343,0.013953,,,,0.000226,0.000343,0.013953
39.0033,0.008373,-0.010986,0.008373,-0.010986,0.0,0.008373,-0.010986,0.0,0.008373,-0.010986,0.0,0.000226,0.000343,0.013953,,,,0.000226,0.000343,0.013953
39.1991,0.008373,-0.010986,0.008373,-0.010986,0.0,0.008373,-0.010986,0.0,0.008373,-0.010986,0.0,0.000226,0.000343,0.013953,,,,0.000226,0.000343,0.013953
39.3983,0.008373,-0.010986,0.008373,-0.010986,0.0,0.008373,-0.010986,0.0,0.008373,-0.010986,0.0,0.000226,0.000343,0.013953,,,,0.000226,0.000343,0.013953
39.6103,0.008373,-0.010986,0.008373,-0.010986,0.0,0.008373,-0.010986,0.0,0.008373,-0.010986,0.0,0.000226,0.000343,0.013953,,,,0.000226,0.000343,0.013953
39.843,0.008373,-0.010986,0.008373,-0.010986,0.0,0.008373,-0.010986,0.0,0.008373,-0.010986,0.0,0.000226,0.000343,0.013953,,,,0.000226,0.000343,0.013953
39.9995,0.008373,-0.010986,0.008373,-0.010986,0.0,0.008373,-0.010986,0.0,0.008373,-0.010986,0.0,0.000226,0.000343,0.013953,,,,0.000226,0.000343,0.013953
40.1985,0.008373,-0.010986,0.008373,-0.010986,0.0,0.008373,-0.010986,0.0,0.008373,-0.010986,0.0,0.000226,0.000343,0.013953,,,,0.000226,0.000343,0.013953
40.4032,0.008373,-0.010986,0.008373,-0.010986,0.0,0.008373,-0.010986,0.0,0.008373,-0.010986,0.0,0.000226,0.000343,0.013953,,,,0.000226,0.000343,0.013953
40.6011,0.008373,-0.010986,0.008373,-0.010986,0.0,0.008373,-0.010986,0.0,0.008373,-0.010986,0.0,0.000226,0.000343,0.013953,,,,0.000226,0.000343,0.013953
41.0421,0.008373,-0.010986,0.008373,-0.010986,0.0,0.008373,-0.010986,0.0,0.008373,-0.010986,0.0,0.000226,0.000343,0.013953,,,,0.000226,0.000343,0.013953
41.21,0.008373,-0.010986,0.008373,-0.010986,0.0,0.008373,-0.010986,0.0,0.008373,-0.010986,0.0,0.000226,0.000343,0.013953,,,,0.000226,0.000343,0.013953
41.4065,0.008373,-0.010986,0.008373,-0.010986,0.0,0.008373,-0.010986,0.0,0.008373,-0.010986,0.0,0.000226,0.000343,0.013953,,,,0.000226,0.000343,0.013953
41.6337,0.008373,-0.010986,0.008373,-0.010986,0.0,0.008373,-0.010986,0.0,0.008373,-0.010986,0.0,0.000226,0.000343,0.013953,,,,0.000226,0.000343,0.013953
42.1749,0.008373,-0.010986,0.008373,-0.010986,0.0,0.008373,-0.010986,0.0,0.008373,-0.010986,0.0,0.000226,0.000343,0.013953,,,,0.000226,0.000343,0.013953
42.2006,0.008373,-0.010986,0.008373,-0.010986,0.0,0.008373,-0.010986,0.0,0.008373,-0.010986,0.0,0.000226,0.000343,0.013953,,,,0.000226,0.000343,0.013953
42.3985,0.008373,-0.010986,0.008373,-0.010986,0.0,0.008373,-0.010986,0.0,0.008373,-0.010986,0.0,0.000226,0.000343,0.013953,,,,0.000226,0.000343,0.013953
42.6078,0.008373,-0.010986,0.008373,-0.010986,0.0,0.008373,-0.010986,0.0,0.008373,-0.010986,0.0,0.000226,0.000343,0.013953,,,,0.000226,0.000343,0.013953
42.8442,0.008373,-0.010986,0.008373,-0.010986,0.0,0.008373,-0.010986,0.0,0.008373,-0.010986,0.0,0.000226,0.000343,0.013953,,,,0.000226,0.000343,0.013953
43.0022,0.008373,-0.010986,0.008373,-0.010986,0.0,0.008373,-0.010986,0.0,0.008373,-0.010986,0.0,0.000226,0.000343,0.013953,,,,0.000226,0.000343,0.013953
43.2145,0.008373,-0.010986,0.008373,-0.010986,0.0,0.008373,-0.010986,0.0,0.008373,-0.010986,0.0,0.000226,0.000343,0.013953,,,,0.000226,0.000343,0.013953
43.4024,0.008373,-0.010986,0.008373,-0.010986,0.0,0.008373,-0.010986,0.0,0.008373,-0.010986,0.0,0.000226,0.000343,0.013953,,,,0.000226,0.000343,0.013953
43.6097,0.008373,-0.010986,0.008373,-0.010986,0.0,0.008373,-0.010986,0.0,0.008373,-0.010986,0.0,0.000226,0.000343,0.013953,,,,0.000226,0.000343,0.013953
44.005,0.008373,-0.010986,0.008373,-0.010986,0.0,0.008373,-0.010986,0.0,0.008373,-0.010986,0.0,0.000226,0.000343,0.013953,,,,0.000226,0.000343,0.013953
44.1999,0.008373,-0.010986,0.008373,-0.010986,0.0,0.008373,-0.010986,0.0,0.008373,-0.010986,0.0,0.000226,0.000343,0.013953,,,,0.000226,0.000343,0.013953
44.3985,0.008373,-0.010986,0.008373,-0.010986,0.0,0.008373,-0.010986,0.0,0.008373,-0.010986,0.0,0.000226,0.000343,0.013953,,,,0.000226,0.000343,0.013953
44.5982,0.008373,-0.010986,0.008373,-0.010986,0.0,0.008373,-0.010986,0.0,0.008373,-0.010986,0.0,0.000226,0.000343,0.013953,,,,0.000226,0.000343,0.013953
44.8032,0.008373,-0.010986,0.008373,-0.010986,0.0,0.008373,-0.010986,0.0,0.008373,-0.010986,0.0,0.000226,0.000343,0.013953,,,,0.000226,0.000343,0.013953
44.9984,0.008373,-0.010986,0.008373,-0.010986,0.0,0.008373,-0.010986,0.0,0.008373,-0.010986,0.0,0.000226,0.000343,0.013953,,,,0.000226,0.000343,0.013953
45.203,0.008373,-0.010986,0.008373,-0.010986,0.0,0.008373,-0.010986,0.0,0.008373,-0.010986,0.0,0.000226,0.000343,0.013953,,,,0.000226,0.000343,0.013953
45.3988,0.008373,-0.010986,0.008373,-0.010986,0.0,0.008373,-0.010986,0.0,0.008373,-0.010986,0.0,0.000226,0.000343,0.013953,,,,0.000226,0.000343,0.013953
45.6127,0.008373,-0.010986,0.008373,-0.010986,0.0,0.008373,-0.010986,0.0,0.008373,-0.010986,0.0,0.000226,0.000343,0.013953,,,,0.000226,0.000343,0.013953
45.8049,0.008373,-0.010986,0.008373,-0.010986,0.0,0.008373,-0.010986,0.0,0.008373,-0.010986,0.0,0.000226,0.000343,0.013953,,,,0.000226,0.000343,0.013953
46.0049,0.008373,-0.010986,0.008373,-0.010986,0.0,0.008373,-0.010986,0.0,0.008373,-0.010986,0.0,0.000226,0.000343,0.013953,,,,0.000226,0.000343,0.013953
46.1989,0.008373,-0.010986,0.008373,-0.010986,0.0,0.008373,-0.010986,0.0,0.008373,-0.010986,0.0,0.000226,0.000343,0.013953,,,,0.000226,0.000343,0.013953
46.3984,0.008373,-0.010986,0.008373,-0.010986,0.0,0.008373,-0.010986,0.0,0.008373,-0.010986,0.0,0.000226,0.000343,0.013953,,,,0.000226,0.000343,0.013953
46.5982,0.008373,-0.010986,0.008373,-0.010986,0.0,0.008373,-0.010986,0.0,0.008373,-0.010986,0.0,0.000226,0.000343,0.013953,,,,0.000226,0.000343,0.013953
46.9551,0.008373,-0.010986,0.008373,-0.010986,0.0,0.008373,-0.010986,0.0,0.008373,-0.010986,0.0,0.000226,0.000343,0.013953,,,,0.000226,0.000343,0.013953
46.9987,0.008373,-0.010986,0.008373,-0.010986,0.0,0.008373,-0.010986,0.0,0.008373,-0.010986,0.0,0.000226,0.000343,0.013953,,,,0.000226,0.000343,0.013953
47.1982,0.008373,-0.010986,0.008373,-0.010986,0.0,0.008373,-0.010986,0.0,0.008373,-0.010986,0.0,0.000226,0.000343,0.013953,,,,0.000226,0.000343,0.013953
47.4108,0.008373,-0.010986,0.008373,-0.010986,0.0,0.008373,-0.010986,0.0,0.008373,-0.010986,0.0,0.000226,0.000343,0.013953,,,,0.000226,0.000343,0.013953
47.6036,0.008373,-0.010986,0.008373,-0.010986,0.0,0.008373,-0.010986,0.0,0.008373,-0.010986,0.0,0.000226,0.000343,0.013953,,,,0.000226,0.000343,0.013953
48.0868,0.008373,-0.010986,0.008373,-0.010986,0.0,0.008373,-0.010986,0.0,0.008373,-0.010986,0.0,0.000226,0.000343,0.013953,,,,0.000226,0.000343,0.013953
48.2635,0.008373,-0.010986,0.008373,-0.010986,0.0,0.008373,-0.010986,0.0,0.008373,-0.010986,0.0,0.000226,0.000343,0.013953,,,,0.000226,0.000343,0.013953
48.4149,0.0084,-0.010986,0.008373,-0.010986,2.8e-05,0.008373,-0.010986,2.8e-05,0.008373,-0.010986,2.8e-05,0.000226,0.000343,0.013969,,,,0.000226,0.000343,0.01397
48.5988,0.008525,-0.010986,0.008373,-0.010986,0.000153,0.008373,-0.010986,0.000153,0.008373,-0.010986,0.000153,0.000226,0.000343,0.014043,,,,0.000226,0.000343,0.014043
48.8074,0.008603,-0.010986,0.008373,-0.010986,0.000231,0.008373,-0.010986,0.000231,0.008373,-0.010986,0.000231,0.000226,0.000343,0.014089,,,,0.000226,0.000343,0.014089
48.9983,0.008699,-0.010986,0.008373,-0.010986,0.000326,0.008843,-0.010986,0.000144,0.009313,-0.010986,0.000614,0.000226,0.000343,0.014146,,,,0.000696,0.000343,0.01387
49.2149,0.009082,-0.010986,0.008373,-0.010986,0.000709,0.008843,-0.010986,0.000239,0.009313,-0.010986,0.000231,0.000226,0.000343,0.014379,,,,0.000696,0.000343,0.014095
49.4031,0.009609,-0.010986,0.008373,-0.010986,0.001236,0.008843,-0.010986,0.000766,0.009313,-0.010986,0.000296,0.000226,0.000343,0.01471,,,,0.001566,0.000343,0.013894
49.599,0.009927,-0.010987,0.008373,-0.010986,0.001554,0.008843,-0.010986,0.001084,0.009313,-0.010986,0.000614,0.000226,0.000343,0.014915,,,,0.001566,0.000343,0.01408
49.8126,0.010219,-0.010987,0.008373,-0.010986,0.001846,0.008843,-0.010986,0.001376,0.009313,-0.010986,0.000906,0.000226,0.000343,0.015107,,,,0.001566,0.000343,0.014257
49.9991,0.011887,-0.010992,0.008373,-0.010986,0.003514,0.009713,-0.010986,0.002174,0.010183,-0.010987,0.001704,0.000226,0.000343,0.016261,,,,0.001566,0.000343,0.015329
50.1987,0.013978,-0.011,0.008373,-0.010986,0.005606,0.010983,-0.010988,0.002996,0.011453,-0.010989,0.002526,0.000226,0.000343,0.017826,,,,0.004906,0.000339,0.014522
50.414,0.01486,-0.011004,0.008373,-0.010986,0.006487,0.015123,-0.010999,0.000263,0.015593,-0.011003,0.000733,0.000226,0.000343,0.018517,,,,0.006976,0.000333,0.013809
50.625,0.015805,-0.011009,0.008373,-0.010986,0.007433,0.015123,-0.010999,0.000683,0.015593,-0.011003,0.000213,0.000226,0.000343,0.019276,,,,0.006976,0.000333,0.014374
51.1572,0.016302,-0.011012,0.008373,-0.010986,0.007929,0.015123,-0.010999,0.001179,0.015593,-0.011003,0.000709,0.000226,0.000343,0.019682,,,,0.006976,0.000333,0.014686
51.201,0.019321,-0.011033,0.008373,-0.010986,0.010949,0.015123,-0.010999,0.004199,0.015593,-0.011003,0.003729,0.000226,0.000343,0.022227,,,,0.009446,0.000321,0.015048
51.3982,0.019922,-0.011038,0.008373,-0.010986,0.01155,0.017593,-0.011013,0.00233,0.018063,-0.011018,0.00186,0.000226,0.000343,0.022748,,,,0.009446,0.000321,0.015452
51.6106,0.022319,-0.01106,0.008373,-0.010986,0.013946,0.017593,-0.011013,0.004726,0.018063,-0.011018,0.004256,0.000226,0.000343,0.024861,,,,0.009446,0.000321,0.017182
52.0778,0.022319,-0.01106,0.008373,-0.010986,0.013946,0.017593,-0.011013,0.004726,0.018063,-0.011018,0.004256,0.000226,0.000343,0.024861,,,,0.009446,0.000321,0.017182
52.1984,0.031718,-0.011171,0.008373,-0.010986,0.023346,0.031872,-0.01115,0.000156,0.032342,-0.011163,0.000624,0.000226,0.000343,0.03353,,,,0.007168,0.00034,0.027114
52.3982,0.032152,-0.011177,0.008373,-0.010986,0.02378,0.031872,-0.01115,0.000282,0.032342,-0.011163,0.00019,0.000226,0.000343,0.033941,,,,0.007168,0.00034,0.027511
52.6086,0.034614,-0.011213,0.008373,-0.010986,0.026243,0.031872,-0.01115,0.002743,0.032342,-0.011163,0.002273,0.000226,0.000343,0.036278,,,,0.016108,0.000313,0.021803
52.836,0.034614,-0.011213,0.008373,-0.010986,0.026243,0.036341,-0.011215,0.001727,0.036811,-0.011231,0.002197,0.000226,0.000343,0.036278,,,,0.016108,0.000313,0.021803
53.0017,0.03672,-0.011246,0.008373,-0.010986,0.028348,0.036341,-0.011215,0.00038,0.036811,-0.011231,9.3e-05,0.000226,0.000343,0.038289,,,,0.016108,0.000313,0.023632
53.1982,0.039653,-0.011296,0.008373,-0.010986,0.031282,0.036341,-0.011215,0.003312,0.036811,-0.011231,0.002842,0.000226,0.000343,0.041108,,,,0.020978,0.00028,0.021972
53.4,0.043256,-0.011362,0.008373,-0.010986,0.034885,0.036341,-0.011215,0.006916,0.036811,-0.011231,0.006446,0.000226,0.000343,0.044593,,,,0.020978,0.00028,0.025136
53.6006,0.049027,-0.011477,0.008373,-0.010986,0.040658,0.04688,-0.011389,0.002149,0.04735,-0.011411,0.001679,0.000226,0.000343,0.050212,,,,0.026248,0.000233,0.025613
53.9765,0.049027,-0.011477,0.008373,-0.010986,0.040658,0.04688,-0.011389,0.002149,0.04735,-0.011411,0.001679,0.000226,0.000343,0.050212,,,,0.026248,0.000233,0.025613
54.0017,0.057723,-0.011673,0.008373,-0.010986,0.049355,0.052549,-0.011506,0.005177,0.053019,-0.01153,0.004707,0.000226,0.000343,0.058739,,,,0.031917,0.00017,0.028394
54.2036,0.057723,-0.011673,0.008373,-0.010986,0.049355,0.052549,-0.011506,0.005177,0.053019,-0.01153,0.004707,0.000226,0.000343,0.058739,,,,0.031917,0.00017,0.028394
54.3984,0.061241,-0.011759,0.008373,-0.010986,0.052874,0.065486,-0.011797,0.004244,0.059087,-0.011671,0.002156,0.000226,0.000343,0.062204,,,,0.044856,2e-06,0.020169
54.6035,0.062881,-0.011801,0.008373,-0.010986,0.054514,0.065486,-0.011797,0.002605,0.059087,-0.011671,0.003796,0.000226,0.000343,0.06382,,,,0.044856,2e-06,0.021545
54.942,0.062881,-0.011801,0.008373,-0.010986,0.054514,0.065486,-0.011797,0.002605,0.059087,-0.011671,0.003796,0.000226,0.000343,0.06382,,,,0.044856,2e-06,0.021545
54.9986,0.068989,-0.011964,0.008373,-0.010986,0.060624,0.065486,-0.011797,0.003507,0.065555,-0.011834,0.003437,0.000226,0.000343,0.069855,,,,0.044856,2e-06,0.026936
55.2022,0.072522,-0.012063,0.008373,-0.010986,0.064158,0.065486,-0.011797,0.007041,0.065555,-0.011834,0.006971,0.000226,0.000343,0.073352,,,,0.044856,2e-06,0.030182
55.3988,0.082175,-0.012353,0.008373,-0.010986,0.073815,0.072353,-0.011982,0.009829,0.072422,-0.012022,0.009758,0.000226,0.000343,0.082926,,,,0.051725,-0.000118,0.032816
55.6026,0.082175,-0.012353,0.008373,-0.010986,0.073815,0.072353,-0.011982,0.009829,0.072422,-0.012022,0.009758,0.000226,0.000343,0.082926,,,,0.051725,-0.000118,0.032816
55.956,0.082175,-0.012353,0.008373,-0.010986,0.073815,0.072353,-0.011982,0.009829,0.072422,-0.012022,0.009758,0.000226,0.000343,0.082926,,,,0.051725,-0.000118,0.032816
55.9981,0.095294,-0.012788,0.008373,-0.010986,0.08694,0.087687,-0.012427,0.007616,0.095735,-0.012743,0.000443,0.000226,0.000343,0.09597,,,,0.067062,-0.000417,0.030823
56.2006,0.10019,-0.012963,0.008373,-0.010986,0.091839,0.087687,-0.012427,0.012515,0.095735,-0.012743,0.004461,0.000226,0.000343,0.100845,,,,0.067062,-0.000417,0.035424
56.4203,0.10019,-0.012963,0.008373,-0.010986,0.091839,0.10401,-0.01297,0.00382,0.103895,-0.013038,0.003706,0.000226,0.000343,0.100845,,,,0.08339,-0.000804,0.020739
56.5991,0.103099,-0.01307,0.008373,-0.010986,0.094749,0.10401,-0.01297,0.000916,0.103895,-0.013038,0.000797,0.000226,0.000343,0.103744,,,,0.08339,-0.000804,0.023214
56.8107,0.1082,-0.013262,0.008373,-0.010986,0.099853,0.112531,-0.013289,0.004331,0.112416,-0.013363,0.004218,0.000226,0.000343,0.108828,,,,0.091914,-0.001042,0.020361
57.0116,0.1082,-0.013262,0.008373,-0.010986,0.099853,0.112531,-0.013289,0.004331,0.112416,-0.013363,0.004218,0.000226,0.000343,0.108828,,,,0.091914,-0.001042,0.020361
57.21,0.109064,-0.013296,0.008373,-0.010986,0.100718,0.112531,-0.013289,0.003467,0.112416,-0.013363,0.003353,0.000226,0.000343,0.109689,,,,0.091914,-0.001042,0.021078
57.4088,0.119715,-0.013722,0.008373,-0.010986,0.111376,0.112531,-0.013289,0.007198,0.112416,-0.013363,0.007308,0.000226,0.000343,0.120314,,,,0.100829,-0.001312,0.022599
57.6062,0.126454,-0.014007,0.008373,-0.010986,0.11812,0.121444,-0.013643,0.005024,0.121329,-0.013724,0.005133,0.000226,0.000343,0.127041,,,,0.100829,-0.001312,0.028598
57.8093,0.126454,-0.014007,0.008373,-0.010986,0.11812,0.121444,-0.013643,0.005024,0.121329,-0.013724,0.005133,0.000226,0.000343,0.127041,,,,0.100829,-0.001312,0.028598
58.0024,0.141278,-0.014674,0.008373,-0.010986,0.132957,0.139375,-0.014397,0.001924,0.130294,-0.014108,0.010999,0.000226,0.000343,0.141849,,,,0.118767,-0.001895,0.025885
58.1982,0.143973,-0.014801,0.008373,-0.010986,0.135654,0.139375,-0.014397,0.004616,0.148223,-0.014916,0.004251,0.000226,0.000343,0.144543,,,,0.118767,-0.001895,0.028318
58.4088,0.148959,-0.015041,0.008373,-0.010986,0.140644,0.139375,-0.014397,0.009605,0.148223,-0.014916,0.000746,0.000226,0.000343,0.149526,,,,0.118767,-0.001895,0.032929
58.6059,0.153126,-0.015245,0.008373,-0.010986,0.144816,0.139375,-0.014397,0.013778,0.148223,-0.014916,0.004915,0.000226,0.000343,0.153693,,,,0.118767,-0.001895,0.036862
58.9195,0.153126,-0.015245,0.008373,-0.010986,0.144816,0.139375,-0.014397,0.013778,0.148223,-0.014916,0.004915,0.000226,0.000343,0.153693,,,,0.118767,-0.001895,0.036862
59.0008,0.160192,-0.015602,0.144763,-0.026938,0.019146,0.14492,-0.02685,0.018967,0.144917,-0.026851,0.01897,0.000226,0.000343,0.160759,,,,0.137281,-0.00258,0.026353
59.251,0.175704,-0.016424,0.144763,-0.026938,0.032678,0.14492,-0.02685,0.032501,0.144917,-0.026851,0.032504,0.000226,0.000343,0.176277,,,,0.137281,-0.00258,0.040841
59.419,0.183654,-0.016867,0.144763,-0.026938,0.040174,0.154285,-0.027361,0.031187,0.154282,-0.027362,0.03119,0.000226,0.000343,0.184234,,,,0.156023,-0.003354,0.030759
59.6031,0.183654,-0.016867,0.144763,-0.026938,0.040174,0.163618,-0.02789,0.022868,0.163615,-0.027891,0.022871,0.000226,0.000343,0.184234,,,,0.165361,-0.00378,0.022492
59.8004,0.187234,-0.017072,0.144763,-0.026938,0.043602,0.163618,-0.02789,0.025976,0.163615,-0.027891,0.025979,0.000226,0.000343,0.187817,,,,0.165361,-0.00378,0.025594
60.0188,0.190716,-0.017275,0.144763,-0.026938,0.046958,0.172299,-0.028402,0.021518,0.172296,-0.028403,0.021521,0.000226,0.000343,0.191303,,,,0.174047,-0.004196,0.021187
60.2039,0.192402,-0.017374,0.144763,-0.026938,0.048589,0.172299,-0.028402,0.022929,0.172296,-0.028403,0.022932,0.000226,0.000343,0.192991,,,,0.174047,-0.004196,0.022595
60.3991,0.198236,-0.017726,0.144763,-0.026938,0.05426,0.172299,-0.028402,0.028048,0.172296,-0.028403,0.028051,0.000226,0.000343,0.198832,,,,0.174047,-0.004196,0.027715
60.6048,0.198652,-0.017752,0.144763,-0.026938,0.054667,0.172299,-0.028402,0.028424,0.172296,-0.028403,0.028427,0.000226,0.000343,0.199249,,,,0.174047,-0.004196,0.028092
60.8406,0.199486,-0.017803,0.144763,-0.026938,0.05548,0.18061,-0.028916,0.021904,0.180607,-0.028917,0.021908,0.000226,0.000343,0.200084,,,,0.174047,-0.004196,0.028849
60.9986,0.21176,-0.018589,0.144763,-0.026938,0.067515,0.188462,-0.029421,0.025693,0.188459,-0.029423,0.025696,0.000226,0.000343,0.212379,,,,0.189765,-0.004994,0.025857
61.2032,0.217611,-0.018986,0.144763,-0.026938,0.073281,0.196255,-0.029949,0.024006,0.196252,-0.02995,0.02401,0.000226,0.000343,0.218243,,,,0.197562,-0.00544,0.024196
61.3983,0.224095,-0.019442,0.144763,-0.026938,0.079686,0.203845,-0.030488,0.023067,0.203842,-0.030489,0.02307,0.000226,0.000343,0.224742,,,,0.197562,-0.00544,0.030001
61.6009,0.224095,-0.019442,0.144763,-0.026938,0.079686,0.203845,-0.030488,0.023067,0.203842,-0.030489,0.02307,0.000226,0.000343,0.224742,,,,0.197562,-0.00544,0.030001
62.1102,0.224095,-0.019442,0.144763,-0.026938,0.079686,0.203845,-0.030488,0.023067,0.203842,-0.030489,0.02307,0.000226,0.000343,0.224742,,,,0.197562,-0.00544,0.030001
62.2002,0.23161,-0.019993,0.144763,-0.026938,0.087124,0.203845,-0.030488,0.029682,0.210991,-0.031018,0.023382,0.000226,0.000343,0.232276,,,,0.211872,-0.006308,0.024018
62.4017,0.235714,-0.020306,0.144763,-0.026938,0.091192,0.203845,-0.030488,0.033455,0.210991,-0.031018,0.026944,0.000226,0.000343,0.236391,,,,0.211872,-0.006308,0.027647
62.5981,0.236056,-0.020332,0.144763,-0.026938,0.091531,0.203845,-0.030488,0.033773,0.210991,-0.031018,0.027247,0.000226,0.000343,0.236734,,,,0.211872,-0.006308,0.027955
62.9002,0.236056,-0.020332,0.144763,-0.026938,0.091531,0.203845,-0.030488,0.033773,0.210991,-0.031018,0.027247,0.000226,0.000343,0.236734,,,,0.211872,-0.006308,0.027955
63.0108,0.246468,-0.021164,0.144763,-0.026938,0.101869,0.22432,-0.03205,0.024678,0.224461,-0.032084,0.024567,0.000226,0.000343,0.247179,,,,0.225208,-0.007209,0.025431
63.2049,0.250481,-0.021499,0.144763,-0.026938,0.105858,0.23098,-0.032609,0.022444,0.231121,-0.032644,0.022339,0.000226,0.000343,0.251206,,,,0.231873,-0.007703,0.023165
63.4025,0.25799,-0.022146,0.144763,-0.026938,0.113329,0.23098,-0.032609,0.028966,0.231121,-0.032644,0.028847,0.000226,0.000343,0.258743,,,,0.238306,-0.0082,0.024124
63.6008,0.25799,-0.022146,0.144763,-0.026938,0.113329,0.237408,-0.033169,0.023348,0.231121,-0.032644,0.028847,0.000226,0.000343,0.258743,,,,0.238306,-0.0082,0.024124
63.8353,0.25799,-0.022146,0.144763,-0.026938,0.113329,0.237408,-0.033169,0.023348,0.231121,-0.032644,0.028847,0.000226,0.000343,0.258743,,,,0.238306,-0.0082,0.024124
63.999,0.262156,-0.022518,0.144763,-0.026938,0.117476,0.243786,-0.033746,0.021529,0.243881,-0.033758,0.021455,0.000226,0.000343,0.262925,,,,0.24469,-0.008714,0.022262
64.2093,0.267417,-0.023,0.144763,-0.026938,0.122717,0.243786,-0.033746,0.025959,0.243881,-0.033758,0.025878,0.000226,0.000343,0.268209,,,,0.24469,-0.008714,0.026845
64.4085,0.268029,-0.023057,0.144763,-0.026938,0.123327,0.243786,-0.033746,0.026495,0.243881,-0.033758,0.026413,0.000226,0.000343,0.268824,,,,0.24469,-0.008714,0.027395
64.5982,0.2711,-0.023346,0.24591,-0.039871,0.030127,0.245956,-0.039565,0.029922,0.249976,-0.034331,0.02381,0.000226,0.000343,0.271908,,,,0.25079,-0.009225,0.024737
64.9607,0.2711,-0.023346,0.24591,-0.039871,0.030127,0.245956,-0.039565,0.029922,0.249976,-0.034331,0.02381,0.000226,0.000343,0.271908,,,,0.25079,-0.009225,0.024737
64.9985,0.281728,-0.024381,0.24591,-0.039871,0.039024,0.252204,-0.040156,0.033475,0.246183,-0.039722,0.038714,0.000226,0.000343,0.282585,,,,0.257042,-0.009768,0.028687
65.201,0.286505,-0.024864,0.24591,-0.039871,0.04328,0.252204,-0.040156,0.037556,0.246183,-0.039722,0.042972,0.000226,0.000343,0.287386,,,,0.257042,-0.009768,0.033105
65.4005,0.288576,-0.025077,0.24591,-0.039871,0.045158,0.258386,-0.040761,0.03402,0.257974,-0.040839,0.034423,0.000226,0.000343,0.289468,,,,0.263229,-0.010325,0.029327
65.6072,0.290945,-0.025323,0.24591,-0.039871,0.047326,0.258386,-0.040761,0.036033,0.257974,-0.040839,0.036439,0.000226,0.000343,0.291849,,,,0.263229,-0.010325,0.031513
65.8013,0.292722,-0.02551,0.24591,-0.039871,0.048965,0.270185,-0.041949,0.027895,0.263873,-0.041434,0.032951,0.000226,0.000343,0.293636,,,,0.275037,-0.011423,0.02261
66.0031,0.292722,-0.02551,0.24591,-0.039871,0.048965,0.270185,-0.041949,0.027895,0.263873,-0.041434,0.032951,0.000226,0.000343,0.293636,,,,0.275037,-0.011423,0.02261
66.1985,0.297418,-0.026011,0.24591,-0.039871,0.053341,0.270185,-0.041949,0.031554,0.263873,-0.041434,0.036921,0.000226,0.000343,0.298358,,,,0.275037,-0.011423,0.026716
66.3984,0.307703,-0.027144,0.24591,-0.039871,0.06309,0.28189,-0.043214,0.030407,0.275581,-0.042665,0.035675,0.000226,0.000343,0.308703,,,,0.280888,-0.012001,0.030795
66.5988,0.307703,-0.027144,0.24591,-0.039871,0.06309,0.28189,-0.043214,0.030407,0.275581,-0.042665,0.035675,0.000226,0.000343,0.308703,,,,0.280888,-0.012001,0.030795
66.8049,0.3112,-0.027541,0.24591,-0.039871,0.066444,0.287684,-0.043864,0.028626,0.281378,-0.043298,0.033729,0.000226,0.000343,0.312221,,,,0.29249,-0.01318,0.023585
67.0268,0.312364,-0.027674,0.24591,-0.039871,0.067564,0.287684,-0.043864,0.029516,0.281378,-0.043298,0.034702,0.000226,0.000343,0.313392,,,,0.29249,-0.01318,0.024597
67.2011,0.317511,-0.028272,0.24591,-0.039871,0.072535,0.293357,-0.044517,0.029109,0.281378,-0.043298,0.039134,0.000226,0.000343,0.318573,,,,0.29249,-0.01318,0.02922
67.4225,0.317511,-0.028272,0.24591,-0.039871,0.072535,0.293357,-0.044517,0.029109,0.281378,-0.043298,0.039134,0.000226,0.000343,0.318573,,,,0.29249,-0.01318,0.02922
67.6056,0.321948,-0.028797,0.24591,-0.039871,0.07684,0.293357,-0.044517,0.032627,0.281378,-0.043298,0.043084,0.000226,0.000343,0.323038,,,,0.29249,-0.01318,0.033341
67.9076,0.322502,-0.028864,0.24591,-0.039871,0.077379,0.293357,-0.044517,0.033082,0.281378,-0.043298,0.043584,0.000226,0.000343,0.323597,,,,0.298168,-0.013789,0.028624
67.9995,0.322502,-0.028864,0.24591,-0.039871,0.077379,0.293357,-0.044517,0.033082,0.287053,-0.043935,0.03852,0.000226,0.000343,0.323597,,,,0.298168,-0.013789,0.028624
68.2037,0.325868,-0.029269,0.24591,-0.039871,0.080658,0.293357,-0.044517,0.035908,0.287053,-0.043935,0.041493,0.000226,0.000343,0.326985,,,,0.298168,-0.013789,0.031731
68.4025,0.325868,-0.029269,0.24591,-0.039871,0.080658,0.293357,-0.044517,0.035908,0.287053,-0.043935,0.041493,0.000226,0.000343,0.326985,,,,0.298168,-0.013789,0.031731
68.6034,0.329526,-0.029716,0.24591,-0.039871,0.08423,0.298879,-0.045167,0.034321,0.292576,-0.044569,0.039823,0.000226,0.000343,0.330668,,,,0.309394,-0.015025,0.024922
68.9048,0.329807,-0.029751,0.24591,-0.039871,0.084505,0.298879,-0.045167,0.034557,0.292576,-0.044569,0.040071,0.000226,0.000343,0.330952,,,,0.309394,-0.015025,0.02517
69.0093,0.335995,-0.030522,0.24591,-0.039871,0.090569,0.310091,-0.046519,0.030445,0.303792,-0.045889,0.035682,0.000226,0.000343,0.337185,,,,0.315004,-0.015671,0.025714
69.2031,0.344046,-0.031551,0.24591,-0.039871,0.098488,0.31562,-0.047214,0.032455,0.309323,-0.046568,0.037831,0.000226,0.000343,0.345296,,,,0.320538,-0.016322,0.028009
69.4071,0.344046,-0.031551,0.24591,-0.039871,0.098488,0.31562,-0.047214,0.032455,0.314853,-0.047261,0.033152,0.000226,0.000343,0.345296,,,,0.320538,-0.016322,0.028009
69.6035,0.344046,-0.031551,0.24591,-0.039871,0.098488,0.31562,-0.047214,0.032455,0.314853,-0.047261,0.033152,0.000226,0.000343,0.345296,,,,0.320538,-0.016322,0.028009
69.8078,0.344046,-0.031551,0.24591,-0.039871,0.098488,0.31562,-0.047214,0.032455,0.314853,-0.047261,0.033152,0.000226,0.000343,0.345296,,,,0.320538,-0.016322,0.028009
69.9984,0.350529,-0.0324,0.24591,-0.039871,0.104886,0.321148,-0.047923,0.03323,0.314853,-0.047261,0.038648,0.000226,0.000343,0.35183,,,,0.326071,-0.016988,0.02891
70.203,0.350529,-0.0324,0.24591,-0.039871,0.104886,0.321148,-0.047923,0.03323,0.314853,-0.047261,0.038648,0.000226,0.000343,0.35183,,,,0.326071,-0.016988,0.02891
70.4117,0.350529,-0.0324,0.24591,-0.039871,0.104886,0.321148,-0.047923,0.03323,0.314853,-0.047261,0.038648,0.000226,0.000343,0.35183,,,,0.326071,-0.016988,0.02891
70.5996,0.350814,-0.032438,0.24591,-0.039871,0.105167,0.321148,-0.047923,0.033464,0.314853,-0.047261,0.038896,0.000226,0.000343,0.352117,,,,0.326071,-0.016988,0.02917
70.9864,0.350814,-0.032438,0.24591,-0.039871,0.105167,0.321148,-0.047923,0.033464,0.314853,-0.047261,0.038896,0.000226,0.000343,0.352117,,,,0.326071,-0.016988,0.02917
71.0049,0.352727,-0.032692,0.24591,-0.039871,0.107058,0.321148,-0.047923,0.03506,0.314853,-0.047261,0.04058,0.000226,0.000343,0.354045,,,,0.326071,-0.016988,0.030938
71.2195,0.354366,-0.032911,0.24591,-0.039871,0.108679,0.321148,-0.047923,0.036453,0.314853,-0.047261,0.042039,0.000226,0.000343,0.355698,,,,0.326071,-0.016988,0.032468
71.413,0.357967,-0.033395,0.24591,-0.039871,0.112244,0.332043,-0.049347,0.030438,0.320522,-0.047986,0.040187,0.000226,0.000343,0.359328,,,,0.331743,-0.017684,0.03057
71.6069,0.362034,-0.033945,0.24591,-0.039871,0.116275,0.336324,-0.049925,0.030271,0.329089,-0.049101,0.036264,0.181588,-0.004118,0.182895,,,,0.181623,-0.00412,0.18286
71.8203,0.362248,-0.033974,0.24591,-0.039871,0.116487,0.336324,-0.049925,0.030438,0.329089,-0.049101,0.036446,0.181588,-0.004118,0.18311,,,,0.181623,-0.00412,0.183075
72.0113,0.365918,-0.03446,0.24591,-0.039871,0.12013,0.340598,-0.050503,0.029974,0.329089,-0.049101,0.039633,0.181588,-0.004118,0.186811,,,,0.181623,-0.00412,0.186776
72.2006,0.368672,-0.034833,0.24591,-0.039871,0.122865,0.340598,-0.050503,0.03215,0.329089,-0.049101,0.042076,0.181588,-0.004118,0.189588,,,,0.181623,-0.00412,0.189554
72.4136,0.368883,-0.034862,0.24591,-0.039871,0.123075,0.344824,-0.051074,0.029011,0.337547,-0.050201,0.034889,0.181588,-0.004118,0.189802,,,,0.190136,-0.004635,0.181284
72.6072,0.369306,-0.034919,0.24591,-0.039871,0.123495,0.344824,-0.051074,0.029331,0.337547,-0.050201,0.035245,0.181588,-0.004118,0.190228,,,,0.190136,-0.004635,0.181711
73.1276,0.369306,-0.034919,0.24591,-0.039871,0.123495,0.344824,-0.051074,0.029331,0.337547,-0.050201,0.035245,0.181588,-0.004118,0.190228,,,,0.190136,-0.004635,0.181711
73.2026,0.373366,-0.035467,0.24591,-0.039871,0.127533,0.348205,-0.051533,0.029853,0.340929,-0.050643,0.035812,0.181588,-0.004118,0.194324,,,,0.193541,-0.004843,0.182414
73.4075,0.374444,-0.035614,0.24591,-0.039871,0.128605,0.348205,-0.051533,0.030691,0.340929,-0.050643,0.036731,0.181588,-0.004118,0.195411,,,,0.193541,-0.004843,0.183501
73.5985,0.381274,-0.036541,0.339422,-0.038672,0.041907,0.351873,-0.052027,0.03323,0.339765,-0.039356,0.041605,0.181588,-0.004118,0.202301,,,,0.197236,-0.005064,0.186711
73.8671,0.381274,-0.036541,0.339422,-0.038672,0.041907,0.351873,-0.052027,0.03323,0.339765,-0.039356,0.041605,0.181588,-0.004118,0.202301,,,,0.197236,-0.005064,0.186711
74.0196,0.381274,-0.036541,0.339422,-0.038672,0.041907,0.351873,-0.052027,0.03323,0.339765,-0.039356,0.041605,0.181588,-0.004118,0.202301,,,,0.197236,-0.005064,0.186711
74.1984,0.381477,-0.036568,0.339422,-0.038672,0.042108,0.351873,-0.052027,0.033397,0.339765,-0.039356,0.041806,0.181588,-0.004118,0.202506,,,,0.197236,-0.005064,0.186915
74.3997,0.385882,-0.037168,0.339422,-0.038672,0.046484,0.339866,-0.039395,0.046069,0.339765,-0.039356,0.046169,0.181588,-0.004118,0.20695,,,,0.2057,-0.005579,0.18293
74.5987,0.388184,-0.037482,0.339422,-0.038672,0.048777,0.339866,-0.039395,0.048356,0.339765,-0.039356,0.048456,0.181588,-0.004118,0.209273,,,,0.2057,-0.005579,0.185252
74.808,0.388184,-0.037482,0.339422,-0.038672,0.048777,0.339866,-0.039395,0.048356,0.339765,-0.039356,0.048456,0.181588,-0.004118,0.209273,,,,0.2057,-0.005579,0.185252
75.0097,0.388184,-0.037482,0.339422,-0.038672,0.048777,0.339866,-0.039395,0.048356,0.339765,-0.039356,0.048456,0.181588,-0.004118,0.209273,,,,0.2057,-0.005579,0.185252
75.2,0.388394,-0.037511,0.339422,-0.038672,0.048986,0.344063,-0.040001,0.044401,0.339765,-0.039356,0.048664,0.181588,-0.004118,0.209484,,,,0.2057,-0.005579,0.185464
75.404,0.389231,-0.037625,0.339422,-0.038672,0.04982,0.344063,-0.040001,0.045231,0.343961,-0.039962,0.04533,0.181588,-0.004118,0.210329,,,,0.2057,-0.005579,0.186308
75.6001,0.389231,-0.037625,0.339422,-0.038672,0.04982,0.344063,-0.040001,0.045231,0.343961,-0.039962,0.04533,0.181588,-0.004118,0.210329,,,,0.2057,-0.005579,0.186308
75.835,0.389231,-0.037625,0.339422,-0.038672,0.04982,0.344063,-0.040001,0.045231,0.343961,-0.039962,0.04533,0.181588,-0.004118,0.210329,,,,0.2057,-0.005579,0.186308
76.0117,0.392717,-0.038102,0.339422,-0.038672,0.053298,0.352875,-0.041275,0.039968,0.352774,-0.041235,0.040066,0.181588,-0.004118,0.213847,,,,0.214588,-0.006119,0.180978
76.1996,0.392717,-0.038102,0.339422,-0.038672,0.053298,0.352875,-0.041275,0.039968,0.352774,-0.041235,0.040066,0.181588,-0.004118,0.213847,,,,0.214588,-0.006119,0.180978
76.3984,0.392717,-0.038102,0.339422,-0.038672,0.053298,0.352875,-0.041275,0.039968,0.352774,-0.041235,0.040066,0.181588,-0.004118,0.213847,,,,0.214588,-0.006119,0.180978
76.6046,0.392717,-0.038102,0.339422,-0.038672,0.053298,0.352875,-0.041275,0.039968,0.352774,-0.041235,0.040066,0.181588,-0.004118,0.213847,,,,0.214588,-0.006119,0.180978
77.0153,0.392717,-0.038102,0.339422,-0.038672,0.053298,0.352875,-0.041275,0.039968,0.352774,-0.041235,0.040066,0.181588,-0.004118,0.213847,,,,0.214588,-0.006119,0.180978
77.2088,0.394288,-0.038316,0.339422,-0.038672,0.054868,0.352875,-0.041275,0.041519,0.352774,-0.041235,0.041617,0.181588,-0.004118,0.215432,,,,0.214588,-0.006119,0.182562
77.4006,0.394288,-0.038316,0.339422,-0.038672,0.054868,0.352875,-0.041275,0.041519,0.352774,-0.041235,0.041617,0.181588,-0.004118,0.215432,,,,0.214588,-0.006119,0.182562
77.5984,0.396453,-0.038609,0.339422,-0.038672,0.057031,0.355297,-0.041629,0.041266,0.355196,-0.041588,0.041365,0.181588,-0.004118,0.217616,,,,0.217031,-0.006271,0.182313
77.8713,0.396453,-0.038609,0.339422,-0.038672,0.057031,0.355297,-0.041629,0.041266,0.355196,-0.041588,0.041365,0.181588,-0.004118,0.217616,,,,0.217031,-0.006271,0.182313
77.9989,0.398399,-0.038868,0.339422,-0.038672,0.058977,0.355297,-0.041629,0.04319,0.355196,-0.041588,0.043289,0.181588,-0.004118,0.219578,,,,0.217031,-0.006271,0.184274
78.2332,0.398399,-0.038868,0.339422,-0.038672,0.058977,0.355297,-0.041629,0.04319,0.355196,-0.041588,0.043289,0.181588,-0.004118,0.219578,,,,0.217031,-0.006271,0.184274
78.4101,0.399048,-0.038953,0.339422,-0.038672,0.059626,0.355297,-0.041629,0.043832,0.355196,-0.041588,0.043931,0.181588,-0.004118,0.220232,,,,0.217031,-0.006271,0.184928
78.6223,0.401352,-0.039244,0.339422,-0.038672,0.061932,0.357722,-0.041977,0.043715,0.35762,-0.041936,0.043814,0.181588,-0.004118,0.222553,,,,0.219476,-0.006417,0.184815
78.8304,0.401899,-0.039314,0.339422,-0.038672,0.06248,0.357722,-0.041977,0.044257,0.35762,-0.041936,0.044356,0.181588,-0.004118,0.223105,,,,0.219476,-0.006417,0.185366
79.0002,0.40293,-0.039448,0.339422,-0.038672,0.063513,0.357722,-0.041977,0.045279,0.35762,-0.041936,0.045378,0.181588,-0.004118,0.224144,,,,0.219476,-0.006417,0.186404
79.2019,0.404993,-0.039713,0.339422,-0.038672,0.065579,0.36292,-0.042711,0.04218,0.362818,-0.042669,0.042278,0.181588,-0.004118,0.226223,,,,0.224717,-0.006718,0.183271
79.4289,0.405766,-0.039811,0.339422,-0.038672,0.066354,0.365521,-0.043062,0.040377,0.362818,-0.042669,0.043043,0.181588,-0.004118,0.227002,,,,0.227338,-0.006853,0.181447
79.6077,0.405766,-0.039811,0.339422,-0.038672,0.066354,0.365521,-0.043062,0.040377,0.362818,-0.042669,0.043043,0.181588,-0.004118,0.227002,,,,0.227338,-0.006853,0.181447
79.9107,0.405766,-0.039811,0.339422,-0.038672,0.066354,0.365521,-0.043062,0.040377,0.362818,-0.042669,0.043043,0.181588,-0.004118,0.227002,,,,0.227338,-0.006853,0.181447
80.0012,0.406991,-0.039965,0.339422,-0.038672,0.067582,0.365521,-0.043062,0.041586,0.362818,-0.042669,0.044256,0.181588,-0.004118,0.228236,,,,0.227338,-0.006853,0.18268
80.2047,0.407113,-0.03998,0.339422,-0.038672,0.067704,0.365521,-0.043062,0.041706,0.362818,-0.042669,0.044376,0.181588,-0.004118,0.228358,,,,0.227338,-0.006853,0.182802
80.4099,0.408813,-0.040189,0.339422,-0.038672,0.069407,0.367977,-0.043387,0.040961,0.365419,-0.04302,0.043486,0.181588,-0.004118,0.23007,,,,0.229813,-0.006973,0.182056
80.5989,0.411023,-0.04044,0.339422,-0.038672,0.071623,0.370435,-0.043704,0.04072,0.367876,-0.043345,0.043245,0.181588,-0.004118,0.232293,,,,0.232288,-0.007085,0.181821
81.0943,0.411023,-0.04044,0.339422,-0.038672,0.071623,0.370435,-0.043704,0.04072,0.367876,-0.043345,0.043245,0.181588,-0.004118,0.232293,,,,0.232288,-0.007085,0.181821
81.2133,0.415563,-0.040964,0.339422,-0.038672,0.076176,0.373101,-0.044038,0.042573,0.373207,-0.044031,0.042467,0.181588,-0.004118,0.236859,,,,0.232288,-0.007085,0.186381
81.4008,0.415872,-0.041,0.339422,-0.038672,0.076486,0.373101,-0.044038,0.042878,0.373207,-0.044031,0.042772,0.181588,-0.004118,0.237169,,,,0.232288,-0.007085,0.186691
81.6066,0.418298,-0.041284,0.339422,-0.038672,0.07892,0.373101,-0.044038,0.045281,0.376271,-0.044415,0.042144,0.181588,-0.004118,0.23961,,,,0.238458,-0.007344,0.183015
81.8606,0.418621,-0.041326,0.339422,-0.038672,0.079244,0.373101,-0.044038,0.045601,0.376271,-0.044415,0.042463,0.181588,-0.004118,0.239936,,,,0.238458,-0.007344,0.18334
81.9993,0.420754,-0.041571,0.339422,-0.038672,0.081384,0.380024,-0.044895,0.040865,0.379733,-0.044842,0.041152,0.181588,-0.004118,0.242081,,,,0.241943,-0.007474,0.182033
82.2012,0.420939,-0.041592,0.339422,-0.038672,0.08157,0.380024,-0.044895,0.041048,0.379733,-0.044842,0.041335,0.181588,-0.004118,0.242267,,,,0.241943,-0.007474,0.182219
82.4107,0.422845,-0.041808,0.339422,-0.038672,0.083482,0.380024,-0.044895,0.042932,0.379733,-0.044842,0.043219,0.181588,-0.004118,0.244184,,,,0.241943,-0.007474,0.184131
82.6016,0.426958,-0.04227,0.339422,-0.038672,0.08761,0.380024,-0.044895,0.047008,0.383592,-0.045313,0.043473,0.181588,-0.004118,0.248319,,,,0.245828,-0.007616,0.184415
82.8689,0.426958,-0.04227,0.339422,-0.038672,0.08761,0.380024,-0.044895,0.047008,0.383592,-0.045313,0.043473,0.181588,-0.004118,0.248319,,,,0.245828,-0.007616,0.184415
82.999,0.428049,-0.042392,0.339422,-0.038672,0.088705,0.388537,-0.04593,0.03967,0.387848,-0.045827,0.040347,0.181588,-0.004118,0.249415,,,,0.250113,-0.007767,0.181273
83.2114,0.430538,-0.042669,0.339422,-0.038672,0.091204,0.388537,-0.04593,0.042127,0.387848,-0.045827,0.042806,0.181588,-0.004118,0.251917,,,,0.250113,-0.007767,0.183769
83.3988,0.434374,-0.043096,0.339422,-0.038672,0.095055,0.388537,-0.04593,0.045925,0.387848,-0.045827,0.046605,0.181588,-0.004118,0.255773,,,,0.254798,-0.007928,0.182987
83.6009,0.435878,-0.043263,0.339422,-0.038672,0.096565,0.388537,-0.04593,0.047416,0.387848,-0.045827,0.048098,0.181588,-0.004118,0.257285,,,,0.254798,-0.007928,0.184495
83.8003,0.43794,-0.043491,0.339422,-0.038672,0.098635,0.393191,-0.046487,0.044849,0.392503,-0.046385,0.045529,0.181588,-0.004118,0.259358,,,,0.254798,-0.007928,0.186562
84.0013,0.440879,-0.043817,0.339422,-0.038672,0.101588,0.404089,-0.047787,0.037003,0.403401,-0.047687,0.037678,0.181588,-0.004118,0.262313,,,,0.265767,-0.008299,0.178677
84.1984,0.443939,-0.044156,0.339422,-0.038672,0.104661,0.404089,-0.047787,0.040015,0.403401,-0.047687,0.040692,0.181588,-0.004118,0.265389,,,,0.265767,-0.008299,0.181744
84.4253,0.443939,-0.044156,0.339422,-0.038672,0.104661,0.404089,-0.047787,0.040015,0.403401,-0.047687,0.040692,0.181588,-0.004118,0.265389,,,,0.265767,-0.008299,0.181744
84.5984,0.454471,-0.045325,0.339422,-0.038672,0.115242,0.416173,-0.049229,0.038496,0.415485,-0.049131,0.039172,0.181588,-0.004118,0.275977,,,,0.27793,-0.008711,0.180298
84.8731,0.454471,-0.045325,0.339422,-0.038672,0.115242,0.416173,-0.049229,0.038496,0.415485,-0.049131,0.039172,0.181588,-0.004118,0.275977,,,,0.27793,-0.008711,0.180298
84.9983,0.465008,-0.046499,0.339422,-0.038672,0.12583,0.422717,-0.05001,0.042437,0.415485,-0.049131,0.049593,0.181588,-0.004118,0.286571,,,,0.284516,-0.008934,0.18436
85.2014,0.466029,-0.046614,0.339422,-0.038672,0.126856,0.422717,-0.05001,0.043445,0.415485,-0.049131,0.050607,0.181588,-0.004118,0.287598,,,,0.284516,-0.008934,0.185382
85.4177,0.472912,-0.047387,0.339422,-0.038672,0.133775,0.436761,-0.051693,0.036407,0.436072,-0.051599,0.037081,0.181588,-0.004118,0.29452,,,,0.291354,-0.009169,0.185537
85.6047,0.472912,-0.047387,0.339422,-0.038672,0.133775,0.436761,-0.051693,0.036407,0.436072,-0.051599,0.037081,0.181588,-0.004118,0.29452,,,,0.291354,-0.009169,0.185537
85.9557,0.472912,-0.047387,0.339422,-0.038672,0.133775,0.436761,-0.051693,0.036407,0.436072,-0.051599,0.037081,0.181588,-0.004118,0.29452,,,,0.291354,-0.009169,0.185537
86.0029,0.476854,-0.047832,0.339422,-0.038672,0.137737,0.436761,-0.051693,0.040279,0.436072,-0.051599,0.040956,0.181588,-0.004118,0.298485,,,,0.291354,-0.009169,0.189486
86.2025,0.477219,-0.047874,0.339422,-0.038672,0.138104,0.436761,-0.051693,0.040638,0.436072,-0.051599,0.041315,0.181588,-0.004118,0.298851,,,,0.291354,-0.009169,0.189852
86.4013,0.483947,-0.048641,0.446521,-0.043022,0.037845,0.446568,-0.043216,0.037771,0.446556,-0.043199,0.037785,0.181588,-0.004118,0.30562,,,,0.298422,-0.009416,0.189626
86.6011,0.488955,-0.049218,0.446521,-0.043022,0.042883,0.454171,-0.044115,0.035156,0.446556,-0.043199,0.042823,0.181588,-0.004118,0.310658,,,,0.30589,-0.009684,0.187285
86.9696,0.488955,-0.049218,0.446521,-0.043022,0.042883,0.454171,-0.044115,0.035156,0.446556,-0.043199,0.042823,0.181588,-0.004118,0.310658,,,,0.30589,-0.009684,0.187285
87.0024,0.490635,-0.049412,0.446521,-0.043022,0.044574,0.454171,-0.044115,0.036847,0.446556,-0.043199,0.044515,0.181588,-0.004118,0.312349,,,,0.30589,-0.009684,0.188969
87.2054,0.49533,-0.049952,0.446521,-0.043022,0.049298,0.454171,-0.044115,0.041571,0.446556,-0.043199,0.049239,0.181588,-0.004118,0.317072,,,,0.30589,-0.009684,0.193672
87.3992,0.500682,-0.050558,0.446521,-0.043022,0.054682,0.460883,-0.044915,0.040197,0.459982,-0.044785,0.041107,0.181588,-0.004118,0.322456,,,,0.319399,-0.010187,0.185723
87.5982,0.500682,-0.050558,0.446521,-0.043022,0.054682,0.460883,-0.044915,0.040197,0.459982,-0.044785,0.041107,0.181588,-0.004118,0.322456,,,,0.319399,-0.010187,0.185723
87.8,0.508763,-0.051472,0.446521,-0.043022,0.062812,0.474386,-0.046513,0.034732,0.473488,-0.046355,0.035644,0.181588,-0.004118,0.330584,,,,0.332988,-0.010667,0.180449
87.9984,0.508763,-0.051472,0.446521,-0.043022,0.062812,0.474386,-0.046513,0.034732,0.473488,-0.046355,0.035644,0.181588,-0.004118,0.330584,,,,0.332988,-0.010667,0.180449
88.2025,0.509774,-0.051586,0.446521,-0.043022,0.06383,0.474386,-0.046513,0.03575,0.473488,-0.046355,0.036661,0.181588,-0.004118,0.331601,,,,0.332988,-0.010667,0.18146
88.3992,0.511064,-0.05173,0.446521,-0.043022,0.065127,0.474386,-0.046513,0.037046,0.473488,-0.046355,0.037958,0.181588,-0.004118,0.332898,,,,0.332988,-0.010667,0.182748
88.5994,0.519072,-0.052605,0.446521,-0.043022,0.073181,0.474386,-0.046513,0.045099,0.479924,-0.047086,0.039535,0.181588,-0.004118,0.340949,,,,0.339462,-0.010878,0.184393
88.8211,0.520664,-0.052775,0.446521,-0.043022,0.074781,0.474386,-0.046513,0.0467,0.479924,-0.047086,0.041135,0.181588,-0.004118,0.34255,,,,0.339462,-0.010878,0.185983
89.0303,0.521938,-0.05291,0.446521,-0.043022,0.076062,0.480821,-0.047257,0.041504,0.479924,-0.047086,0.042416,0.181588,-0.004118,0.34383,,,,0.345893,-0.011066,0.180949
89.2289,0.524152,-0.053142,0.446521,-0.043022,0.078287,0.480821,-0.047257,0.043729,0.479924,-0.047086,0.04464,0.181588,-0.004118,0.346054,,,,0.345893,-0.011066,0.183157
89.4272,0.52541,-0.053272,0.446521,-0.043022,0.079552,0.480821,-0.047257,0.044994,0.479924,-0.047086,0.045905,0.181588,-0.004118,0.347318,,,,0.345893,-0.011066,0.184412
89.6241,0.531419,-0.053876,0.446521,-0.043022,0.085589,0.493486,-0.048677,0.038288,0.48632,-0.04779,0.045509,0.181588,-0.004118,0.353352,,,,0.345893,-0.011066,0.190401
89.8054,0.531419,-0.053876,0.446521,-0.043022,0.085589,0.493486,-0.048677,0.038288,0.48632,-0.04779,0.045509,0.181588,-0.004118,0.353352,,,,0.345893,-0.011066,0.190401
90.0142,0.532388,-0.053971,0.446521,-0.043022,0.086562,0.493486,-0.048677,0.03926,0.48632,-0.04779,0.046481,0.181588,-0.004118,0.354325,,,,0.345893,-0.011066,0.191366
90.2774,0.534972,-0.054221,0.446521,-0.043022,0.089156,0.493486,-0.048677,0.041854,0.499311,-0.049175,0.036016,0.181588,-0.004118,0.356918,,,,0.358954,-0.011404,0.18115
90.4262,0.538848,-0.054585,0.446521,-0.043022,0.093048,0.499985,-0.049339,0.039215,0.499311,-0.049175,0.039905,0.181588,-0.004118,0.360807,,,,0.358954,-0.011404,0.185004
90.5983,0.541433,-0.054822,0.446521,-0.043022,0.095642,0.499985,-0.049339,0.041809,0.499311,-0.049175,0.042499,0.181588,-0.004118,0.3634,,,,0.358954,-0.011404,0.187573
90.8009,0.542402,-0.054909,0.446521,-0.043022,0.096615,0.499985,-0.049339,0.042781,0.499311,-0.049175,0.043471,0.181588,-0.004118,0.364372,,,,0.358954,-0.011404,0.188536
91.0082,0.543372,-0.054996,0.446521,-0.043022,0.097588,0.499985,-0.049339,0.043754,0.499311,-0.049175,0.044444,0.181588,-0.004118,0.365345,,,,0.358954,-0.011404,0.1895
91.21,0.546657,-0.055284,0.446521,-0.043022,0.100883,0.499985,-0.049339,0.047048,0.499311,-0.049175,0.047738,0.181588,-0.004118,0.368637,,,,0.358954,-0.011404,0.192763
91.4139,0.554339,-0.05592,0.446521,-0.043022,0.108586,0.513278,-0.050627,0.0414,0.512604,-0.050463,0.04209,0.181588,-0.004118,0.376334,,,,0.372308,-0.011619,0.187345
91.5994,0.555348,-0.056,0.446521,-0.043022,0.109598,0.513278,-0.050627,0.042411,0.512604,-0.050463,0.043101,0.181588,-0.004118,0.377344,,,,0.372308,-0.011619,0.188344
92.033,0.555348,-0.056,0.446521,-0.043022,0.109598,0.513278,-0.050627,0.042411,0.512604,-0.050463,0.043101,0.181588,-0.004118,0.377344,,,,0.372308,-0.011619,0.188344
92.2008,0.565439,-0.05675,0.446521,-0.043022,0.119707,0.526824,-0.05178,0.038933,0.519377,-0.051039,0.046415,0.181588,-0.004118,0.387443,,,,0.379105,-0.011649,0.191714
92.3991,0.566451,-0.05682,0.446521,-0.043022,0.120721,0.526824,-0.05178,0.039946,0.519377,-0.051039,0.047427,0.181588,-0.004118,0.388455,,,,0.379105,-0.011649,0.192714
92.6008,0.568156,-0.056937,0.446521,-0.043022,0.122428,0.526824,-0.05178,0.041652,0.526153,-0.051576,0.042344,0.181588,-0.004118,0.39016,,,,0.385903,-0.01164,0.187798
93.0402,0.569526,-0.057028,0.446521,-0.043022,0.1238,0.526824,-0.05178,0.043023,0.526153,-0.051576,0.043714,0.181588,-0.004118,0.39153,,,,0.385903,-0.01164,0.18915
93.2175,0.574323,-0.057335,0.446521,-0.043022,0.1286,0.540634,-0.052795,0.033993,0.539963,-0.05259,0.034686,0.181588,-0.004118,0.396324,,,,0.399749,-0.011542,0.18048
93.3984,0.576335,-0.057457,0.446521,-0.043022,0.130614,0.540634,-0.052795,0.036004,0.539963,-0.05259,0.036696,0.181588,-0.004118,0.398335,,,,0.399749,-0.011542,0.182458
93.5991,0.576335,-0.057457,0.446521,-0.043022,0.130614,0.540634,-0.052795,0.036004,0.539963,-0.05259,0.036696,0.181588,-0.004118,0.398335,,,,0.399749,-0.011542,0.182458
94.1361,0.576335,-0.057457,0.446521,-0.043022,0.130614,0.540634,-0.052795,0.036004,0.539963,-0.05259,0.036696,0.181588,-0.004118,0.398335,,,,0.399749,-0.011542,0.182458
94.201,0.576627,-0.057475,0.446521,-0.043022,0.130906,0.540634,-0.052795,0.036296,0.539963,-0.05259,0.036988,0.181588,-0.004118,0.398626,,,,0.399749,-0.011542,0.182745
94.4141,0.581334,-0.057748,0.550052,-0.064424,0.031987,0.540634,-0.052795,0.041,0.539963,-0.05259,0.041691,0.181588,-0.004118,0.403327,,,,0.399749,-0.011542,0.187371
94.5995,0.584519,-0.057925,0.550052,-0.064424,0.035075,0.549875,-0.064071,0.035185,0.549861,-0.064059,0.035196,0.181588,-0.004118,0.406508,,,,0.405354,-0.011431,0.1851
94.9923,0.584519,-0.057925,0.550052,-0.064424,0.035075,0.549875,-0.064071,0.035185,0.549861,-0.064059,0.035196,0.181588,-0.004118,0.406508,,,,0.405354,-0.011431,0.1851
95.0022,0.586,-0.058014,0.550052,-0.064424,0.036516,0.549875,-0.064071,0.03663,0.549861,-0.064059,0.036641,0.181588,-0.004118,0.407988,,,,0.405354,-0.011431,0.186556
95.2104,0.594551,-0.058474,0.550052,-0.064424,0.044896,0.555767,-0.064416,0.039237,0.555753,-0.064404,0.039249,0.181588,-0.004118,0.416525,,,,0.411254,-0.011292,0.189272
95.4286,0.595722,-0.058533,0.550052,-0.064424,0.046048,0.555767,-0.064416,0.040386,0.555753,-0.064404,0.040398,0.181588,-0.004118,0.417693,,,,0.411254,-0.011292,0.190421
95.6028,0.59894,-0.058695,0.550052,-0.064424,0.049223,0.561674,-0.064742,0.037753,0.567466,-0.065049,0.032109,0.181588,-0.004118,0.420905,,,,0.422981,-0.010977,0.182315
95.7982,0.600403,-0.058768,0.550052,-0.064424,0.050668,0.561674,-0.064742,0.039187,0.567466,-0.065049,0.03353,0.181588,-0.004118,0.422365,,,,0.422981,-0.010977,0.183746
96.0034,0.604549,-0.058976,0.550052,-0.064424,0.054769,0.573527,-0.065377,0.031676,0.573392,-0.065366,0.031805,0.181588,-0.004118,0.426504,,,,0.428913,-0.010808,0.182121
96.1992,0.604549,-0.058976,0.550052,-0.064424,0.054769,0.573527,-0.065377,0.031676,0.573392,-0.065366,0.031805,0.181588,-0.004118,0.426504,,,,0.428913,-0.010808,0.182121
96.3995,0.609556,-0.05922,0.550052,-0.064424,0.059731,0.573527,-0.065377,0.036551,0.573392,-0.065366,0.036682,0.181588,-0.004118,0.431501,,,,0.428913,-0.010808,0.187017
96.603,0.6131,-0.059378,0.550052,-0.064424,0.06325,0.573527,-0.065377,0.040025,0.573392,-0.065366,0.040156,0.432408,-0.032759,0.182642,,,,0.428913,-0.010808,0.190483
96.9375,0.6131,-0.059378,0.550052,-0.064424,0.06325,0.573527,-0.065377,0.040025,0.573392,-0.065366,0.040156,0.432408,-0.032759,0.182642,,,,0.428913,-0.010808,0.190483
96.9983,0.619476,-0.059636,0.550052,-0.064424,0.069589,0.58682,-0.066079,0.033286,0.586686,-0.066058,0.033413,0.432408,-0.032759,0.188989,,,,0.436995,-0.033258,0.184378
97.2084,0.619476,-0.059636,0.550052,-0.064424,0.069589,0.58682,-0.066079,0.033286,0.586686,-0.066058,0.033413,0.432408,-0.032759,0.188989,,,,0.436995,-0.033258,0.184378
97.4007,0.622507,-0.059761,0.550052,-0.064424,0.072605,0.591148,-0.066271,0.032027,0.591014,-0.066248,0.032153,0.432408,-0.032759,0.192007,,,,0.441054,-0.033691,0.183316
97.6026,0.626195,-0.059902,0.550052,-0.064424,0.076278,0.595876,-0.066474,0.031024,0.595742,-0.066448,0.031148,0.432408,-0.032759,0.195679,,,,0.450469,-0.03466,0.17753
98.0173,0.626195,-0.059902,0.550052,-0.064424,0.076278,0.595876,-0.066474,0.031024,0.595742,-0.066448,0.031148,0.432408,-0.032759,0.195679,,,,0.450469,-0.03466,0.17753
98.2007,0.627157,-0.059938,0.550052,-0.064424,0.077236,0.595876,-0.066474,0.031957,0.595742,-0.066448,0.032082,0.432408,-0.032759,0.196637,,,,0.450469,-0.03466,0.178487
98.4262,0.63151,-0.060093,0.550052,-0.064424,0.081573,0.595876,-0.066474,0.036201,0.595742,-0.066448,0.036327,0.432408,-0.032759,0.200969,,,,0.450469,-0.03466,0.182818
98.6086,0.63518,-0.060213,0.550052,-0.064424,0.085232,0.595876,-0.066474,0.0398,0.595742,-0.066448,0.039927,0.432408,-0.032759,0.204622,,,,0.450469,-0.03466,0.18647
98.8016,0.638168,-0.060304,0.550052,-0.064424,0.088213,0.60588,-0.06689,0.032953,0.605747,-0.066856,0.033077,0.432408,-0.032759,0.207596,,,,0.460433,-0.035657,0.179437
99.0175,0.642693,-0.060431,0.550052,-0.064424,0.092727,0.610941,-0.067066,0.032438,0.610808,-0.067028,0.03256,0.432408,-0.032759,0.212098,,,,0.465474,-0.036127,0.178878
99.1989,0.643954,-0.060464,0.550052,-0.064424,0.093986,0.610941,-0.067066,0.033667,0.610808,-0.067028,0.03379,0.432408,-0.032759,0.213353,,,,0.465474,-0.036127,0.180132
99.4031,0.650901,-0.060626,0.550052,-0.064424,0.100921,0.616069,-0.067227,0.035451,0.615936,-0.067186,0.035574,0.432408,-0.032759,0.220263,,,,0.470585,-0.036586,0.181912
99.6067,0.651972,-0.060648,0.550052,-0.064424,0.10199,0.621385,-0.067376,0.031318,0.621252,-0.067331,0.031439,0.432408,-0.032759,0.221328,,,,0.475882,-0.037044,0.177664
99.9856,0.651972,-0.060648,0.550052,-0.064424,0.10199,0.621385,-0.067376,0.031318,0.621252,-0.067331,0.031439,0.432408,-0.032759,0.221328,,,,0.475882,-0.037044,0.177664
100.0032,0.651972,-0.060648,0.550052,-0.064424,0.10199,0.621385,-0.067376,0.031318,0.621252,-0.067331,0.031439,0.432408,-0.032759,0.221328,,,,0.475882,-0.037044,0.177664
100.2058,0.656818,-0.060733,0.550052,-0.064424,0.10683,0.621385,-0.067376,0.036051,0.621252,-0.067331,0.036173,0.432408,-0.032759,0.226147,,,,0.475882,-0.037044,0.18248
100.4094,0.660049,-0.060778,0.550052,-0.064424,0.110058,0.626809,-0.067502,0.033913,0.626676,-0.067454,0.034034,0.432408,-0.032759,0.229359,,,,0.48129,-0.037485,0.18027
100.6016,0.667268,-0.060846,0.550052,-0.064424,0.117271,0.632253,-0.067604,0.035661,0.63212,-0.067553,0.035782,0.432408,-0.032759,0.236534,,,,0.48129,-0.037485,0.187439
100.8018,0.66785,-0.060849,0.550052,-0.064424,0.117853,0.632253,-0.067604,0.036233,0.63212,-0.067553,0.036354,0.432408,-0.032759,0.237112,,,,0.48129,-0.037485,0.188017
101.0255,0.675197,-0.06086,0.550052,-0.064424,0.125197,0.644105,-0.067767,0.03185,0.643972,-0.067707,0.031967,0.432408,-0.032759,0.244411,,,,0.498541,-0.038756,0.178034
101.1989,0.681079,-0.060832,0.550052,-0.064424,0.131077,0.644105,-0.067767,0.037619,0.649899,-0.067718,0.031931,0.432408,-0.032759,0.250251,,,,0.504457,-0.039115,0.177952
101.403,0.687392,-0.060764,0.550052,-0.064424,0.13739,0.650032,-0.067782,0.038014,0.649899,-0.067718,0.038133,0.432408,-0.032759,0.256518,,,,0.5105,-0.039449,0.178172
101.6047,0.690204,-0.060721,0.550052,-0.064424,0.140202,0.650032,-0.067782,0.040788,0.649899,-0.067718,0.040908,0.432408,-0.032759,0.259309,,,,0.5105,-0.039449,0.180959
101.7983,0.690204,-0.060721,0.550052,-0.064424,0.140202,0.650032,-0.067782,0.040788,0.649899,-0.067718,0.040908,0.432408,-0.032759,0.259309,,,,0.5105,-0.039449,0.180959
102.0021,0.691456,-0.060699,0.649474,-0.049274,0.043509,0.650032,-0.067782,0.042026,0.649899,-0.067718,0.042145,0.432408,-0.032759,0.260551,,,,0.5105,-0.039449,0.1822
102.2005,0.697476,-0.060575,0.649474,-0.049274,0.049315,0.649623,-0.049512,0.049116,0.649692,-0.049543,0.049041,0.432408,-0.032759,0.266524,,,,0.516806,-0.039759,0.181866
102.4067,0.700406,-0.060501,0.649474,-0.049274,0.052155,0.662657,-0.049471,0.039327,0.656209,-0.049521,0.04554,0.432408,-0.032759,0.26943,,,,0.523317,-0.04004,0.178267
102.6014,0.704972,-0.060368,0.649474,-0.049274,0.056597,0.662657,-0.049471,0.043696,0.656209,-0.049521,0.049955,0.432408,-0.032759,0.273959,,,,0.523317,-0.04004,0.182789
102.9202,0.704972,-0.060368,0.649474,-0.049274,0.056597,0.662657,-0.049471,0.043696,0.656209,-0.049521,0.049955,0.432408,-0.032759,0.273959,,,,0.523317,-0.04004,0.182789
102.9997,0.711198,-0.060153,0.649474,-0.049274,0.062676,0.675973,-0.049253,0.036874,0.662795,-0.049456,0.049571,0.432408,-0.032759,0.280133,,,,0.536626,-0.040526,0.175673
103.2039,0.718285,-0.059861,0.649474,-0.049274,0.069621,0.675973,-0.049253,0.043622,0.669453,-0.049346,0.049951,0.432408,-0.032759,0.287159,,,,0.536626,-0.040526,0.182686
103.4,0.721996,-0.059686,0.649474,-0.049274,0.073266,0.675973,-0.049253,0.047191,0.669453,-0.049346,0.053551,0.432408,-0.032759,0.290838,,,,0.536626,-0.040526,0.186358
103.5998,0.721996,-0.059686,0.649474,-0.049274,0.073266,0.675973,-0.049253,0.047191,0.669453,-0.049346,0.053551,0.432408,-0.032759,0.290838,,,,0.536626,-0.040526,0.186358
103.7983,0.721996,-0.059686,0.649474,-0.049274,0.073266,0.675973,-0.049253,0.047191,0.669453,-0.049346,0.053551,0.432408,-0.032759,0.290838,,,,0.536626,-0.040526,0.186358
103.9999,0.730754,-0.059216,0.649474,-0.049274,0.081886,0.689586,-0.048849,0.042453,0.683069,-0.049032,0.048761,0.432408,-0.032759,0.299517,,,,0.550241,-0.040842,0.181445
104.2111,0.733448,-0.059056,0.649474,-0.049274,0.084542,0.696389,-0.04855,0.038519,0.683069,-0.049032,0.051366,0.432408,-0.032759,0.302186,,,,0.550241,-0.040842,0.18411
104.4174,0.737179,-0.05882,0.649474,-0.049274,0.088224,0.696389,-0.04855,0.042064,0.683069,-0.049032,0.054989,0.432408,-0.032759,0.305884,,,,0.550241,-0.040842,0.187801
104.5987,0.744615,-0.058305,0.649474,-0.049274,0.095569,0.696389,-0.04855,0.049203,0.689874,-0.048779,0.055564,0.432408,-0.032759,0.31325,,,,0.55705,-0.040905,0.18837
104.8093,0.744615,-0.058305,0.649474,-0.049274,0.095569,0.696389,-0.04855,0.049203,0.689874,-0.048779,0.055564,0.432408,-0.032759,0.31325,,,,0.55705,-0.040905,0.18837
104.9988,0.748355,-0.058023,0.649474,-0.049274,0.099268,0.71002,-0.047857,0.039661,0.703509,-0.048175,0.045915,0.432408,-0.032759,0.316956,,,,0.570699,-0.040933,0.178477
105.204,0.755321,-0.057455,0.649474,-0.049274,0.106163,0.717063,-0.047392,0.039559,0.710555,-0.047757,0.045804,0.432408,-0.032759,0.323856,,,,0.577757,-0.040842,0.178339
105.4166,0.757061,-0.057304,0.649474,-0.049274,0.107887,0.717063,-0.047392,0.041208,0.710555,-0.047757,0.047476,0.432408,-0.032759,0.32558,,,,0.577757,-0.040842,0.180058
105.6023,0.767826,-0.056299,0.649474,-0.049274,0.118561,0.731112,-0.046301,0.038051,0.724611,-0.046758,0.044256,0.432408,-0.032759,0.336243,,,,0.584803,-0.040696,0.183686
105.8296,0.767826,-0.056299,0.649474,-0.049274,0.118561,0.731112,-0.046301,0.038051,0.724611,-0.046758,0.044256,0.432408,-0.032759,0.336243,,,,0.584803,-0.040696,0.183686
106.005,0.774334,-0.055626,0.649474,-0.049274,0.125022,0.731112,-0.046301,0.044217,0.724611,-0.046758,0.050508,0.432408,-0.032759,0.342691,,,,0.591844,-0.040495,0.183116
106.1989,0.779401,-0.055066,0.649474,-0.049274,0.130056,0.7448,-0.04508,0.036013,0.738306,-0.045627,0.042165,0.432408,-0.032759,0.347709,,,,0.598816,-0.040244,0.181192
106.4008,0.779401,-0.055066,0.649474,-0.049274,0.130056,0.7448,-0.04508,0.036013,0.738306,-0.045627,0.042165,0.432408,-0.032759,0.347709,,,,0.598816,-0.040244,0.181192
106.5991,0.781733,-0.054797,0.649474,-0.049274,0.132375,0.7448,-0.04508,0.038191,0.738306,-0.045627,0.044385,0.432408,-0.032759,0.35002,,,,0.598816,-0.040244,0.183496
106.859,0.781733,-0.054797,0.649474,-0.049274,0.132375,0.7448,-0.04508,0.038191,0.738306,-0.045627,0.044385,0.432408,-0.032759,0.35002,,,,0.598816,-0.040244,0.183496
106.9995,0.801003,-0.052297,0.753529,-0.052717,0.047476,0.760338,-0.051867,0.040668,0.766926,-0.051095,0.034099,0.432408,-0.032759,0.369113,,,,0.625935,-0.038794,0.175588
107.2067,0.80133,-0.05225,0.753529,-0.052717,0.047803,0.760338,-0.051867,0.040994,0.766926,-0.051095,0.034423,0.432408,-0.032759,0.369437,,,,0.625935,-0.038794,0.17591
107.4039,0.806551,-0.051483,0.753529,-0.052717,0.053037,0.76697,-0.051085,0.039583,0.773552,-0.050258,0.033022,0.432408,-0.032759,0.374612,,,,0.632592,-0.03826,0.174461
107.602,0.81181,-0.05067,0.753529,-0.052717,0.058317,0.76697,-0.051085,0.044842,0.773552,-0.050258,0.038261,0.432408,-0.032759,0.379825,,,,0.632592,-0.03826,0.179647
107.8531,0.81181,-0.05067,0.753529,-0.052717,0.058317,0.76697,-0.051085,0.044842,0.773552,-0.050258,0.038261,0.432408,-0.032759,0.379825,,,,0.632592,-0.03826,0.179647
107.9984,0.812146,-0.050617,0.753529,-0.052717,0.058655,0.773744,-0.050223,0.038404,0.780318,-0.04934,0.031854,0.432408,-0.032759,0.380158,,,,0.632592,-0.03826,0.179979
108.2207,0.812146,-0.050617,0.753529,-0.052717,0.058655,0.773744,-0.050223,0.038404,0.780318,-0.04934,0.031854,0.432408,-0.032759,0.380158,,,,0.632592,-0.03826,0.179979
108.4039,0.820106,-0.049307,0.753529,-0.052717,0.066665,0.780475,-0.049302,0.039632,0.780318,-0.04934,0.039789,0.432408,-0.032759,0.388052,,,,0.632592,-0.03826,0.18784
108.5989,0.82209,-0.048966,0.753529,-0.052717,0.068663,0.780475,-0.049302,0.041616,0.787041,-0.048363,0.035054,0.432408,-0.032759,0.390019,,,,0.646125,-0.037051,0.176368
108.8111,0.824402,-0.048561,0.753529,-0.052717,0.070995,0.780475,-0.049302,0.043933,0.787041,-0.048363,0.037362,0.432408,-0.032759,0.392313,,,,0.646125,-0.037051,0.178648
108.9983,0.833297,-0.046928,0.753529,-0.052717,0.079978,0.787196,-0.048317,0.046121,0.800442,-0.046219,0.032862,0.432408,-0.032759,0.401139,,,,0.65961,-0.035518,0.174062
109.1986,0.833297,-0.046928,0.753529,-0.052717,0.079978,0.787196,-0.048317,0.046121,0.800442,-0.046219,0.032862,0.432408,-0.032759,0.401139,,,,0.65961,-0.035518,0.174062
109.4063,0.839622,-0.045694,0.753529,-0.052717,0.086379,0.793893,-0.047269,0.045755,0.800442,-0.046219,0.039183,0.432408,-0.032759,0.407419,,,,0.65961,-0.035518,0.1803
109.6031,0.843974,-0.044811,0.753529,-0.052717,0.09079,0.793893,-0.047269,0.050141,0.807253,-0.045028,0.036721,0.432408,-0.032759,0.411743,,,,0.65961,-0.035518,0.184598
109.8306,0.844979,-0.044602,0.753529,-0.052717,0.09181,0.793893,-0.047269,0.051155,0.807253,-0.045028,0.037729,0.432408,-0.032759,0.412741,,,,0.65961,-0.035518,0.185592
109.9996,0.845315,-0.044532,0.753529,-0.052717,0.092151,0.807587,-0.044991,0.037732,0.814078,-0.043766,0.031247,0.432408,-0.032759,0.413075,,,,0.666468,-0.034637,0.179121
110.2018,0.845315,-0.044532,0.753529,-0.052717,0.092151,0.807587,-0.044991,0.037732,0.814078,-0.043766,0.031247,0.432408,-0.032759,0.413075,,,,0.666468,-0.034637,0.179121
110.4028,0.855346,-0.042371,0.753529,-0.052717,0.102341,0.81468,-0.043671,0.040687,0.82116,-0.042386,0.034186,0.432408,-0.032759,0.423047,,,,0.680762,-0.032662,0.174853
110.6249,0.858842,-0.041585,0.753529,-0.052717,0.105899,0.81468,-0.043671,0.044211,0.82116,-0.042386,0.03769,0.432408,-0.032759,0.426525,,,,0.680762,-0.032662,0.178303
111.0829,0.858842,-0.041585,0.753529,-0.052717,0.105899,0.81468,-0.043671,0.044211,0.82116,-0.042386,0.03769,0.432408,-0.032759,0.426525,,,,0.680762,-0.032662,0.178303
111.1991,0.867195,-0.039636,0.753529,-0.052717,0.114417,0.821807,-0.042275,0.045465,0.828276,-0.040931,0.038941,0.432408,-0.032759,0.434842,,,,0.687937,-0.031533,0.179442
111.3984,0.872786,-0.038276,0.753529,-0.052717,0.120129,0.821807,-0.042275,0.051136,0.828276,-0.040931,0.04459,0.432408,-0.032759,0.440413,,,,0.687937,-0.031533,0.184973
111.5983,0.879076,-0.036695,0.753529,-0.052717,0.126566,0.836086,-0.039338,0.043071,0.842529,-0.037875,0.036566,0.432408,-0.032759,0.446686,,,,0.702315,-0.029131,0.176923
111.8172,0.879076,-0.036695,0.753529,-0.052717,0.126566,0.836086,-0.039338,0.043071,0.842529,-0.037875,0.036566,0.432408,-0.032759,0.446686,,,,0.702315,-0.029131,0.176923
112.0044,0.880123,-0.036426,0.753529,-0.052717,0.127638,0.843196,-0.037737,0.03695,0.842529,-0.037875,0.037622,0.432408,-0.032759,0.44773,,,,0.709481,-0.027798,0.170861
112.2012,0.880123,-0.036426,0.753529,-0.052717,0.127638,0.843196,-0.037737,0.03695,0.842529,-0.037875,0.037622,0.432408,-0.032759,0.44773,,,,0.709481,-0.027798,0.170861
112.3983,0.880123,-0.036426,0.753529,-0.052717,0.127638,0.843196,-0.037737,0.03695,0.842529,-0.037875,0.037622,0.432408,-0.032759,0.44773,,,,0.709481,-0.027798,0.170861
112.5986,0.888325,-0.034269,0.753529,-0.052717,0.136053,0.843196,-0.037737,0.045262,0.85641,-0.034629,0.031917,0.432408,-0.032759,0.45592,,,,0.709481,-0.027798,0.178962
112.8446,0.888325,-0.034269,0.753529,-0.052717,0.136053,0.843196,-0.037737,0.045262,0.85641,-0.034629,0.031917,0.432408,-0.032759,0.45592,,,,0.709481,-0.027798,0.178962
113.013,0.897911,-0.031628,0.849666,-0.045566,0.050218,0.849639,-0.045475,0.050218,0.849786,-0.045505,0.050085,0.432408,-0.032759,0.465504,,,,0.716476,-0.026429,0.181509
113.205,0.901336,-0.030653,0.849666,-0.045566,0.05378,0.856642,-0.043806,0.04659,0.849786,-0.045505,0.053647,0.432408,-0.032759,0.468933,,,,0.723528,-0.024984,0.177899
113.4029,0.907103,-0.028973,0.849666,-0.045566,0.059786,0.856642,-0.043806,0.052596,0.849786,-0.045505,0.059653,0.432408,-0.032759,0.474711,,,,0.723528,-0.024984,0.183619
113.5988,0.91284,-0.027256,0.849666,-0.045566,0.065774,0.870501,-0.040371,0.044324,0.863674,-0.042187,0.051383,0.432408,-0.032759,0.480464,,,,0.737489,-0.021993,0.17543
113.8053,0.913848,-0.026949,0.849666,-0.045566,0.066828,0.870501,-0.040371,0.045378,0.863674,-0.042187,0.052437,0.432408,-0.032759,0.481475,,,,0.737489,-0.021993,0.176429
114.0014,0.914856,-0.026641,0.849666,-0.045566,0.067881,0.877364,-0.038539,0.039334,0.870552,-0.040412,0.046395,0.432408,-0.032759,0.482487,,,,0.737489,-0.021993,0.177428
114.2011,0.914856,-0.026641,0.849666,-0.045566,0.067881,0.877364,-0.038539,0.039334,0.870552,-0.040412,0.046395,0.432408,-0.032759,0.482487,,,,0.737489,-0.021993,0.177428
114.4027,0.916526,-0.026127,0.849666,-0.045566,0.069629,0.877364,-0.038539,0.041082,0.870552,-0.040412,0.048142,0.432408,-0.032759,0.484164,,,,0.737489,-0.021993,0.179085
114.6003,0.922506,-0.024256,0.849666,-0.045566,0.075893,0.884147,-0.036664,0.040316,0.87735,-0.038595,0.047377,0.432408,-0.032759,0.490172,,,,0.744407,-0.02038,0.178141
114.8154,0.922506,-0.024256,0.849666,-0.045566,0.075893,0.884147,-0.036664,0.040316,0.87735,-0.038595,0.047377,0.432408,-0.032759,0.490172,,,,0.744407,-0.02038,0.178141
115.0022,0.931777,-0.021256,0.849666,-0.045566,0.085634,0.890914,-0.034732,0.043028,0.884133,-0.03672,0.05009,0.735927,-0.045929,0.197398,,,,0.758085,-0.017064,0.173742
115.1996,0.934404,-0.020384,0.849666,-0.045566,0.088401,0.890914,-0.034732,0.045796,0.890863,-0.034798,0.045865,0.735927,-0.045929,0.200114,,,,0.758085,-0.017064,0.17635
115.3984,0.943055,-0.017441,0.849666,-0.045566,0.097533,0.904016,-0.030871,0.041284,0.897414,-0.032866,0.048178,0.735927,-0.045929,0.209078,,,,0.735937,-0.045919,0.209067
115.604,0.945608,-0.016553,0.849666,-0.045566,0.100233,0.904016,-0.030871,0.043987,0.897414,-0.032866,0.05088,0.735927,-0.045929,0.211728,,,,0.735937,-0.045919,0.211717
115.7982,0.947193,-0.015996,0.849666,-0.045566,0.101912,0.910516,-0.028839,0.038861,0.903929,-0.030886,0.045754,0.735927,-0.045929,0.213376,,,,0.742727,-0.045405,0.20657
115.9989,0.949748,-0.015091,0.849666,-0.045566,0.10462,0.910516,-0.028839,0.041572,0.903929,-0.030886,0.048465,0.735927,-0.045929,0.216033,,,,0.742727,-0.045405,0.209229
116.203,0.953349,-0.013801,0.849666,-0.045566,0.10844,0.917231,-0.026679,0.038345,0.910661,-0.028778,0.045239,0.735927,-0.045929,0.219782,,,,0.749757,-0.044814,0.205941
116.4126,0.966122,-0.009078,0.849666,-0.045566,0.122038,0.923928,-0.024466,0.044913,0.917375,-0.026618,0.051806,0.735927,-0.045929,0.233125,,,,0.756779,-0.044168,0.212263
116.6012,0.9671,-0.008706,0.849666,-0.045566,0.123083,0.923928,-0.024466,0.045959,0.917375,-0.026618,0.052853,0.735927,-0.045929,0.234151,,,,0.756779,-0.044168,0.21329
116.7984,0.976959,-0.00489,0.849666,-0.045566,0.133634,0.937422,-0.019883,0.042284,0.930905,-0.022142,0.049179,0.735927,-0.045929,0.2445,,,,0.77096,-0.042745,0.209448
116.9985,0.976959,-0.00489,0.849666,-0.045566,0.133634,0.937422,-0.019883,0.042284,0.930905,-0.022142,0.049179,0.735927,-0.045929,0.2445,,,,0.77096,-0.042745,0.209448
117.1985,0.980246,-0.003588,0.849666,-0.045566,0.137161,0.944146,-0.017482,0.038681,0.937648,-0.019794,0.045576,0.735927,-0.045929,0.24796,,,,0.77096,-0.042745,0.212917
117.4285,0.980246,-0.003588,0.849666,-0.045566,0.137161,0.944146,-0.017482,0.038681,0.937648,-0.019794,0.045576,0.735927,-0.045929,0.24796,,,,0.77096,-0.042745,0.212917
117.6276,0.981863,-0.002942,0.849666,-0.045566,0.138899,0.944146,-0.017482,0.040422,0.937648,-0.019794,0.047317,0.735927,-0.045929,0.249664,,,,0.77096,-0.042745,0.214626
117.7991,0.985071,-0.001649,0.849666,-0.045566,0.142349,0.950709,-0.01508,0.036894,0.944229,-0.017444,0.04379,0.735927,-0.045929,0.253048,,,,0.778052,-0.041921,0.2109
117.9982,0.98891,-8.4e-05,0.939574,-0.01103,0.050535,0.950709,-0.01508,0.041039,0.944229,-0.017444,0.047934,0.735927,-0.045929,0.257103,,,,0.778052,-0.041921,0.214968
118.2327,0.994617,0.002283,0.939574,-0.01103,0.05663,0.950709,-0.01508,0.047217,0.939708,-0.011098,0.056516,0.735927,-0.045929,0.263144,,,,0.784987,-0.041061,0.214064
118.3983,0.998108,0.003754,0.939574,-0.01103,0.060372,0.950709,-0.01508,0.051004,0.939708,-0.011098,0.060259,0.735927,-0.045929,0.266846,,,,0.784987,-0.041061,0.217782
118.6029,1.001901,0.005372,0.939574,-0.01103,0.064449,0.939776,-0.011094,0.06427,0.939708,-0.011098,0.064337,0.735927,-0.045929,0.270876,,,,0.798733,-0.039246,0.208009
118.812,1.001901,0.005372,0.939574,-0.01103,0.064449,0.939776,-0.011094,0.06427,0.939708,-0.011098,0.064337,0.735927,-0.045929,0.270876,,,,0.798733,-0.039246,0.208009
119.0003,1.009243,0.008564,0.939574,-0.01103,0.072372,0.946275,-0.008682,0.065287,0.946208,-0.008689,0.065353,0.735927,-0.045929,0.278695,,,,0.798733,-0.039246,0.215871
119.206,1.009243,0.008564,0.939574,-0.01103,0.072372,0.946275,-0.008682,0.065287,0.946208,-0.008689,0.065353,0.735927,-0.045929,0.278695,,,,0.798733,-0.039246,0.215871
119.3991,1.011098,0.009382,0.939574,-0.01103,0.074379,0.959033,-0.003835,0.053716,0.958967,-0.003846,0.053783,0.735927,-0.045929,0.280674,,,,0.812234,-0.037249,0.204258
119.5983,1.011098,0.009382,0.939574,-0.01103,0.074379,0.959033,-0.003835,0.053716,0.958967,-0.003846,0.053783,0.735927,-0.045929,0.280674,,,,0.812234,-0.037249,0.204258
119.7985,1.011098,0.009382,0.939574,-0.01103,0.074379,0.959033,-0.003835,0.053716,0.958967,-0.003846,0.053783,0.735927,-0.045929,0.280674,,,,0.812234,-0.037249,0.204258
120.0055,1.017686,0.01233,0.939574,-0.01103,0.081531,0.959033,-0.003835,0.06084,0.958967,-0.003846,0.060906,0.735927,-0.045929,0.287719,,,,0.812234,-0.037249,0.21135
120.2039,1.019269,0.013047,0.939574,-0.01103,0.083253,0.965553,-0.001245,0.055585,0.965489,-0.001258,0.05565,0.735927,-0.045929,0.289414,,,,0.819158,-0.036119,0.206062
120.4236,1.020536,0.013623,0.939574,-0.01103,0.084632,0.965553,-0.001245,0.056958,0.965489,-0.001258,0.057023,0.735927,-0.045929,0.290772,,,,0.819158,-0.036119,0.20743
120.606,1.025596,0.015948,0.939574,-0.01103,0.090153,0.972064,0.001396,0.055475,0.972,0.001382,0.05554,0.735927,-0.045929,0.296204,,,,0.826084,-0.034936,0.205899
120.9994,1.027175,0.01668,0.939574,-0.01103,0.091879,0.972064,0.001396,0.057191,0.972,0.001382,0.057256,0.735927,-0.045929,0.297901,,,,0.826084,-0.034936,0.20761
121.202,1.038454,0.022018,0.939574,-0.01103,0.104257,0.978413,0.004026,0.062679,0.97835,0.004009,0.062744,0.735927,-0.045929,0.310063,,,,0.839409,-0.03256,0.206392
121.3996,1.039664,0.022602,0.939574,-0.01103,0.10559,0.978413,0.004026,0.064006,0.97835,0.004009,0.064072,0.735927,-0.045929,0.311372,,,,0.839409,-0.03256,0.207713
121.6002,1.043057,0.024249,0.939574,-0.01103,0.109332,0.978413,0.004026,0.067734,0.97835,0.004009,0.067799,0.735927,-0.045929,0.315045,,,,0.839409,-0.03256,0.211423
121.8032,1.043057,0.024249,0.939574,-0.01103,0.109332,0.984646,0.006661,0.061001,0.991123,0.009403,0.054015,0.735927,-0.045929,0.315045,,,,0.839409,-0.03256,0.211423
122.0081,1.044268,0.024842,0.939574,-0.01103,0.110669,0.984646,0.006661,0.062332,0.991123,0.009403,0.055342,0.735927,-0.045929,0.316358,,,,0.839409,-0.03256,0.212749
122.2035,1.049359,0.027356,0.939574,-0.01103,0.116302,0.991013,0.009406,0.061045,0.991123,0.009403,0.06094,0.735927,-0.045929,0.321885,,,,0.846216,-0.031245,0.211426
122.4011,1.049359,0.027356,0.939574,-0.01103,0.116302,0.991013,0.009406,0.061045,0.991123,0.009403,0.06094,0.735927,-0.045929,0.321885,,,,0.846216,-0.031245,0.211426
122.5983,1.054409,0.029889,0.939574,-0.01103,0.121907,0.991013,0.009406,0.066623,0.991123,0.009403,0.066519,0.735927,-0.045929,0.327382,,,,0.846216,-0.031245,0.216983
122.8003,1.058847,0.032147,0.939574,-0.01103,0.126848,1.003301,0.014812,0.058189,1.003412,0.014807,0.058084,0.735927,-0.045929,0.332225,,,,0.852829,-0.029917,0.215164
123.0025,1.058847,0.032147,0.939574,-0.01103,0.126848,1.003301,0.014812,0.058189,1.003412,0.014807,0.058084,0.735927,-0.045929,0.332225,,,,0.852829,-0.029917,0.215164
123.2048,1.066796,0.03627,0.939574,-0.01103,0.135731,1.009392,0.017599,0.060364,1.009504,0.017592,0.06026,0.735927,-0.045929,0.340926,,,,0.872495,-0.025718,0.203949
123.4039,1.068557,0.037197,0.939574,-0.01103,0.137704,1.015463,0.02043,0.055678,1.009504,0.017592,0.062222,0.735927,-0.045929,0.342859,,,,0.872495,-0.025718,0.205909
123.5992,1.072026,0.039037,0.939574,-0.01103,0.141599,1.015463,0.02043,0.059545,1.021403,0.023139,0.053061,0.735927,-0.045929,0.346672,,,,0.87889,-0.024237,0.203237
123.9339,1.072026,0.039037,0.939574,-0.01103,0.141599,1.015463,0.02043,0.059545,1.021403,0.023139,0.053061,0.735927,-0.045929,0.346672,,,,0.87889,-0.024237,0.203237
124.0018,1.072026,0.039037,0.939574,-0.01103,0.141599,1.015463,0.02043,0.059545,1.021403,0.023139,0.053061,0.735927,-0.045929,0.346672,,,,0.87889,-0.024237,0.203237
124.2005,1.078176,0.042348,0.939574,-0.01103,0.148526,1.027007,0.025919,0.053742,1.021403,0.023139,0.059935,0.735927,-0.045929,0.35345,,,,0.87889,-0.024237,0.210116
124.4141,1.078176,0.042348,0.939574,-0.01103,0.148526,1.027007,0.025919,0.053742,1.027157,0.025921,0.053599,0.735927,-0.045929,0.35345,,,,0.87889,-0.024237,0.210116
124.5994,1.083242,0.045123,1.024686,0.02892,0.060756,1.027007,0.025919,0.059423,1.027157,0.025921,0.059281,0.735927,-0.045929,0.359051,,,,0.87889,-0.024237,0.215802
124.8002,1.087751,0.047628,1.024686,0.02892,0.065781,1.024779,0.028903,0.065697,1.024788,0.028901,0.065688,0.735927,-0.045929,0.36405,,,,0.891556,-0.021209,0.207921
125.0119,1.08887,0.048255,1.024686,0.02892,0.067033,1.024779,0.028903,0.06695,1.024788,0.028901,0.066941,0.735927,-0.045929,0.365293,,,,0.891556,-0.021209,0.209185
125.205,1.096643,0.05267,1.024686,0.02892,0.075775,1.030585,0.031795,0.069278,1.030595,0.031793,0.069269,0.735927,-0.045929,0.373949,,,,0.904089,-0.017974,0.205104
125.3993,1.096643,0.05267,1.024686,0.02892,0.075775,1.030585,0.031795,0.069278,1.030595,0.031793,0.069269,0.735927,-0.045929,0.373949,,,,0.904089,-0.017974,0.205104
125.6099,1.099693,0.05443,1.024686,0.02892,0.079226,1.0421,0.037634,0.059992,1.042109,0.037632,0.059983,0.735927,-0.045929,0.377356,,,,0.910321,-0.016293,0.202147
125.8019,1.099693,0.05443,1.024686,0.02892,0.079226,1.0421,0.037634,0.059992,1.042109,0.037632,0.059983,0.735927,-0.045929,0.377356,,,,0.910321,-0.016293,0.202147
126.0328,1.105368,0.05775,1.024686,0.02892,0.085678,1.0421,0.037634,0.06639,1.042109,0.037632,0.066381,0.735927,-0.045929,0.383713,,,,0.916338,-0.014624,0.202412
126.2015,1.105368,0.05775,1.024686,0.02892,0.085678,1.0421,0.037634,0.06639,1.042109,0.037632,0.066381,0.735927,-0.045929,0.383713,,,,0.916338,-0.014624,0.202412
126.4036,1.111578,0.061448,1.024686,0.02892,0.09278,1.047627,0.040537,0.067283,1.047637,0.040535,0.067274,0.735927,-0.045929,0.390695,,,,0.922177,-0.01296,0.203493
126.5987,1.114406,0.063156,1.024686,0.02892,0.09603,1.047627,0.040537,0.070506,1.047637,0.040535,0.070497,0.735927,-0.045929,0.393885,,,,0.922177,-0.01296,0.206751
126.7986,1.120043,0.066606,1.024686,0.02892,0.102533,1.058338,0.046258,0.064974,1.058348,0.046256,0.064965,0.735927,-0.045929,0.400261,,,,0.922177,-0.01296,0.213265
127.0012,1.124317,0.069263,1.024686,0.02892,0.107488,1.058338,0.046258,0.069874,1.058348,0.046256,0.069866,0.735927,-0.045929,0.405112,,,,0.928004,-0.011254,0.212184
127.1996,1.125293,0.069874,1.024686,0.02892,0.108623,1.068528,0.051889,0.059546,1.068539,0.051887,0.059537,0.735927,-0.045929,0.406222,,,,0.939154,-0.007904,0.201736
127.3985,1.126512,0.070641,1.024686,0.02892,0.110041,1.068528,0.051889,0.06094,1.068539,0.051887,0.060931,0.735927,-0.045929,0.407609,,,,0.939154,-0.007904,0.203156
127.6051,1.130904,0.073427,1.024686,0.02892,0.115165,1.068528,0.051889,0.065989,1.068539,0.051887,0.065981,0.735927,-0.045929,0.412617,,,,0.939154,-0.007904,0.208286
127.7989,1.131391,0.073738,1.024686,0.02892,0.115735,1.073601,0.054784,0.060819,1.068539,0.051887,0.066543,0.735927,-0.045929,0.413173,,,,0.939154,-0.007904,0.208855
127.9997,1.136683,0.07715,1.024686,0.02892,0.12194,1.073601,0.054784,0.066931,1.078578,0.057617,0.061301,0.735927,-0.045929,0.41923,,,,0.944723,-0.006147,0.209253
128.2039,1.139547,0.07902,1.024686,0.02892,0.125311,1.078601,0.057683,0.064573,1.078578,0.057617,0.064616,0.735927,-0.045929,0.422517,,,,0.944723,-0.006147,0.212625
128.4026,1.143476,0.081614,1.024686,0.02892,0.129952,1.083461,0.060546,0.063605,1.083439,0.060479,0.063649,0.735927,-0.045929,0.42704,,,,0.955458,-0.002678,0.206048
128.5987,1.147007,0.083973,1.024686,0.02892,0.134138,1.088372,0.063483,0.062112,1.08835,0.063416,0.062155,0.735927,-0.045929,0.431116,,,,0.955458,-0.002678,0.210237
128.799,1.149046,0.085347,1.024686,0.02892,0.136563,1.093096,0.066354,0.059087,1.093074,0.066287,0.059129,0.735927,-0.045929,0.433475,,,,0.96593,0.000863,0.201666
129.0036,1.149499,0.085654,1.024686,0.02892,0.137102,1.093096,0.066354,0.059614,1.093074,0.066287,0.059656,0.735927,-0.045929,0.433999,,,,0.96593,0.000863,0.202205
129.1983,1.149499,0.085654,1.024686,0.02892,0.137102,1.093096,0.066354,0.059614,1.093074,0.066287,0.059656,0.735927,-0.045929,0.433999,,,,0.96593,0.000863,0.202205
129.4403,1.152861,0.087944,1.024686,0.02892,0.141112,1.093096,0.066354,0.063545,1.093074,0.066287,0.063589,0.735927,-0.045929,0.437899,,,,0.96593,0.000863,0.206219
129.5986,1.153307,0.08825,1.024686,0.02892,0.141645,1.093096,0.066354,0.064069,1.093074,0.066287,0.064113,0.735927,-0.045929,0.438418,,,,0.96593,0.000863,0.206753
129.7998,1.157317,0.091018,1.093726,0.069926,0.066997,1.093096,0.066354,0.068794,1.093074,0.066287,0.068839,0.735927,-0.045929,0.443084,,,,0.96593,0.000863,0.211558
130.0012,1.161347,0.093837,1.093726,0.069926,0.071724,1.093815,0.069931,0.071638,1.093773,0.069912,0.071685,0.735927,-0.045929,0.447791,,,,0.971091,0.002689,0.210963
130.2045,1.161347,0.093837,1.093726,0.069926,0.071724,1.093815,0.069931,0.071638,1.093773,0.069912,0.071685,0.735927,-0.045929,0.447791,,,,0.971091,0.002689,0.210963
130.3991,1.166969,0.097833,1.093726,0.069926,0.078379,1.093815,0.069931,0.078294,1.103074,0.075912,0.06755,0.735927,-0.045929,0.454383,,,,0.976267,0.00456,0.21229
130.599,1.168109,0.098652,1.093726,0.069926,0.079737,1.098465,0.072933,0.074242,1.103074,0.075912,0.068896,0.735927,-0.045929,0.455724,,,,0.981459,0.006477,0.208169
130.9843,1.168109,0.098652,1.093726,0.069926,0.079737,1.098465,0.072933,0.074242,1.103074,0.075912,0.068896,0.735927,-0.045929,0.455724,,,,0.981459,0.006477,0.208169
131.0055,1.172724,0.101997,1.093726,0.069926,0.08526,1.108173,0.079298,0.068426,1.11274,0.082342,0.063123,0.735927,-0.045929,0.461166,,,,0.986768,0.00848,0.208147
131.2,1.176326,0.104636,1.093726,0.069926,0.089597,1.108173,0.079298,0.072711,1.11274,0.082342,0.067382,0.735927,-0.045929,0.465425,,,,0.986768,0.00848,0.212551
131.4168,1.179241,0.106787,1.093726,0.069926,0.093121,1.112836,0.08244,0.070727,1.11274,0.082342,0.070852,0.735927,-0.045929,0.46888,,,,0.997263,0.012521,0.204944
131.5985,1.183879,0.110241,1.093726,0.069926,0.098757,1.117425,0.085565,0.070888,1.121906,0.088608,0.06564,0.735927,-0.045929,0.474394,,,,1.002424,0.014567,0.205133
131.8088,1.183879,0.110241,1.093726,0.069926,0.098757,1.117425,0.085565,0.070888,1.121906,0.088608,0.06564,0.735927,-0.045929,0.474394,,,,1.002424,0.014567,0.205133
132.0182,1.187887,0.113255,1.093726,0.069926,0.103651,1.12204,0.088741,0.070262,1.1265,0.091814,0.065023,0.735927,-0.045929,0.479173,,,,1.007621,0.016657,0.204516
132.1993,1.190086,0.114921,1.093726,0.069926,0.106347,1.126587,0.091905,0.067541,1.131026,0.095009,0.062326,0.735927,-0.045929,0.481801,,,,1.012751,0.01875,0.201734
132.4059,1.192013,0.116388,1.093726,0.069926,0.108715,1.126587,0.091905,0.069856,1.131026,0.095009,0.064625,0.735927,-0.045929,0.484108,,,,1.012751,0.01875,0.204127
132.5983,1.19395,0.117868,1.093726,0.069926,0.1111,1.126587,0.091905,0.072193,1.135467,0.098175,0.061709,0.735927,-0.045929,0.48643,,,,1.012751,0.01875,0.206537
132.7984,1.19395,0.117868,1.093726,0.069926,0.1111,1.126587,0.091905,0.072193,1.135467,0.098175,0.061709,0.735927,-0.045929,0.48643,,,,1.012751,0.01875,0.206537
132.9995,1.196792,0.12005,1.093726,0.069926,0.114608,1.126587,0.091905,0.075636,1.135467,0.098175,0.065109,0.735927,-0.045929,0.489842,,,,1.012751,0.01875,0.210078
133.223,1.197977,0.120965,1.093726,0.069926,0.116075,1.126587,0.091905,0.077078,1.135467,0.098175,0.066535,0.735927,-0.045929,0.491267,,,,1.012751,0.01875,0.211558
133.4164,1.201106,0.123388,1.093726,0.069926,0.119953,1.131049,0.095042,0.075575,1.139548,0.10111,0.065465,0.735927,-0.045929,0.495035,,,,1.022041,0.022594,0.205485
133.6091,1.204006,0.12565,1.093726,0.069926,0.123559,1.139112,0.10076,0.069503,1.143549,0.104012,0.064213,1.064829,0.052547,0.157207,,,,1.026592,0.02452,0.204213
133.8276,1.204199,0.125801,1.093726,0.069926,0.1238,1.139112,0.10076,0.069738,1.143549,0.104012,0.064445,1.064829,0.052547,0.157449,,,,1.026592,0.02452,0.204455
134.0093,1.204392,0.125952,1.093726,0.069926,0.12404,1.139112,0.10076,0.069972,1.143549,0.104012,0.064678,1.064829,0.052547,0.15769,,,,1.026592,0.02452,0.204698
134.1994,1.20982,0.130231,1.093726,0.069926,0.130822,1.143118,0.103654,0.071801,1.151301,0.109712,0.062012,1.064829,0.052547,0.16449,,,,1.064817,0.052535,0.164507
134.4004,1.210546,0.130809,1.093726,0.069926,0.131733,1.143118,0.103654,0.07269,1.151301,0.109712,0.06289,1.064829,0.052547,0.165403,,,,1.064817,0.052535,0.16542
134.6042,1.210546,0.130809,1.093726,0.069926,0.131733,1.143118,0.103654,0.07269,1.151301,0.109712,0.06289,1.064829,0.052547,0.165403,,,,1.064817,0.052535,0.16542
134.8906,1.210546,0.130809,1.093726,0.069926,0.131733,1.143118,0.103654,0.07269,1.151301,0.109712,0.06289,1.064829,0.052547,0.165403,,,,1.064817,0.052535,0.16542
134.9992,1.21344,0.133118,1.093726,0.069926,0.135369,1.150662,0.109155,0.067197,1.155042,0.112503,0.06193,1.064829,0.052547,0.169047,,,,1.073055,0.056927,0.159728
135.1994,1.21344,0.133118,1.093726,0.069926,0.135369,1.150662,0.109155,0.067197,1.155042,0.112503,0.06193,1.064829,0.052547,0.169047,,,,1.073055,0.056927,0.159728
135.4064,1.216203,0.13534,1.093726,0.069926,0.138851,1.150662,0.109155,0.070579,1.155042,0.112503,0.065285,1.064829,0.052547,0.172536,,,,1.073055,0.056927,0.163217
135.6155,1.216717,0.135754,1.093726,0.069926,0.1395,1.150662,0.109155,0.07121,1.155042,0.112503,0.065912,1.064829,0.052547,0.173186,,,,1.073055,0.056927,0.163867
136.0669,1.218606,0.137284,1.093726,0.069926,0.141887,1.154227,0.111804,0.069237,1.158592,0.115175,0.063957,1.064829,0.052547,0.175578,,,,1.076957,0.059052,0.161817
136.2175,1.223083,0.14094,1.093726,0.069926,0.147567,1.157801,0.114484,0.070439,1.158592,0.115175,0.069447,1.064829,0.052547,0.181266,,,,1.08087,0.061205,0.16304
136.3988,1.226181,0.143495,1.093726,0.069926,0.151515,1.157801,0.114484,0.074279,1.162148,0.117876,0.068967,1.064829,0.052547,0.185218,,,,1.08087,0.061205,0.166994
136.6018,1.226181,0.143495,1.093726,0.069926,0.151515,1.164879,0.11984,0.065708,1.169193,0.123276,0.060469,1.064829,0.052547,0.185218,,,,1.088627,0.065519,0.158118
136.8779,1.226181,0.143495,1.093726,0.069926,0.151515,1.164879,0.11984,0.065708,1.169193,0.123276,0.060469,1.064829,0.052547,0.185218,,,,1.088627,0.065519,0.158118
137.0061,1.230624,0.147196,1.093726,0.069926,0.1572,1.168484,0.122617,0.066825,1.17278,0.126076,0.061579,1.064829,0.052547,0.190909,,,,1.092585,0.067765,0.159261
137.1988,1.23097,0.147486,1.093726,0.069926,0.157644,1.168484,0.122617,0.067253,1.17278,0.126076,0.062003,1.064829,0.052547,0.191353,,,,1.092585,0.067765,0.159706
137.4024,1.23317,0.149336,1.093726,0.069926,0.16047,1.168484,0.122617,0.069987,1.17278,0.126076,0.064715,1.064829,0.052547,0.194182,,,,1.092585,0.067765,0.162537
137.6,1.235366,0.151192,1.175545,0.130685,0.063238,1.168484,0.122617,0.07273,1.17278,0.126076,0.067437,1.064829,0.052547,0.197011,,,,1.092585,0.067765,0.165368
137.8024,1.238572,0.15392,1.175545,0.130685,0.067173,1.175541,0.130672,0.067181,1.175547,0.130676,0.067174,1.064829,0.052547,0.201154,,,,1.096454,0.069983,0.165054
138.0194,1.241078,0.156067,1.175545,0.130685,0.070277,1.178974,0.133475,0.066085,1.175547,0.130676,0.070277,1.064829,0.052547,0.204401,,,,1.096454,0.069983,0.168305
138.1983,1.244239,0.158794,1.175545,0.130685,0.074223,1.178974,0.133475,0.070004,1.185821,0.139115,0.061644,1.064829,0.052547,0.20851,,,,1.107943,0.076673,0.159125
138.3998,1.246929,0.16113,1.175545,0.130685,0.077606,1.182395,0.136292,0.069149,1.189269,0.142003,0.060749,1.064829,0.052547,0.212016,,,,1.111808,0.078973,0.158137
138.6051,1.246929,0.16113,1.175545,0.130685,0.077606,1.182395,0.136292,0.069149,1.189269,0.142003,0.060749,1.064829,0.052547,0.212016,,,,1.111808,0.078973,0.158137
138.8683,1.247771,0.161864,1.175545,0.130685,0.078669,1.182395,0.136292,0.070199,1.189269,0.142003,0.061781,1.064829,0.052547,0.213115,,,,1.111808,0.078973,0.159238
139.006,1.249345,0.163241,1.175545,0.130685,0.080663,1.182395,0.136292,0.072171,1.189269,0.142003,0.06372,1.064829,0.052547,0.215173,,,,1.111808,0.078973,0.1613
139.2041,1.252069,0.165636,1.175545,0.130685,0.084128,1.185855,0.139166,0.071308,1.192201,0.144476,0.063497,1.064829,0.052547,0.218741,,,,1.111808,0.078973,0.164874
139.4036,1.254068,0.167405,1.175545,0.130685,0.086685,1.188798,0.141627,0.070177,1.195134,0.146967,0.062378,1.064829,0.052547,0.221368,,,,1.115097,0.080946,0.163671
139.5983,1.254496,0.167785,1.175545,0.130685,0.087234,1.188798,0.141627,0.070715,1.195134,0.146967,0.062907,1.064829,0.052547,0.221931,,,,1.115097,0.080946,0.164235
139.7989,1.258688,0.171524,1.175545,0.130685,0.092632,1.197746,0.149198,0.064902,1.201066,0.152062,0.06082,1.064829,0.052547,0.227457,,,,1.125078,0.087017,0.158092
139.9996,1.258688,0.171524,1.175545,0.130685,0.092632,1.197746,0.149198,0.064902,1.201066,0.152062,0.06082,1.064829,0.052547,0.227457,,,,1.125078,0.087017,0.158092
140.2023,1.25998,0.172684,1.175545,0.130685,0.094304,1.197746,0.149198,0.066518,1.201066,0.152062,0.062419,1.064829,0.052547,0.229165,,,,1.125078,0.087017,0.159804
140.4104,1.26182,0.17434,1.175545,0.130685,0.096691,1.197746,0.149198,0.068829,1.203963,0.154575,0.06114,1.064829,0.052547,0.231601,,,,1.125078,0.087017,0.162246
140.6027,1.262102,0.174595,1.175545,0.130685,0.097059,1.197746,0.149198,0.069186,1.203963,0.154575,0.06149,1.064829,0.052547,0.231975,,,,1.125078,0.087017,0.162621
140.801,1.263733,0.176071,1.175545,0.130685,0.099182,1.197746,0.149198,0.071249,1.203963,0.154575,0.063519,1.064829,0.052547,0.234139,,,,1.125078,0.087017,0.164791
141.0024,1.267798,0.179774,1.175545,0.130685,0.104501,1.206141,0.156444,0.065923,1.209524,0.159445,0.061718,1.064829,0.052547,0.239548,,,,1.134494,0.092874,0.159128
141.2056,1.267798,0.179774,1.175545,0.130685,0.104501,1.206141,0.156444,0.065923,1.209524,0.159445,0.061718,1.064829,0.052547,0.239548,,,,1.134494,0.092874,0.159128
141.4016,1.272307,0.183929,1.175545,0.130685,0.110444,1.206141,0.156444,0.071647,1.209524,0.159445,0.067388,1.064829,0.052547,0.245577,,,,1.137616,0.094851,0.161482
141.5986,1.272307,0.183929,1.175545,0.130685,0.110444,1.206141,0.156444,0.071647,1.209524,0.159445,0.067388,1.064829,0.052547,0.245577,,,,1.137616,0.094851,0.161482
141.7997,1.274258,0.185746,1.175545,0.130685,0.113031,1.208919,0.15888,0.070646,1.212292,0.161893,0.066398,1.064829,0.052547,0.248198,,,,1.140147,0.096465,0.161111
141.9982,1.274258,0.185746,1.175545,0.130685,0.113031,1.211169,0.160867,0.067817,1.216767,0.165879,0.060827,1.064829,0.052547,0.248198,,,,1.140147,0.096465,0.161111
142.2039,1.275383,0.186799,1.175545,0.130685,0.114527,1.211169,0.160867,0.069252,1.216767,0.165879,0.062237,1.064829,0.052547,0.249713,,,,1.140147,0.096465,0.162632
142.4007,1.275771,0.187164,1.175545,0.130685,0.115045,1.211169,0.160867,0.069749,1.216767,0.165879,0.062726,1.064829,0.052547,0.250237,,,,1.140147,0.096465,0.163158
142.6684,1.276354,0.187713,1.175545,0.130685,0.115822,1.211169,0.160867,0.070496,1.216767,0.165879,0.063461,1.064829,0.052547,0.251023,,,,1.140147,0.096465,0.163947
143.0123,1.276547,0.187896,1.175545,0.130685,0.116081,1.213407,0.16286,0.067923,1.216767,0.165879,0.063706,1.064829,0.052547,0.251285,,,,1.142666,0.098087,0.161214
143.2038,1.278385,0.18964,1.175545,0.130685,0.11854,1.217436,0.16648,0.065201,1.220772,0.169526,0.061023,1.064829,0.052547,0.253772,,,,1.147207,0.101039,0.158296
143.4062,1.280205,0.191382,1.175545,0.130685,0.120987,1.217436,0.16648,0.067528,1.220772,0.169526,0.063324,1.064829,0.052547,0.256246,,,,1.147207,0.101039,0.16078
143.6045,1.280681,0.19184,1.175545,0.130685,0.121629,1.217436,0.16648,0.06814,1.220772,0.169526,0.06393,1.064829,0.052547,0.256894,,,,1.147207,0.101039,0.161431
143.9045,1.280871,0.192023,1.175545,0.130685,0.121885,1.217436,0.16648,0.068385,1.220772,0.169526,0.064172,1.064829,0.052547,0.257153,,,,1.147207,0.101039,0.161692
144.0126,1.281934,0.193051,1.175545,0.130685,0.123321,1.217436,0.16648,0.069757,1.220772,0.169526,0.06553,1.064829,0.052547,0.258603,,,,1.147207,0.101039,0.163149
144.201,1.282552,0.193652,1.175545,0.130685,0.124159,1.219416,0.168292,0.068039,1.222744,0.171346,0.063832,1.064829,0.052547,0.259449,,,,1.149444,0.102522,0.161315
144.4216,1.28401,0.195078,1.175545,0.130685,0.12614,1.222938,0.171547,0.065448,1.226252,0.174617,0.061275,1.064829,0.052547,0.261448,,,,1.153428,0.105192,0.158528
144.6032,1.28401,0.195078,1.175545,0.130685,0.12614,1.222938,0.171547,0.065448,1.226252,0.174617,0.061275,1.064829,0.052547,0.261448,,,,1.153428,0.105192,0.158528
144.9425,1.28401,0.195078,1.175545,0.130685,0.12614,1.222938,0.171547,0.065448,1.226252,0.174617,0.061275,1.064829,0.052547,0.261448,,,,1.153428,0.105192,0.158528
144.9994,1.28466,0.195718,1.175545,0.130685,0.127026,1.222938,0.171547,0.066286,1.226252,0.174617,0.062103,1.064829,0.052547,0.262343,,,,1.153428,0.105192,0.159426
145.1995,1.28466,0.195718,1.175545,0.130685,0.127026,1.222938,0.171547,0.066286,1.226252,0.174617,0.062103,1.064829,0.052547,0.262343,,,,1.153428,0.105192,0.159426
145.3987,1.285453,0.196502,1.175545,0.130685,0.128109,1.222938,0.171547,0.067312,1.226252,0.174617,0.063117,1.064829,0.052547,0.263435,,,,1.153428,0.105192,0.160525
145.599,1.286892,0.197935,1.175545,0.130685,0.130081,1.226329,0.174761,0.064845,1.227899,0.176182,0.062876,1.064829,0.052547,0.265424,,,,1.157276,0.107842,0.157852
146.0286,1.286892,0.197935,1.175545,0.130685,0.130081,1.226329,0.174761,0.064845,1.227899,0.176182,0.062876,1.064829,0.052547,0.265424,,,,1.157276,0.107842,0.157852
146.2166,1.290492,0.20157,1.175545,0.130685,0.135047,1.226329,0.174761,0.069539,1.227899,0.176182,0.067546,1.064829,0.052547,0.270429,,,,1.157276,0.107842,0.162885
146.4045,1.29068,0.201761,1.175545,0.130685,0.135308,1.226329,0.174761,0.069786,1.231829,0.179958,0.062761,1.064829,0.052547,0.270691,,,,1.157276,0.107842,0.163149
146.609,1.29068,0.201761,1.175545,0.130685,0.135308,1.226329,0.174761,0.069786,1.231829,0.179958,0.062761,1.064829,0.052547,0.270691,,,,1.157276,0.107842,0.163149
147.022,1.29068,0.201761,1.175545,0.130685,0.135308,1.226329,0.174761,0.069786,1.231829,0.179958,0.062761,1.064829,0.052547,0.270691,,,,1.157276,0.107842,0.163149
147.2074,1.292816,0.203951,1.175545,0.130685,0.138277,1.230248,0.178547,0.067528,1.233775,0.181864,0.063037,1.064829,0.052547,0.273681,,,,1.161735,0.110975,0.160707
147.4022,1.292816,0.203951,1.175545,0.130685,0.138277,1.230248,0.178547,0.067528,1.233775,0.181864,0.063037,1.064829,0.052547,0.273681,,,,1.161735,0.110975,0.160707
147.599,1.29365,0.204813,1.175545,0.130685,0.139442,1.230248,0.178547,0.068628,1.233775,0.181864,0.064123,1.064829,0.052547,0.274853,,,,1.161735,0.110975,0.161887
147.8071,1.29365,0.204813,1.175545,0.130685,0.139442,1.230248,0.178547,0.068628,1.233775,0.181864,0.064123,1.064829,0.052547,0.274853,,,,1.161735,0.110975,0.161887
148.0008,1.293926,0.205098,1.231856,0.180985,0.066589,1.230248,0.178547,0.068991,1.233775,0.181864,0.064482,1.064829,0.052547,0.27524,,,,1.161735,0.110975,0.162277
148.202,1.295209,0.206432,1.231856,0.180985,0.068273,1.231869,0.180993,0.068257,1.231889,0.18101,0.068232,1.064829,0.052547,0.277048,,,,1.166106,0.114094,0.158726
148.4037,1.296595,0.207883,1.231856,0.180985,0.070104,1.231869,0.180993,0.070089,1.231889,0.18101,0.070064,1.064829,0.052547,0.279006,,,,1.166106,0.114094,0.160697
148.6178,1.296781,0.208079,1.231856,0.180985,0.070352,1.233795,0.182923,0.067824,1.233815,0.182941,0.067799,1.064829,0.052547,0.27927,,,,1.168311,0.115698,0.158237
149.0056,1.296781,0.208079,1.231856,0.180985,0.070352,1.233795,0.182923,0.067824,1.233815,0.182941,0.067799,1.064829,0.052547,0.27927,,,,1.168311,0.115698,0.158237
149.2024,1.298939,0.21036,1.231856,0.180985,0.073233,1.235752,0.184903,0.068123,1.235771,0.18492,0.068098,1.064829,0.052547,0.282334,,,,1.170554,0.117347,0.158538
149.4238,1.300551,0.21208,1.231856,0.180985,0.075405,1.235752,0.184903,0.070268,1.237745,0.186936,0.067652,1.064829,0.052547,0.284632,,,,1.170554,0.117347,0.160853
149.5982,1.301498,0.213096,1.231856,0.180985,0.076689,1.237725,0.186918,0.068936,1.237745,0.186936,0.068912,1.064829,0.052547,0.285986,,,,1.172819,0.119027,0.159396
150.1153,1.301592,0.213198,1.231856,0.180985,0.076817,1.237725,0.186918,0.069063,1.237745,0.186936,0.069038,1.064829,0.052547,0.286122,,,,1.172819,0.119027,0.159533
150.2043,1.302819,0.214524,1.231856,0.180985,0.07849,1.237725,0.186918,0.070706,1.237745,0.186936,0.070681,1.064829,0.052547,0.287881,,,,1.172819,0.119027,0.161306
150.4031,1.302819,0.214524,1.231856,0.180985,0.07849,1.237725,0.186918,0.070706,1.237745,0.186936,0.070681,1.064829,0.052547,0.287881,,,,1.172819,0.119027,0.161306
150.6068,1.303253,0.214994,1.231856,0.180985,0.079084,1.237725,0.186918,0.071289,1.237745,0.186936,0.071265,1.064829,0.052547,0.288505,,,,1.172819,0.119027,0.161934
151.2079,1.303253,0.214994,1.231856,0.180985,0.079084,1.237725,0.186918,0.071289,1.237745,0.186936,0.071265,1.064829,0.052547,0.288505,,,,1.172819,0.119027,0.161934
151.4008,1.30578,0.217759,1.231856,0.180985,0.082566,1.241393,0.190716,0.069836,1.241168,0.190466,0.07014,1.064829,0.052547,0.292151,,,,1.177037,0.122203,0.16033
151.5984,1.307157,0.219283,1.231856,0.180985,0.084481,1.241393,0.190716,0.071701,1.241168,0.190466,0.072006,1.064829,0.052547,0.294149,,,,1.177037,0.122203,0.162344
151.8368,1.307157,0.219283,1.231856,0.180985,0.084481,1.241393,0.190716,0.071701,1.241168,0.190466,0.072006,1.064829,0.052547,0.294149,,,,1.177037,0.122203,0.162344
152.0049,1.308367,0.220632,1.231856,0.180985,0.086173,1.244783,0.194278,0.068829,1.244558,0.194029,0.069132,1.064829,0.052547,0.295911,,,,1.180945,0.125189,0.159204
152.2205,1.309326,0.221709,1.231856,0.180985,0.087522,1.244783,0.194278,0.07013,1.244558,0.194029,0.070435,1.064829,0.052547,0.297312,,,,1.182763,0.126606,0.158313
152.4043,1.310047,0.222524,1.231856,0.180985,0.08854,1.247531,0.197221,0.067442,1.246132,0.195714,0.06931,1.064829,0.052547,0.298368,,,,1.182763,0.126606,0.159378
152.6162,1.310047,0.222524,1.231856,0.180985,0.08854,1.247531,0.197221,0.067442,1.246132,0.195714,0.06931,1.064829,0.052547,0.298368,,,,1.182763,0.126606,0.159378
153.0749,1.310047,0.222524,1.231856,0.180985,0.08854,1.247531,0.197221,0.067442,1.246132,0.195714,0.06931,1.064829,0.052547,0.298368,,,,1.182763,0.126606,0.159378
153.2006,1.310514,0.223054,1.231856,0.180985,0.089202,1.247531,0.197221,0.068075,1.246132,0.195714,0.069947,1.064829,0.052547,0.299055,,,,1.182763,0.126606,0.160071
153.4052,1.310868,0.223456,1.231856,0.180985,0.089704,1.247531,0.197221,0.068555,1.246132,0.195714,0.070431,1.064829,0.052547,0.299575,,,,1.182763,0.126606,0.160595
153.6314,1.311468,0.22414,1.231856,0.180985,0.090556,1.247531,0.197221,0.069372,1.249238,0.199073,0.067089,1.064829,0.052547,0.300457,,,,1.186358,0.129436,0.156911
154.1546,1.312266,0.225053,1.231856,0.180985,0.091694,1.247531,0.197221,0.070464,1.249238,0.199073,0.068172,1.064829,0.052547,0.301634,,,,1.186358,0.129436,0.158099
154.204,1.312507,0.22533,1.231856,0.180985,0.092039,1.250887,0.200883,0.066292,1.249238,0.199073,0.068501,1.064829,0.052547,0.301991,,,,1.188298,0.130987,0.155976
154.4117,1.315147,0.22838,1.231856,0.180985,0.095832,1.25255,0.202726,0.067651,1.25091,0.200909,0.069865,1.064829,0.052547,0.305903,,,,1.188298,0.130987,0.159926
154.6031,1.315392,0.228665,1.231856,0.180985,0.096186,1.25255,0.202726,0.067986,1.25091,0.200909,0.070202,1.064829,0.052547,0.306267,,,,1.188298,0.130987,0.160294
155.0177,1.315392,0.228665,1.231856,0.180985,0.096186,1.25255,0.202726,0.067986,1.25091,0.200909,0.070202,1.064829,0.052547,0.306267,,,,1.188298,0.130987,0.160294
155.2001,1.317786,0.231471,1.231856,0.180985,0.099663,1.256032,0.206638,0.06656,1.255999,0.206578,0.066613,1.064829,0.052547,0.30984,,,,1.19444,0.135967,0.155998
155.3983,1.317786,0.231471,1.231856,0.180985,0.099663,1.256032,0.206638,0.06656,1.255999,0.206578,0.066613,1.064829,0.052547,0.30984,,,,1.19444,0.135967,0.155998
155.5986,1.318441,0.232244,1.231856,0.180985,0.100621,1.256032,0.206638,0.067458,1.255999,0.206578,0.067512,1.064829,0.052547,0.310822,,,,1.19444,0.135967,0.15699
155.8449,1.318441,0.232244,1.231856,0.180985,0.100621,1.256032,0.206638,0.067458,1.255999,0.206578,0.067512,1.064829,0.052547,0.310822,,,,1.19444,0.135967,0.15699
156.0078,1.318441,0.232244,1.231856,0.180985,0.100621,1.256032,0.206638,0.067458,1.255999,0.206578,0.067512,1.064829,0.052547,0.310822,,,,1.19444,0.135967,0.15699
156.2121,1.318852,0.232731,1.231856,0.180985,0.101222,1.256032,0.206638,0.068023,1.255999,0.206578,0.068077,1.064829,0.052547,0.311438,,,,1.19444,0.135967,0.157612
156.4352,1.32016,0.23429,1.231856,0.180985,0.103146,1.256032,0.206638,0.069836,1.255999,0.206578,0.069891,1.268569,0.198583,0.062743,,,,1.19444,0.135967,0.159603
156.6022,1.321138,0.235463,1.231856,0.180985,0.10459,1.256032,0.206638,0.071201,1.255999,0.206578,0.071256,1.268569,0.198583,0.064215,,,,1.19444,0.135967,0.161096
156.8905,1.321138,0.235463,1.231856,0.180985,0.10459,1.259449,0.210528,0.066538,1.255999,0.206578,0.071256,1.268569,0.198583,0.064215,,,,1.19444,0.135967,0.161096
157.0054,1.321968,0.236465,1.231856,0.180985,0.105822,1.259449,0.210528,0.067686,1.259415,0.210468,0.06774,1.268569,0.198583,0.065471,,,,1.268545,0.198559,0.065506
157.2006,1.32395,0.238874,1.231856,0.180985,0.108777,1.259449,0.210528,0.070455,1.259415,0.210468,0.07051,1.268569,0.198583,0.068487,,,,1.268545,0.198559,0.068521
157.4171,1.32395,0.238874,1.231856,0.180985,0.108777,1.261314,0.212694,0.067888,1.26128,0.212634,0.067942,1.268569,0.198583,0.068487,,,,1.270622,0.200521,0.065688
157.6103,1.32395,0.238874,1.231856,0.180985,0.108777,1.261314,0.212694,0.067888,1.26128,0.212634,0.067942,1.268569,0.198583,0.068487,,,,1.270622,0.200521,0.065688
157.9953,1.32395,0.238874,1.231856,0.180985,0.108777,1.261314,0.212694,0.067888,1.26128,0.212634,0.067942,1.268569,0.198583,0.068487,,,,1.270622,0.200521,0.065688
157.9992,1.324315,0.23932,1.231856,0.180985,0.109324,1.263186,0.21489,0.06583,1.265045,0.217049,0.063316,1.268569,0.198583,0.069044,,,,1.27271,0.202513,0.063387
158.2047,1.32628,0.241739,1.231856,0.180985,0.112281,1.265058,0.217106,0.065992,1.265045,0.217049,0.066024,1.268569,0.198583,0.072062,,,,1.2748,0.204526,0.063522
158.4163,1.327088,0.242741,1.231856,0.180985,0.113503,1.265058,0.217106,0.067118,1.265045,0.217049,0.067151,1.268569,0.198583,0.07331,,,,1.2748,0.204526,0.064765
158.6012,1.327088,0.242741,1.231856,0.180985,0.113503,1.265058,0.217106,0.067118,1.265045,0.217049,0.067151,1.268569,0.198583,0.07331,,,,1.2748,0.204526,0.064765
158.7985,1.330158,0.246589,1.231856,0.180985,0.118182,1.266944,0.219362,0.068828,1.266931,0.219305,0.068862,1.268569,0.198583,0.078088,,,,1.276907,0.206575,0.066608
158.9985,1.330158,0.246589,1.231856,0.180985,0.118182,1.266944,0.219362,0.068828,1.266931,0.219305,0.068862,1.268569,0.198583,0.078088,,,,1.276907,0.206575,0.066608
159.2083,1.332445,0.249497,1.231856,0.180985,0.121705,1.268812,0.221616,0.069474,1.268799,0.221559,0.069508,1.268569,0.198583,0.081684,,,,1.278997,0.208626,0.067284
159.3997,1.332965,0.250162,1.231856,0.180985,0.122508,1.268812,0.221616,0.070217,1.268799,0.221559,0.070252,1.268569,0.198583,0.082505,,,,1.278997,0.208626,0.068101
159.5988,1.333396,0.250716,1.231856,0.180985,0.123178,1.268812,0.221616,0.070838,1.268799,0.221559,0.070873,1.268569,0.198583,0.083189,,,,1.278997,0.208626,0.068782
159.8577,1.333396,0.250716,1.231856,0.180985,0.123178,1.268812,0.221616,0.070838,1.268799,0.221559,0.070873,1.268569,0.198583,0.083189,,,,1.278997,0.208626,0.068782
160.0002,1.335375,0.253272,1.231856,0.180985,0.12626,1.274217,0.228243,0.066082,1.274204,0.228186,0.066115,1.268569,0.198583,0.086336,,,,1.285054,0.214663,0.063426
160.2075,1.335375,0.253272,1.231856,0.180985,0.12626,1.274217,0.228243,0.066082,1.274204,0.228186,0.066115,1.268569,0.198583,0.086336,,,,1.285054,0.214663,0.063426
160.3989,1.335707,0.253705,1.231856,0.180985,0.12678,1.274217,0.228243,0.066554,1.274204,0.228186,0.066588,1.268569,0.198583,0.086867,,,,1.285054,0.214663,0.063954
160.6073,1.335707,0.253705,1.231856,0.180985,0.12678,1.274217,0.228243,0.066554,1.274204,0.228186,0.066588,1.268569,0.198583,0.086867,,,,1.285054,0.214663,0.063954
160.9299,1.335707,0.253705,1.231856,0.180985,0.12678,1.274217,0.228243,0.066554,1.274204,0.228186,0.066588,1.268569,0.198583,0.086867,,,,1.285054,0.214663,0.063954
161.0228,1.336106,0.254224,1.274123,0.224008,0.068956,1.274217,0.228243,0.067122,1.274204,0.228186,0.067156,1.268569,0.198583,0.087505,,,,1.285054,0.214663,0.064587
161.2211,1.337845,0.256502,1.274123,0.224008,0.071529,1.274133,0.224041,0.071505,1.274134,0.224044,0.071502,1.268569,0.198583,0.090298,,,,1.286906,0.216546,0.06474
161.3987,1.338476,0.257335,1.274123,0.224008,0.072471,1.274133,0.224041,0.072447,1.274134,0.224044,0.072444,1.268569,0.198583,0.091317,,,,1.286906,0.216546,0.065751
161.6108,1.338555,0.257439,1.274123,0.224008,0.072588,1.274133,0.224041,0.072564,1.274134,0.224044,0.072562,1.268569,0.198583,0.091444,,,,1.286906,0.216546,0.065877
162.0387,1.339106,0.258169,1.274123,0.224008,0.073414,1.275764,0.226129,0.070984,1.274134,0.224044,0.073388,1.268569,0.198583,0.092335,,,,1.286906,0.216546,0.066762
162.2032,1.340896,0.260555,1.274123,0.224008,0.07612,1.275764,0.226129,0.07367,1.277395,0.228221,0.071259,1.268569,0.198583,0.095245,,,,1.288756,0.218444,0.067022
162.4077,1.342153,0.262244,1.274123,0.224008,0.078039,1.27884,0.230104,0.071004,1.278925,0.230215,0.070878,1.268569,0.198583,0.0973,,,,1.292249,0.222058,0.064073
162.6006,1.342963,0.26334,1.274123,0.224008,0.079284,1.280362,0.232104,0.069961,1.280447,0.232215,0.069836,1.268569,0.198583,0.09863,,,,1.293981,0.223879,0.0629
162.8014,1.342963,0.26334,1.274123,0.224008,0.079284,1.280362,0.232104,0.069961,1.280447,0.232215,0.069836,1.268569,0.198583,0.09863,,,,1.293981,0.223879,0.0629
162.9984,1.343258,0.263738,1.274123,0.224008,0.079738,1.280362,0.232104,0.070403,1.280447,0.232215,0.070277,1.268569,0.198583,0.099114,,,,1.293981,0.223879,0.063379
163.1985,1.343258,0.263738,1.274123,0.224008,0.079738,1.280362,0.232104,0.070403,1.280447,0.232215,0.070277,1.268569,0.198583,0.099114,,,,1.293981,0.223879,0.063379
163.4159,1.345417,0.266684,1.274123,0.224008,0.083091,1.281963,0.234225,0.071274,1.282048,0.234337,0.071148,1.268569,0.198583,0.102681,,,,1.293981,0.223879,0.066917
163.6121,1.345417,0.266684,1.274123,0.224008,0.083091,1.281963,0.234225,0.071274,1.282048,0.234337,0.071148,1.268569,0.198583,0.102681,,,,1.293981,0.223879,0.066917
163.8044,1.347907,0.270121,1.274123,0.224008,0.087009,1.281963,0.234225,0.075081,1.283644,0.236468,0.072541,1.268569,0.198583,0.106828,,,,1.297637,0.227753,0.065743
164.0193,1.348387,0.270789,1.274123,0.224008,0.08777,1.285197,0.238542,0.070942,1.285253,0.238633,0.070852,1.268569,0.198583,0.107631,,,,1.299474,0.229728,0.063863
164.2044,1.348387,0.270789,1.274123,0.224008,0.08777,1.285197,0.238542,0.070942,1.285253,0.238633,0.070852,1.268569,0.198583,0.107631,,,,1.299474,0.229728,0.063863
164.4044,1.350313,0.273477,1.274123,0.224008,0.090842,1.286924,0.240881,0.071279,1.286979,0.240973,0.071189,1.268569,0.198583,0.110866,,,,1.301446,0.231864,0.064185
164.6041,1.350983,0.274416,1.274123,0.224008,0.091915,1.286924,0.240881,0.072306,1.2887,0.24332,0.069614,1.268569,0.198583,0.111994,,,,1.303415,0.234008,0.062414
164.859,1.350983,0.274416,1.274123,0.224008,0.091915,1.286924,0.240881,0.072306,1.2887,0.24332,0.069614,1.268569,0.198583,0.111994,,,,1.303415,0.234008,0.062414
165.0153,1.351236,0.274771,1.274123,0.224008,0.092321,1.286924,0.240881,0.072695,1.2887,0.24332,0.069999,1.268569,0.198583,0.11242,,,,1.303415,0.234008,0.062836
165.2022,1.351236,0.274771,1.274123,0.224008,0.092321,1.286924,0.240881,0.072695,1.2887,0.24332,0.069999,1.268569,0.198583,0.11242,,,,1.303415,0.234008,0.062836
165.4016,1.353656,0.278185,1.274123,0.224008,0.096232,1.29049,0.245742,0.07101,1.290475,0.245757,0.071017,1.268569,0.198583,0.116517,,,,1.305447,0.236235,0.063905
165.6137,1.354173,0.278918,1.274123,0.224008,0.097073,1.29049,0.245742,0.071807,1.290475,0.245757,0.071813,1.268569,0.198583,0.117396,,,,1.305447,0.236235,0.064777
165.8337,1.355763,0.281178,1.274123,0.224008,0.099667,1.292268,0.248192,0.071553,1.292252,0.248207,0.07156,1.268569,0.198583,0.120103,,,,1.307482,0.238475,0.064457
166.001,1.357196,0.283223,1.274123,0.224008,0.102018,1.292268,0.248192,0.073776,1.292252,0.248207,0.073783,1.268569,0.198583,0.122551,,,,1.307482,0.238475,0.066887
166.2081,1.357196,0.283223,1.274123,0.224008,0.102018,1.292268,0.248192,0.073776,1.292252,0.248207,0.073783,1.268569,0.198583,0.122551,,,,1.307482,0.238475,0.066887
166.404,1.359537,0.28658,1.274123,0.224008,0.105881,1.294107,0.250738,0.074604,1.294089,0.250755,0.074611,1.268569,0.198583,0.126564,,,,1.309588,0.240806,0.067751
166.5982,1.359537,0.28658,1.274123,0.224008,0.105881,1.297531,0.255504,0.069357,1.297511,0.255522,0.069367,1.268569,0.198583,0.126564,,,,1.313512,0.245169,0.061912
166.8944,1.359537,0.28658,1.274123,0.224008,0.105881,1.297531,0.255504,0.069357,1.297511,0.255522,0.069367,1.268569,0.198583,0.126564,,,,1.313512,0.245169,0.061912
167.0072,1.35987,0.287058,1.274123,0.224008,0.106432,1.297531,0.255504,0.06987,1.297511,0.255522,0.069879,1.268569,0.198583,0.127136,,,,1.313512,0.245169,0.06248
167.2175,1.359953,0.287178,1.274123,0.224008,0.10657,1.297531,0.255504,0.069998,1.297511,0.255522,0.070007,1.268569,0.198583,0.127279,,,,1.313512,0.245169,0.062621
167.3987,1.362352,0.290641,1.274123,0.224008,0.110563,1.299225,0.257881,0.071121,1.297511,0.255522,0.07374,1.268569,0.198583,0.131415,,,,1.313512,0.245169,0.066731
167.6095,1.362352,0.290641,1.274123,0.224008,0.110563,1.299225,0.257881,0.071121,1.297511,0.255522,0.07374,1.268569,0.198583,0.131415,,,,1.313512,0.245169,0.066731
167.8213,1.362352,0.290641,1.274123,0.224008,0.110563,1.299225,0.257881,0.071121,1.297511,0.255522,0.07374,1.268569,0.198583,0.131415,,,,1.313512,0.245169,0.066731
167.9997,1.36451,0.293772,1.274123,0.224008,0.114179,1.30092,0.260269,0.071876,1.302609,0.2627,0.069262,1.268569,0.198583,0.13515,,,,1.317411,0.249539,0.064614
168.1986,1.365092,0.294619,1.274123,0.224008,0.115158,1.30092,0.260269,0.072787,1.302609,0.2627,0.070164,1.268569,0.198583,0.13616,,,,1.317411,0.249539,0.065618
168.3989,1.367314,0.297857,1.274123,0.224008,0.118905,1.302623,0.262675,0.073639,1.302609,0.2627,0.07364,1.268569,0.198583,0.140021,,,,1.319367,0.251744,0.066523
168.5984,1.368055,0.29894,1.274123,0.224008,0.120159,1.30438,0.265166,0.072078,1.304365,0.265191,0.072079,1.268569,0.198583,0.141312,,,,1.321387,0.254027,0.06477
168.8739,1.368055,0.29894,1.274123,0.224008,0.120159,1.30438,0.265166,0.072078,1.304365,0.265191,0.072079,1.268569,0.198583,0.141312,,,,1.321387,0.254027,0.06477
168.9982,1.370433,0.302425,1.274123,0.224008,0.124196,1.307636,0.269794,0.070768,1.30762,0.26982,0.070771,1.268569,0.198583,0.145462,,,,1.323325,0.256224,0.065982
169.1999,1.37075,0.30289,1.274123,0.224008,0.124736,1.307636,0.269794,0.071265,1.30762,0.26982,0.071267,1.268569,0.198583,0.146017,,,,1.323325,0.256224,0.066535
169.3998,1.37075,0.30289,1.274123,0.224008,0.124736,1.307636,0.269794,0.071265,1.30762,0.26982,0.071267,1.268569,0.198583,0.146017,,,,1.323325,0.256224,0.066535
169.5981,1.370908,0.303124,1.274123,0.224008,0.125007,1.307636,0.269794,0.071514,1.30762,0.26982,0.071516,1.268569,0.198583,0.146294,,,,1.323325,0.256224,0.066811
169.9037,1.370908,0.303124,1.274123,0.224008,0.125007,1.307636,0.269794,0.071514,1.30762,0.26982,0.071516,1.268569,0.198583,0.146294,,,,1.323325,0.256224,0.066811
169.9999,1.373045,0.306272,1.274123,0.224008,0.128658,1.310879,0.274437,0.069843,1.310862,0.274464,0.069846,1.268569,0.198583,0.15004,,,,1.327066,0.260477,0.064894
170.2068,1.373045,0.306272,1.274123,0.224008,0.128658,1.310879,0.274437,0.069843,1.310862,0.274464,0.069846,1.268569,0.198583,0.15004,,,,1.327066,0.260477,0.064894
170.4125,1.375174,0.309422,1.274123,0.224008,0.132314,1.310879,0.274437,0.073197,1.310862,0.274464,0.073199,1.268569,0.198583,0.153785,,,,1.32893,0.26261,0.065802
170.5983,1.376015,0.310668,1.274123,0.224008,0.133761,1.314013,0.278946,0.069646,1.313994,0.278974,0.06965,1.268569,0.198583,0.155266,,,,1.332537,0.266749,0.0618
170.845,1.376015,0.310668,1.274123,0.224008,0.133761,1.314013,0.278946,0.069646,1.313994,0.278974,0.06965,1.268569,0.198583,0.155266,,,,1.332537,0.266749,0.0618
170.9984,1.376948,0.312054,1.274123,0.224008,0.13537,1.314013,0.278946,0.071113,1.313994,0.278974,0.071116,1.268569,0.198583,0.156913,,,,1.332537,0.266749,0.063442
171.1986,1.378601,0.314515,1.274123,0.224008,0.138229,1.314013,0.278946,0.073735,1.313994,0.278974,0.073738,1.268569,0.198583,0.159835,,,,1.332537,0.266749,0.06636
171.3986,1.378601,0.314515,1.274123,0.224008,0.138229,1.314013,0.278946,0.073735,1.313994,0.278974,0.073738,1.268569,0.198583,0.159835,,,,1.332537,0.266749,0.06636
171.5985,1.378601,0.314515,1.274123,0.224008,0.138229,1.314013,0.278946,0.073735,1.313994,0.278974,0.073738,1.268569,0.198583,0.159835,,,,1.332537,0.266749,0.06636
171.8037,1.378756,0.314746,1.274123,0.224008,0.138497,1.314013,0.278946,0.073982,1.313994,0.278974,0.073985,1.268569,0.198583,0.160109,,,,1.332537,0.266749,0.066633
172.005,1.379606,0.316015,1.274123,0.224008,0.139972,1.317184,0.28354,0.070365,1.315612,0.281319,0.072795,1.268569,0.198583,0.161615,,,,1.334402,0.268903,0.065292
172.1985,1.381102,0.318254,1.274123,0.224008,0.142572,1.317184,0.28354,0.072737,1.318676,0.285771,0.070372,1.268569,0.198583,0.16427,,,,1.337934,0.272993,0.062546
172.399,1.381102,0.318254,1.274123,0.224008,0.142572,1.317184,0.28354,0.072737,1.318676,0.285771,0.070372,1.268569,0.198583,0.16427,,,,1.337934,0.272993,0.062546
172.6068,1.38222,0.319931,1.274123,0.224008,0.144521,1.318712,0.285769,0.072114,1.318676,0.285771,0.072144,1.268569,0.198583,0.166258,,,,1.337934,0.272993,0.064532
172.7993,1.383575,0.321972,1.274123,0.224008,0.14689,1.318712,0.285769,0.074283,1.318676,0.285771,0.074313,1.268569,0.198583,0.168675,,,,1.337934,0.272993,0.066948
173.0081,1.383575,0.321972,1.274123,0.224008,0.14689,1.318712,0.285769,0.074283,1.318676,0.285771,0.074313,1.268569,0.198583,0.168675,,,,1.337934,0.272993,0.066948
173.1984,1.383652,0.322087,1.274123,0.224008,0.147024,1.320236,0.288,0.071996,1.3202,0.288003,0.072027,1.268569,0.198583,0.168811,,,,1.341542,0.277197,0.06155
173.4053,1.383652,0.322087,1.274123,0.224008,0.147024,1.320236,0.288,0.071996,1.3202,0.288003,0.072027,1.268569,0.198583,0.168811,,,,1.341542,0.277197,0.06155
173.6036,1.384628,0.32356,1.274123,0.224008,0.148734,1.320236,0.288,0.073558,1.3202,0.288003,0.073589,1.268569,0.198583,0.170554,,,,1.341542,0.277197,0.063293
173.8273,1.384628,0.32356,1.274123,0.224008,0.148734,1.320236,0.288,0.073558,1.3202,0.288003,0.073589,1.268569,0.198583,0.170554,,,,1.341542,0.277197,0.063293
174.0073,1.387989,0.328648,1.274123,0.224008,0.154645,1.323302,0.292501,0.074101,1.323266,0.292504,0.074131,1.268569,0.198583,0.176573,,,,1.343309,0.279269,0.066593
174.2045,1.388735,0.329783,1.274123,0.224008,0.155963,1.324826,0.294748,0.072883,1.324789,0.294752,0.072914,1.268569,0.198583,0.177914,,,,1.345069,0.281336,0.065222
174.422,1.390598,0.332619,1.274123,0.224008,0.159257,1.326352,0.297005,0.073457,1.326315,0.297009,0.073487,1.268569,0.198583,0.181264,,,,1.346832,0.283413,0.065853
174.6006,1.390598,0.332619,1.274123,0.224008,0.159257,1.326352,0.297005,0.073457,1.326315,0.297009,0.073487,1.268569,0.198583,0.181264,,,,1.346832,0.283413,0.065853
174.7984,1.39104,0.333292,1.274123,0.224008,0.160039,1.329365,0.301472,0.0694,1.327846,0.299278,0.071766,1.268569,0.198583,0.182059,,,,1.350315,0.287524,0.061263
175.017,1.39104,0.333292,1.274123,0.224008,0.160039,1.329365,0.301472,0.0694,1.327846,0.299278,0.071766,1.268569,0.198583,0.182059,,,,1.350315,0.287524,0.061263
175.2125,1.391627,0.334189,1.274123,0.224008,0.161081,1.329365,0.301472,0.070335,1.327846,0.299278,0.072711,1.268569,0.198583,0.183118,,,,1.350315,0.287524,0.062324
175.4041,1.392945,0.336203,1.274123,0.224008,0.163421,1.329365,0.301472,0.072448,1.330841,0.303729,0.070082,1.268569,0.198583,0.185496,,,,1.350315,0.287524,0.064707
175.6004,1.392945,0.336203,1.274123,0.224008,0.163421,1.329365,0.301472,0.072448,1.330841,0.303729,0.070082,1.268569,0.198583,0.185496,,,,1.350315,0.287524,0.064707
176.0444,1.392945,0.336203,1.274123,0.224008,0.163421,1.329365,0.301472,0.072448,1.330841,0.303729,0.070082,1.268569,0.198583,0.185496,,,,1.350315,0.287524,0.064707
176.2003,1.3981,0.344115,1.274123,0.224008,0.172615,1.335425,0.310523,0.07111,1.333936,0.308346,0.07346,1.268569,0.198583,0.194827,,,,1.357328,0.295858,0.063175
176.3992,1.3981,0.344115,1.274123,0.224008,0.172615,1.335425,0.310523,0.07111,1.333936,0.308346,0.07346,1.268569,0.198583,0.194827,,,,1.357328,0.295858,0.063175
176.6012,1.398405,0.344584,1.274123,0.224008,0.173161,1.335425,0.310523,0.071601,1.337051,0.313008,0.069003,1.268569,0.198583,0.195381,,,,1.357328,0.295858,0.06373
176.8007,1.399466,0.346217,1.274123,0.224008,0.17506,1.335425,0.310523,0.073317,1.337051,0.313008,0.0707,1.268569,0.198583,0.197306,,,,1.357328,0.295858,0.065663
176.9983,1.40075,0.348194,1.274123,0.224008,0.17736,1.33698,0.312856,0.072907,1.338593,0.315322,0.070314,1.268569,0.198583,0.199638,,,,1.3609,0.30012,0.062443
177.2044,1.401202,0.34889,1.274123,0.224008,0.17817,1.33698,0.312856,0.07364,1.338593,0.315322,0.07104,1.354131,0.300595,0.067439,,,,1.3609,0.30012,0.063267
177.4067,1.402564,0.350991,1.274123,0.224008,0.180615,1.338521,0.31517,0.07338,1.340128,0.317627,0.070792,1.354131,0.300595,0.069897,,,,1.354127,0.30059,0.069903
177.6003,1.403023,0.351699,1.274123,0.224008,0.181439,1.340056,0.317475,0.071667,1.340128,0.317627,0.071531,1.354131,0.300595,0.070725,,,,1.354127,0.30059,0.070732
177.8763,1.403023,0.351699,1.274123,0.224008,0.181439,1.340056,0.317475,0.071667,1.340128,0.317627,0.071531,1.354131,0.300595,0.070725,,,,1.354127,0.30059,0.070732
178.0,1.405831,0.356029,1.274123,0.224008,0.186484,1.341613,0.319817,0.073724,1.341686,0.319968,0.073586,1.354131,0.300595,0.075801,,,,1.355733,0.302898,0.073025
178.2069,1.405983,0.356263,1.274123,0.224008,0.186758,1.344712,0.324477,0.069025,1.344786,0.324628,0.06889,1.354131,0.300595,0.076076,,,,1.358929,0.307493,0.067769
178.3987,1.405983,0.356263,1.274123,0.224008,0.186758,1.344712,0.324477,0.069025,1.344786,0.324628,0.06889,1.354131,0.300595,0.076076,,,,1.358929,0.307493,0.067769
178.6013,1.405983,0.356263,1.274123,0.224008,0.186758,1.344712,0.324477,0.069025,1.344786,0.324628,0.06889,1.354131,0.300595,0.076076,,,,1.358929,0.307493,0.067769
179.035,1.405983,0.356263,1.274123,0.224008,0.186758,1.344712,0.324477,0.069025,1.344786,0.324628,0.06889,1.354131,0.300595,0.076076,,,,1.358929,0.307493,0.067769
179.2026,1.408225,0.359722,1.274123,0.224008,0.190792,1.346228,0.326757,0.070217,1.346303,0.326907,0.07008,1.354131,0.300595,0.080139,,,,1.360492,0.309741,0.069113
179.4084,1.408447,0.360065,1.343568,0.333842,0.069978,1.346228,0.326757,0.070574,1.346303,0.326907,0.070437,1.354131,0.300595,0.080541,,,,1.360492,0.309741,0.069514
179.6059,1.409333,0.361431,1.343568,0.333842,0.071317,1.343577,0.33383,0.071314,1.346303,0.326907,0.071866,1.354131,0.300595,0.082148,,,,1.362042,0.311969,0.068433
179.8708,1.409481,0.36166,1.343568,0.333842,0.071542,1.343577,0.33383,0.071539,1.346303,0.326907,0.072106,1.354131,0.300595,0.082417,,,,1.362042,0.311969,0.0687
180.0404,1.410665,0.363486,1.343568,0.333842,0.073353,1.343577,0.33383,0.073351,1.343577,0.33383,0.073351,1.354131,0.300595,0.084566,,,,1.362042,0.311969,0.07084
180.2248,1.412014,0.365565,1.343568,0.333842,0.075439,1.346337,0.338225,0.07114,1.343577,0.33383,0.075437,1.354131,0.300595,0.087014,,,,1.365006,0.31623,0.068145
180.4051,1.41272,0.366654,1.343568,0.333842,0.076541,1.346337,0.338225,0.072214,1.346337,0.338226,0.072214,1.354131,0.300595,0.088297,,,,1.365006,0.31623,0.069421
180.5993,1.413143,0.367307,1.343568,0.333842,0.077204,1.346337,0.338225,0.072862,1.346337,0.338226,0.072862,1.354131,0.300595,0.089067,,,,1.365006,0.31623,0.070186
180.8731,1.413143,0.367307,1.343568,0.333842,0.077204,1.346337,0.338225,0.072862,1.346337,0.338226,0.072862,1.354131,0.300595,0.089067,,,,1.365006,0.31623,0.070186
181.0042,1.413426,0.367742,1.343568,0.333842,0.077648,1.347717,0.340423,0.071162,1.346337,0.338226,0.073295,1.354131,0.300595,0.08958,,,,1.365006,0.31623,0.070697
181.2027,1.413496,0.367851,1.343568,0.333842,0.077759,1.347717,0.340423,0.071269,1.346337,0.338226,0.073403,1.354131,0.300595,0.089709,,,,1.365006,0.31623,0.070825
181.4095,1.415153,0.370406,1.343568,0.333842,0.080382,1.349066,0.342572,0.07171,1.349035,0.342523,0.071757,1.354131,0.300595,0.092721,,,,1.367903,0.320395,0.068802
181.6016,1.415222,0.370512,1.343568,0.333842,0.080492,1.349066,0.342572,0.071815,1.349035,0.342523,0.071862,1.354131,0.300595,0.092847,,,,1.367903,0.320395,0.068927
181.7998,1.415775,0.371364,1.343568,0.333842,0.081373,1.349066,0.342572,0.072657,1.349035,0.342523,0.072705,1.354131,0.300595,0.093852,,,,1.367903,0.320395,0.069926
181.9983,1.417089,0.37339,1.343568,0.333842,0.083482,1.349066,0.342572,0.074679,1.349035,0.342523,0.074727,1.354131,0.300595,0.096244,,,,1.367903,0.320395,0.072304
182.1987,1.417713,0.374352,1.343568,0.333842,0.084489,1.351775,0.346886,0.07143,1.350384,0.344671,0.073581,1.354131,0.300595,0.097379,,,,1.370812,0.324577,0.068391
182.3989,1.418276,0.37522,1.343568,0.333842,0.085401,1.351775,0.346886,0.072286,1.350384,0.344671,0.074449,1.354131,0.300595,0.098405,,,,1.370812,0.324577,0.069409
182.5985,1.419527,0.377147,1.343568,0.333842,0.087435,1.353151,0.349078,0.072067,1.353137,0.349056,0.072089,1.354131,0.300595,0.100681,,,,1.37229,0.326702,0.069109
182.8002,1.420195,0.378175,1.343568,0.333842,0.088527,1.353151,0.349078,0.073086,1.354441,0.351133,0.071097,1.354131,0.300595,0.101898,,,,1.37229,0.326702,0.070317
183.001,1.420195,0.378175,1.343568,0.333842,0.088527,1.353151,0.349078,0.073086,1.354441,0.351133,0.071097,1.354131,0.300595,0.101898,,,,1.37229,0.326702,0.070317
183.199,1.421419,0.380062,1.343568,0.333842,0.090537,1.353151,0.349078,0.07497,1.354441,0.351133,0.072959,1.354131,0.300595,0.104128,,,,1.37229,0.326702,0.072533
183.3986,1.421841,0.380713,1.343568,0.333842,0.091233,1.355511,0.352836,0.071951,1.354441,0.351133,0.073605,1.354131,0.300595,0.104898,,,,1.373691,0.328715,0.070868
183.6006,1.422145,0.38118,1.343568,0.333842,0.091734,1.355511,0.352836,0.072412,1.354441,0.351133,0.074072,1.354131,0.300595,0.105451,,,,1.373691,0.328715,0.071417
184.0538,1.423295,0.382954,1.343568,0.333842,0.09364,1.355511,0.352836,0.074175,1.354441,0.351133,0.075852,1.354131,0.300595,0.107549,,,,1.373691,0.328715,0.073502
184.204,1.425861,0.386908,1.343568,0.333842,0.097919,1.359023,0.358436,0.07265,1.357971,0.356755,0.074285,1.354131,0.300595,0.112228,,,,1.377481,0.334165,0.071572
184.3987,1.42598,0.387092,1.343568,0.333842,0.098118,1.359023,0.358436,0.072831,1.357971,0.356755,0.074468,1.354131,0.300595,0.112445,,,,1.377481,0.334165,0.071787
184.5982,1.426337,0.387641,1.343568,0.333842,0.098716,1.360183,0.360285,0.071587,1.360292,0.360452,0.071422,1.354131,0.300595,0.113096,,,,1.379974,0.337748,0.068109
184.93,1.426337,0.387641,1.343568,0.333842,0.098716,1.360183,0.360285,0.071587,1.360292,0.360452,0.071422,1.354131,0.300595,0.113096,,,,1.379974,0.337748,0.068109
185.0006,1.426396,0.387732,1.343568,0.333842,0.098816,1.360183,0.360285,0.071677,1.360292,0.360452,0.071512,1.354131,0.300595,0.113204,,,,1.379974,0.337748,0.068216
185.2077,1.426917,0.388535,1.343568,0.333842,0.099691,1.360183,0.360285,0.072468,1.360292,0.360452,0.072302,1.354131,0.300595,0.114155,,,,1.379974,0.337748,0.069159
185.4008,1.427784,0.38987,1.343568,0.333842,0.10115,1.360183,0.360285,0.073791,1.36142,0.362248,0.071883,1.354131,0.300595,0.115736,,,,1.379974,0.337748,0.070728
185.6003,1.428477,0.390938,1.343568,0.333842,0.10232,1.360183,0.360285,0.074858,1.36142,0.362248,0.072937,1.354131,0.300595,0.117001,,,,1.379974,0.337748,0.071984
185.8214,1.428882,0.391561,1.343568,0.333842,0.103004,1.362437,0.363878,0.071981,1.36142,0.362248,0.073555,1.354131,0.300595,0.117739,,,,1.382396,0.341231,0.068513
186.0228,1.429748,0.392896,1.343568,0.333842,0.104472,1.362437,0.363878,0.0733,1.36142,0.362248,0.074887,1.354131,0.300595,0.119321,,,,1.382396,0.341231,0.070083
186.1991,1.431602,0.395749,1.343568,0.333842,0.107622,1.364803,0.36765,0.072469,1.364916,0.367814,0.072301,1.354131,0.300595,0.122703,,,,1.384879,0.344799,0.06913
186.4032,1.431602,0.395749,1.343568,0.333842,0.107622,1.364803,0.36765,0.072469,1.364916,0.367814,0.072301,1.354131,0.300595,0.122703,,,,1.384879,0.344799,0.06913
186.6046,1.431773,0.396013,1.343568,0.333842,0.107913,1.364803,0.36765,0.072729,1.364916,0.367814,0.072561,1.354131,0.300595,0.123016,,,,1.384879,0.344799,0.06944
186.8158,1.431773,0.396013,1.343568,0.333842,0.107913,1.364803,0.36765,0.072729,1.364916,0.367814,0.072561,1.354131,0.300595,0.123016,,,,1.384879,0.344799,0.06944
187.0028,1.432001,0.396364,1.343568,0.333842,0.108302,1.365916,0.369425,0.071365,1.36603,0.369589,0.071198,1.354131,0.300595,0.123432,,,,1.386075,0.346519,0.067777
187.2263,1.43223,0.396716,1.343568,0.333842,0.108692,1.365916,0.369425,0.07171,1.36603,0.369589,0.071542,1.354131,0.300595,0.123849,,,,1.386075,0.346519,0.06819
187.3985,1.433209,0.398224,1.343568,0.333842,0.110365,1.365916,0.369425,0.073197,1.36603,0.369589,0.073028,1.354131,0.300595,0.125637,,,,1.386075,0.346519,0.069964
187.6011,1.433495,0.398664,1.343568,0.333842,0.110854,1.365916,0.369425,0.073633,1.36603,0.369589,0.073464,1.354131,0.300595,0.126159,,,,1.386075,0.346519,0.070482
187.8037,1.434453,0.40014,1.343568,0.333842,0.112496,1.367036,0.371211,0.073361,1.367151,0.371375,0.073192,1.354131,0.300595,0.127909,,,,1.38844,0.34992,0.068112
188.0087,1.435242,0.401355,1.343568,0.333842,0.113851,1.367036,0.371211,0.07457,1.367151,0.371375,0.074399,1.354131,0.300595,0.129351,,,,1.38844,0.34992,0.069541
188.2084,1.436495,0.403287,1.343568,0.333842,0.116008,1.368137,0.372966,0.074781,1.368252,0.373129,0.07461,1.354131,0.300595,0.131642,,,,1.389619,0.351613,0.069768
188.3981,1.43725,0.404453,1.343568,0.333842,0.117312,1.37025,0.376335,0.072661,1.370367,0.376497,0.07249,1.354131,0.300595,0.133023,,,,1.390754,0.353246,0.069167
188.6083,1.437621,0.405025,1.343568,0.333842,0.117953,1.371288,0.377993,0.071629,1.370367,0.376497,0.073054,1.354131,0.300595,0.133702,,,,1.390754,0.353246,0.06984
188.9514,1.437621,0.405025,1.343568,0.333842,0.117953,1.371288,0.377993,0.071629,1.370367,0.376497,0.073054,1.354131,0.300595,0.133702,,,,1.390754,0.353246,0.06984
188.9983,1.438842,0.406912,1.343568,0.333842,0.120068,1.371288,0.377993,0.073483,1.371406,0.378155,0.073311,1.354131,0.300595,0.135938,,,,1.39187,0.354853,0.070118
189.2167,1.43946,0.407867,1.343568,0.333842,0.12114,1.371288,0.377993,0.07443,1.371406,0.378155,0.074257,1.354131,0.300595,0.137071,,,,1.39187,0.354853,0.071241
189.4038,1.440746,0.40986,1.343568,0.333842,0.123378,1.373479,0.381498,0.073002,1.372511,0.379921,0.074514,1.354131,0.300595,0.139431,,,,1.393058,0.356564,0.071516
189.6093,1.440746,0.40986,1.343568,0.333842,0.123378,1.373479,0.381498,0.073002,1.372511,0.379921,0.074514,1.354131,0.300595,0.139431,,,,1.393058,0.356564,0.071516
190.0218,1.440746,0.40986,1.343568,0.333842,0.123378,1.373479,0.381498,0.073002,1.372511,0.379921,0.074514,1.354131,0.300595,0.139431,,,,1.393058,0.356564,0.071516
190.2008,1.442659,0.412824,1.343568,0.333842,0.126716,1.375632,0.384952,0.072591,1.37469,0.383408,0.074061,1.354131,0.300595,0.142943,,,,1.396547,0.3616,0.068922
190.3985,1.442991,0.41334,1.343568,0.333842,0.127297,1.375632,0.384952,0.073096,1.37469,0.383408,0.074571,1.354131,0.300595,0.143553,,,,1.396547,0.3616,0.069527
190.6161,1.443164,0.413608,1.343568,0.333842,0.1276,1.376741,0.386735,0.071653,1.376912,0.38697,0.071406,1.354131,0.300595,0.143871,,,,1.396547,0.3616,0.069842
190.9191,1.443164,0.413608,1.343568,0.333842,0.1276,1.376741,0.386735,0.071653,1.376912,0.38697,0.071406,1.354131,0.300595,0.143871,,,,1.396547,0.3616,0.069842
191.0051,1.444256,0.415305,1.343568,0.333842,0.129515,1.376741,0.386735,0.073311,1.376912,0.38697,0.073062,1.354131,0.300595,0.145879,,,,1.396547,0.3616,0.071835
191.2236,1.444427,0.415572,1.343568,0.333842,0.129816,1.376741,0.386735,0.073574,1.376912,0.38697,0.073324,1.354131,0.300595,0.146195,,,,1.397741,0.363327,0.070066
191.4038,1.445457,0.417174,1.343568,0.333842,0.131626,1.376741,0.386735,0.075156,1.376912,0.38697,0.074905,1.354131,0.300595,0.148091,,,,1.397741,0.363327,0.071947
191.6003,1.446364,0.418587,1.343568,0.333842,0.133224,1.37898,0.390337,0.073066,1.379153,0.390572,0.072816,1.354131,0.300595,0.149763,,,,1.398947,0.365074,0.071498
191.8037,1.446364,0.418587,1.343568,0.333842,0.133224,1.37898,0.390337,0.073066,1.379153,0.390572,0.072816,1.354131,0.300595,0.149763,,,,1.398947,0.365074,0.071498
192.003,1.447717,0.420697,1.343568,0.333842,0.135612,1.37898,0.390337,0.075143,1.379153,0.390572,0.07489,1.354131,0.300595,0.152259,,,,1.401324,0.368522,0.069817
192.2024,1.448338,0.421667,1.343568,0.333842,0.136711,1.381186,0.393897,0.072668,1.381361,0.394131,0.072417,1.354131,0.300595,0.153406,,,,1.402511,0.370247,0.068877
192.3991,1.448338,0.421667,1.343568,0.333842,0.136711,1.381186,0.393897,0.072668,1.381361,0.394131,0.072417,1.354131,0.300595,0.153406,,,,1.402511,0.370247,0.068877
192.5997,1.448905,0.422552,1.343568,0.333842,0.137714,1.382294,0.395689,0.071824,1.382469,0.395922,0.071574,1.354131,0.300595,0.154452,,,,1.403704,0.371984,0.067825
192.7994,1.448905,0.422552,1.343568,0.333842,0.137714,1.382294,0.395689,0.071824,1.382469,0.395922,0.071574,1.354131,0.300595,0.154452,,,,1.403704,0.371984,0.067825
192.9986,1.449307,0.42318,1.343568,0.333842,0.138426,1.382294,0.395689,0.072433,1.382469,0.395922,0.072182,1.354131,0.300595,0.155195,,,,1.403704,0.371984,0.068562
193.2079,1.450118,0.42445,1.343568,0.333842,0.139866,1.382294,0.395689,0.073671,1.382469,0.395922,0.073418,1.354131,0.300595,0.156695,,,,1.403704,0.371984,0.07005
193.3996,1.450118,0.42445,1.343568,0.333842,0.139866,1.382294,0.395689,0.073671,1.383605,0.39776,0.071668,1.354131,0.300595,0.156695,,,,1.403704,0.371984,0.07005
193.5983,1.451044,0.425901,1.343568,0.333842,0.141513,1.382294,0.395689,0.075096,1.383605,0.39776,0.073075,1.354131,0.300595,0.15841,,,,1.403704,0.371984,0.071751
193.7992,1.452133,0.427611,1.343568,0.333842,0.143453,1.384564,0.399366,0.073235,1.383605,0.39776,0.074747,1.354131,0.300595,0.160429,,,,1.404926,0.373765,0.071609
194.0081,1.452133,0.427611,1.343568,0.333842,0.143453,1.384564,0.399366,0.073235,1.383605,0.39776,0.074747,1.354131,0.300595,0.160429,,,,1.404926,0.373765,0.071609
194.1992,1.452302,0.427875,1.343568,0.333842,0.143754,1.384564,0.399366,0.073492,1.383605,0.39776,0.075007,1.354131,0.300595,0.160741,,,,1.404926,0.373765,0.071919
194.41,1.453966,0.430497,1.343568,0.333842,0.14673,1.385664,0.401155,0.074338,1.385841,0.401387,0.074084,1.354131,0.300595,0.163834,,,,1.407299,0.37723,0.070818
194.6056,1.453966,0.430497,1.343568,0.333842,0.14673,1.385664,0.401155,0.074338,1.385841,0.401387,0.074084,1.354131,0.300595,0.163834,,,,1.407299,0.37723,0.070818
194.7982,1.454467,0.431288,1.343568,0.333842,0.147629,1.387827,0.404678,0.071757,1.388005,0.404909,0.071506,1.354131,0.300595,0.164766,,,,1.409628,0.380646,0.06764
194.9991,1.454467,0.431288,1.343568,0.333842,0.147629,1.387827,0.404678,0.071757,1.388005,0.404909,0.071506,1.354131,0.300595,0.164766,,,,1.409628,0.380646,0.06764
195.2058,1.454467,0.431288,1.343568,0.333842,0.147629,1.387827,0.404678,0.071757,1.388005,0.404909,0.071506,1.354131,0.300595,0.164766,,,,1.409628,0.380646,0.06764
195.3986,1.455324,0.432643,1.343568,0.333842,0.149167,1.387827,0.404678,0.073061,1.388005,0.404909,0.072808,1.354131,0.300595,0.166363,,,,1.409628,0.380646,0.069223
195.5985,1.455588,0.433061,1.343568,0.333842,0.149642,1.388863,0.406374,0.071864,1.388005,0.404909,0.073212,1.354131,0.300595,0.166855,,,,1.409628,0.380646,0.069711
195.8419,1.455588,0.433061,1.343568,0.333842,0.149642,1.388863,0.406374,0.071864,1.388005,0.404909,0.073212,1.354131,0.300595,0.166855,,,,1.409628,0.380646,0.069711
195.9983,1.457013,0.43532,1.343568,0.333842,0.152208,1.388863,0.406374,0.074042,1.390182,0.40847,0.072022,1.354131,0.300595,0.169515,,,,1.411973,0.384099,0.068207
196.2219,1.458769,0.438115,1.343568,0.333842,0.155383,1.391027,0.409929,0.073372,1.391261,0.410242,0.073036,1.354131,0.300595,0.172803,,,,1.413135,0.385818,0.069408
196.4008,1.459315,0.438985,1.343568,0.333842,0.156372,1.391027,0.409929,0.074213,1.391261,0.410242,0.073875,1.354131,0.300595,0.173826,,,,1.413135,0.385818,0.070423
196.6087,1.459315,0.438985,1.343568,0.333842,0.156372,1.391027,0.409929,0.074213,1.391261,0.410242,0.073875,1.354131,0.300595,0.173826,,,,1.413135,0.385818,0.070423
196.9212,1.459315,0.438985,1.343568,0.333842,0.156372,1.391027,0.409929,0.074213,1.391261,0.410242,0.073875,1.354131,0.300595,0.173826,,,,1.413135,0.385818,0.070423
197.0089,1.460102,0.440242,1.343568,0.333842,0.1578,1.393248,0.41359,0.071971,1.392332,0.412006,0.073417,1.354131,0.300595,0.175303,,,,1.414288,0.387529,0.069839
197.201,1.460682,0.441169,1.343568,0.333842,0.158853,1.393248,0.41359,0.072855,1.392332,0.412006,0.074311,1.354131,0.300595,0.176391,,,,1.414288,0.387529,0.070919
197.4013,1.461093,0.441827,1.343568,0.333842,0.159602,1.393248,0.41359,0.073487,1.392332,0.412006,0.074949,1.354131,0.300595,0.177165,,,,1.414288,0.387529,0.071687
197.5998,1.461093,0.441827,1.343568,0.333842,0.159602,1.393248,0.41359,0.073487,1.392332,0.412006,0.074949,1.354131,0.300595,0.177165,,,,1.414288,0.387529,0.071687
197.8642,1.461093,0.441827,1.343568,0.333842,0.159602,1.393248,0.41359,0.073487,1.392332,0.412006,0.074949,1.354131,0.300595,0.177165,,,,1.414288,0.387529,0.071687
198.0071,1.463148,0.445125,1.343568,0.333842,0.16335,1.394399,0.415497,0.074861,1.395793,0.417728,0.072714,1.4244,0.409902,0.052365,,,,1.418018,0.393079,0.068888
198.1981,1.463148,0.445125,1.343568,0.333842,0.16335,1.394399,0.415497,0.074861,1.395793,0.417728,0.072714,1.4244,0.409902,0.052365,,,,1.418018,0.393079,0.068888
198.4112,1.46392,0.446366,1.343568,0.333842,0.164761,1.396722,0.419354,0.072424,1.396953,0.419657,0.072097,1.4244,0.409902,0.053773,,,,1.424396,0.409896,0.053779
198.6097,1.465051,0.448189,1.343568,0.333842,0.166833,1.396722,0.419354,0.074164,1.396953,0.419657,0.073833,1.4244,0.409902,0.055843,,,,1.424396,0.409896,0.05585
198.9424,1.465167,0.448376,1.343568,0.333842,0.167045,1.396722,0.419354,0.074344,1.396953,0.419657,0.074013,1.4244,0.409902,0.056056,,,,1.424396,0.409896,0.056062
198.9987,1.465921,0.449595,1.343568,0.333842,0.168431,1.399001,0.423155,0.071954,1.399234,0.423457,0.071627,1.4244,0.409902,0.057442,,,,1.426809,0.413613,0.053145
199.2003,1.465921,0.449595,1.343568,0.333842,0.168431,1.399001,0.423155,0.071954,1.399234,0.423457,0.071627,1.4244,0.409902,0.057442,,,,1.426809,0.413613,0.053145
199.4277,1.466953,0.451266,1.343568,0.333842,0.17033,1.399001,0.423155,0.073538,1.399234,0.423457,0.073207,1.4244,0.409902,0.059345,,,,1.426809,0.413613,0.055039
199.6039,1.467125,0.451544,1.343568,0.333842,0.170646,1.399001,0.423155,0.073803,1.399234,0.423457,0.073471,1.4244,0.409902,0.059662,,,,1.426809,0.413613,0.055354
200.0122,1.467125,0.451544,1.343568,0.333842,0.170646,1.399001,0.423155,0.073803,1.399234,0.423457,0.073471,1.4244,0.409902,0.059662,,,,1.426809,0.413613,0.055354
200.1981,1.468662,0.45404,1.343568,0.333842,0.173481,1.401236,0.42691,0.072679,1.400357,0.425336,0.074091,1.4244,0.409902,0.062509,,,,1.427997,0.415453,0.056059
200.4006,1.469454,0.455332,1.343568,0.333842,0.174948,1.402345,0.42878,0.072171,1.40258,0.429072,0.071845,1.4244,0.409902,0.063983,,,,1.429177,0.417286,0.055405
200.5983,1.470747,0.457443,1.343568,0.333842,0.177346,1.403447,0.430643,0.072441,1.403683,0.430934,0.072114,1.4244,0.409902,0.066395,,,,1.430352,0.419115,0.055685
200.8076,1.470747,0.457443,1.343568,0.333842,0.177346,1.403447,0.430643,0.072441,1.403683,0.430934,0.072114,1.4244,0.409902,0.066395,,,,1.430352,0.419115,0.055685
201.0,1.47142,0.458544,1.343568,0.333842,0.178596,1.404547,0.432509,0.071762,1.404784,0.4328,0.071436,1.4244,0.409902,0.067653,,,,1.432689,0.422764,0.052728
201.1996,1.47142,0.458544,1.343568,0.333842,0.178596,1.404547,0.432509,0.071762,1.404784,0.4328,0.071436,1.4244,0.409902,0.067653,,,,1.432689,0.422764,0.052728
201.4091,1.472431,0.460201,1.343568,0.333842,0.180478,1.404547,0.432509,0.073315,1.404784,0.4328,0.072986,1.4244,0.409902,0.069549,,,,1.432689,0.422764,0.054598
201.615,1.473048,0.461215,1.402283,0.4459,0.072403,1.405646,0.434377,0.072549,1.404784,0.4328,0.073942,1.4244,0.409902,0.070709,,,,1.432689,0.422764,0.055743
201.8122,1.474233,0.463166,1.402283,0.4459,0.073993,1.405646,0.434377,0.074385,1.40229,0.445865,0.073994,1.4244,0.409902,0.072942,,,,1.433854,0.424591,0.055844
201.9999,1.475125,0.464638,1.402283,0.4459,0.075214,1.402292,0.445872,0.075212,1.404289,0.449412,0.072455,1.4244,0.409902,0.074627,,,,1.436039,0.428026,0.053556
202.1986,1.476222,0.466453,1.402283,0.4459,0.076743,1.403291,0.447646,0.075318,1.405281,0.451183,0.072566,1.4244,0.409902,0.076705,,,,1.436039,0.428026,0.0556
202.4003,1.476222,0.466453,1.402283,0.4459,0.076743,1.403291,0.447646,0.075318,1.405281,0.451183,0.072566,1.4244,0.409902,0.076705,,,,1.436039,0.428026,0.0556
202.5991,1.476938,0.467639,1.402283,0.4459,0.077755,1.405238,0.451111,0.07358,1.40625,0.452918,0.072204,1.4244,0.409902,0.078063,,,,1.438164,0.431385,0.053083
202.8041,1.476938,0.467639,1.402283,0.4459,0.077755,1.405238,0.451111,0.07358,1.40625,0.452918,0.072204,1.4244,0.409902,0.078063,,,,1.438164,0.431385,0.053083
202.9998,1.477816,0.469099,1.402283,0.4459,0.079015,1.405238,0.451111,0.074774,1.40625,0.452918,0.073372,1.4244,0.409902,0.079735,,,,1.438164,0.431385,0.054723
203.2278,1.477816,0.469099,1.402283,0.4459,0.079015,1.405238,0.451111,0.074774,1.40625,0.452918,0.073372,1.4244,0.409902,0.079735,,,,1.438164,0.431385,0.054723
203.4128,1.478202,0.469743,1.402283,0.4459,0.079575,1.406159,0.45276,0.074018,1.407169,0.454568,0.072635,1.4244,0.409902,0.080471,,,,1.439169,0.432984,0.053617
203.6017,1.479022,0.471111,1.402283,0.4459,0.080774,1.406159,0.45276,0.075138,1.407169,0.454568,0.073732,1.4244,0.409902,0.082037,,,,1.439169,0.432984,0.055153
203.8043,1.47907,0.471191,1.402283,0.4459,0.080845,1.406159,0.45276,0.075205,1.407169,0.454568,0.073797,1.4244,0.409902,0.082129,,,,1.439169,0.432984,0.055243
204.0004,1.479443,0.471815,1.402283,0.4459,0.081395,1.406159,0.45276,0.075721,1.407169,0.454568,0.074303,1.4244,0.409902,0.082843,,,,1.439169,0.432984,0.055945
204.1986,1.480163,0.473023,1.402283,0.4459,0.082468,1.407881,0.455853,0.074294,1.408888,0.457663,0.072911,1.4244,0.409902,0.084225,,,,1.44105,0.435983,0.053868
204.4005,1.480877,0.474222,1.402283,0.4459,0.083541,1.40873,0.457389,0.074085,1.408888,0.457663,0.073869,1.4244,0.409902,0.085596,,,,1.44105,0.435983,0.055212
204.6015,1.481659,0.47554,1.402283,0.4459,0.08473,1.409556,0.458887,0.074002,1.410541,0.460659,0.072659,1.4244,0.409902,0.087104,,,,1.44286,0.438887,0.053374
204.7984,1.481659,0.47554,1.402283,0.4459,0.08473,1.409556,0.458887,0.074002,1.410541,0.460659,0.072659,1.4244,0.409902,0.087104,,,,1.44286,0.438887,0.053374
204.9981,1.481703,0.475613,1.402283,0.4459,0.084796,1.409556,0.458887,0.074061,1.410541,0.460659,0.072716,1.4244,0.409902,0.087187,,,,1.44286,0.438887,0.053456
205.2083,1.483075,0.477934,1.402283,0.4459,0.086911,1.409556,0.458887,0.075946,1.410541,0.460659,0.074563,1.4244,0.409902,0.089839,,,,1.44286,0.438887,0.056052
205.4061,1.483656,0.478921,1.402283,0.4459,0.087818,1.411264,0.461998,0.074344,1.411416,0.462257,0.074137,1.4244,0.409902,0.090967,,,,1.44382,0.440436,0.05539
205.6026,1.483656,0.478921,1.402283,0.4459,0.087818,1.411264,0.461998,0.074344,1.411416,0.462257,0.074137,1.4244,0.409902,0.090967,,,,1.44382,0.440436,0.05539
205.8841,1.483656,0.478921,1.402283,0.4459,0.087818,1.411264,0.461998,0.074344,1.411416,0.462257,0.074137,1.4244,0.409902,0.090967,,,,1.44382,0.440436,0.05539
206.0317,1.485146,0.481458,1.402283,0.4459,0.090169,1.412103,0.463535,0.075209,1.413104,0.465352,0.07382,1.4244,0.409902,0.093863,,,,1.44567,0.443436,0.054808
206.1982,1.48543,0.481944,1.402283,0.4459,0.090624,1.412103,0.463535,0.075603,1.413104,0.465352,0.074205,1.4244,0.409902,0.094419,,,,1.44567,0.443436,0.055351
206.4053,1.486182,0.48323,1.402283,0.4459,0.091829,1.41379,0.466636,0.074269,1.414006,0.467014,0.073975,1.4244,0.409902,0.095886,,,,1.446659,0.445048,0.054953
206.6089,1.486182,0.48323,1.402283,0.4459,0.091829,1.41379,0.466636,0.074269,1.414006,0.467014,0.073975,1.4244,0.409902,0.095886,,,,1.446659,0.445048,0.054953
206.8229,1.486182,0.48323,1.402283,0.4459,0.091829,1.41379,0.466636,0.074269,1.414006,0.467014,0.073975,1.4244,0.409902,0.095886,,,,1.446659,0.445048,0.054953
206.9984,1.486226,0.483306,1.402283,0.4459,0.0919,1.41379,0.466636,0.074329,1.414006,0.467014,0.074034,1.4244,0.409902,0.095972,,,,1.446659,0.445048,0.055038
207.2022,1.488061,0.486463,1.402283,0.4459,0.094885,1.414623,0.468177,0.075681,1.416503,0.471638,0.073078,1.4244,0.409902,0.099571,,,,1.449405,0.449545,0.053453
207.4148,1.488501,0.487224,1.402283,0.4459,0.09561,1.414623,0.468177,0.076295,1.416503,0.471638,0.073666,1.4244,0.409902,0.100438,,,,1.449405,0.449545,0.054298
207.6043,1.489715,0.489326,1.402283,0.4459,0.097623,1.415453,0.469719,0.076807,1.416503,0.471638,0.075319,1.4244,0.409902,0.102831,,,,1.449405,0.449545,0.056634
207.8006,1.489811,0.489493,1.402283,0.4459,0.097783,1.416312,0.471321,0.075712,1.417361,0.473241,0.074251,1.4244,0.409902,0.103022,,,,1.450348,0.451099,0.055059
208.0257,1.490202,0.490172,1.402283,0.4459,0.098436,1.416312,0.471321,0.076256,1.417361,0.473241,0.074783,1.4244,0.409902,0.103794,,,,1.450348,0.451099,0.055812
208.205,1.490544,0.490768,1.402283,0.4459,0.099011,1.417228,0.473034,0.07543,1.418276,0.474954,0.073979,1.4244,0.409902,0.104472,,,,1.451352,0.452761,0.054594
208.4058,1.491269,0.492031,1.402283,0.4459,0.100233,1.417228,0.473034,0.076439,1.418276,0.474954,0.074965,1.4244,0.409902,0.105909,,,,1.451352,0.452761,0.055995
208.5998,1.491365,0.492199,1.402283,0.4459,0.100395,1.417228,0.473034,0.076574,1.418276,0.474954,0.075096,1.4244,0.409902,0.1061,,,,1.451352,0.452761,0.056181
208.8236,1.491509,0.49245,1.402283,0.4459,0.100639,1.419982,0.478212,0.072931,1.420114,0.478417,0.072761,1.4244,0.409902,0.106386,,,,1.454356,0.45776,0.050831
209.0036,1.492994,0.49505,1.402283,0.4459,0.103171,1.419982,0.478212,0.074929,1.420114,0.478417,0.074754,1.4244,0.409902,0.109341,,,,1.454356,0.45776,0.053698
209.1996,1.493136,0.495299,1.402283,0.4459,0.103414,1.419982,0.478212,0.075123,1.420114,0.478417,0.074948,1.4244,0.409902,0.109624,,,,1.454356,0.45776,0.053973
209.4118,1.494402,0.497527,1.402283,0.4459,0.105599,1.419982,0.478212,0.076886,1.421897,0.481791,0.074192,1.4244,0.409902,0.112153,,,,1.454356,0.45776,0.056436
209.6218,1.494402,0.497527,1.402283,0.4459,0.105599,1.421765,0.481593,0.074364,1.422786,0.483483,0.07298,1.4244,0.409902,0.112153,,,,1.456315,0.461042,0.052742
209.8583,1.494402,0.497527,1.402283,0.4459,0.105599,1.421765,0.481593,0.074364,1.422786,0.483483,0.07298,1.4244,0.409902,0.112153,,,,1.456315,0.461042,0.052742
210.0143,1.495459,0.499395,1.402283,0.4459,0.107441,1.421765,0.481593,0.075814,1.422786,0.483483,0.074395,1.4244,0.409902,0.114274,,,,1.456315,0.461042,0.054802
210.2038,1.495835,0.50006,1.402283,0.4459,0.108098,1.421765,0.481593,0.076337,1.422786,0.483483,0.074906,1.4244,0.409902,0.115028,,,,1.456315,0.461042,0.055535
210.4083,1.495835,0.50006,1.402283,0.4459,0.108098,1.421765,0.481593,0.076337,1.422786,0.483483,0.074906,1.4244,0.409902,0.115028,,,,1.456315,0.461042,0.055535
210.6119,1.497062,0.502238,1.402283,0.4459,0.110259,1.422636,0.483253,0.07681,1.423655,0.485144,0.075371,1.4244,0.409902,0.117498,,,,1.457272,0.462654,0.056126
210.8188,1.497062,0.502238,1.402283,0.4459,0.110259,1.422636,0.483253,0.07681,1.423655,0.485144,0.075371,1.4244,0.409902,0.117498,,,,1.457272,0.462654,0.056126
211.008,1.49758,0.50316,1.402283,0.4459,0.111177,1.424428,0.486682,0.074985,1.42455,0.48686,0.074827,1.4244,0.409902,0.118543,,,,1.459241,0.465985,0.053403
211.1983,1.499177,0.506013,1.402283,0.4459,0.114027,1.425319,0.488399,0.075929,1.426335,0.490293,0.074519,1.4244,0.409902,0.121774,,,,1.460222,0.467653,0.054672
211.4071,1.499177,0.506013,1.402283,0.4459,0.114027,1.425319,0.488399,0.075929,1.426335,0.490293,0.074519,1.4244,0.409902,0.121774,,,,1.460222,0.467653,0.054672
211.6128,1.499458,0.506517,1.402283,0.4459,0.114531,1.426209,0.490117,0.075063,1.427223,0.492012,0.073677,1.4244,0.409902,0.122345,,,,1.461201,0.469322,0.053358
211.8098,1.500162,0.507779,1.402283,0.4459,0.115798,1.427097,0.491839,0.074783,1.42811,0.493734,0.073408,1.4244,0.409902,0.123773,,,,1.462178,0.470995,0.052876
212.011,1.500162,0.507779,1.402283,0.4459,0.115798,1.427097,0.491839,0.074783,1.42811,0.493734,0.073408,1.4244,0.409902,0.123773,,,,1.462178,0.470995,0.052876
212.1985,1.500606,0.508576,1.402283,0.4459,0.1166,1.427097,0.491839,0.07539,1.42811,0.493734,0.073999,1.4244,0.409902,0.124676,,,,1.462178,0.470995,0.05375
212.4001,1.500606,0.508576,1.402283,0.4459,0.1166,1.427097,0.491839,0.07539,1.42811,0.493734,0.073999,1.4244,0.409902,0.124676,,,,1.462178,0.470995,0.05375
212.607,1.501684,0.51052,1.402283,0.4459,0.118559,1.42785,0.493302,0.075815,1.428862,0.495197,0.074417,1.4244,0.409902,0.126873,,,,1.462178,0.470995,0.055883
212.7984,1.501924,0.510954,1.402283,0.4459,0.118997,1.42785,0.493302,0.076148,1.428862,0.495197,0.074742,1.4244,0.409902,0.127364,,,,1.463006,0.472415,0.05477
213.0013,1.50248,0.511961,1.402283,0.4459,0.120015,1.42785,0.493302,0.076928,1.428862,0.495197,0.075503,1.4244,0.409902,0.128502,,,,1.463006,0.472415,0.055875
213.2111,1.503234,0.513329,1.402283,0.4459,0.121399,1.429361,0.496248,0.075822,1.430371,0.498145,0.074429,1.4244,0.409902,0.130047,,,,1.46467,0.475279,0.054176
213.3985,1.503274,0.513401,1.402283,0.4459,0.121472,1.429361,0.496248,0.075877,1.430371,0.498145,0.074482,1.4244,0.409902,0.130128,,,,1.46467,0.475279,0.054255
213.603,1.503579,0.513956,1.402283,0.4459,0.122035,1.43011,0.497718,0.075242,1.430371,0.498145,0.074896,1.4244,0.409902,0.130754,,,,1.465495,0.476707,0.053272
213.8151,1.503579,0.513956,1.402283,0.4459,0.122035,1.43011,0.497718,0.075242,1.430371,0.498145,0.074896,1.4244,0.409902,0.130754,,,,1.465495,0.476707,0.053272
213.9989,1.504105,0.514915,1.402283,0.4459,0.123007,1.43011,0.497718,0.075967,1.431118,0.499615,0.074573,1.4244,0.409902,0.131836,,,,1.465495,0.476707,0.054319
214.216,1.504105,0.514915,1.402283,0.4459,0.123007,1.43011,0.497718,0.075967,1.431118,0.499615,0.074573,1.4244,0.409902,0.131836,,,,1.465495,0.476707,0.054319
214.3992,1.504491,0.51562,1.402283,0.4459,0.123723,1.43011,0.497718,0.076505,1.431118,0.499615,0.075098,1.4244,0.409902,0.132631,,,,1.465495,0.476707,0.05509
214.6041,1.504491,0.51562,1.402283,0.4459,0.123723,1.43011,0.497718,0.076505,1.431118,0.499615,0.075098,1.4244,0.409902,0.132631,,,,1.465495,0.476707,0.05509
214.8483,1.504491,0.51562,1.402283,0.4459,0.123723,1.43011,0.497718,0.076505,1.431118,0.499615,0.075098,1.4244,0.409902,0.132631,,,,1.465495,0.476707,0.05509
215.0276,1.505771,0.517965,1.402283,0.4459,0.126107,1.431586,0.500625,0.076184,1.432593,0.502523,0.07479,1.4244,0.409902,0.135273,,,,1.466281,0.478071,0.056133
215.2013,1.505771,0.517965,1.402283,0.4459,0.126107,1.43232,0.50208,0.075148,1.433326,0.503979,0.073782,1.4244,0.409902,0.135273,,,,1.467904,0.480899,0.052988
215.3986,1.505926,0.51825,1.402283,0.4459,0.126398,1.43232,0.50208,0.075361,1.433326,0.503979,0.073989,1.4244,0.409902,0.135594,,,,1.467904,0.480899,0.053299
215.5995,1.506237,0.518822,1.402283,0.4459,0.126981,1.43232,0.50208,0.075789,1.433326,0.503979,0.074407,1.4244,0.409902,0.136239,,,,1.467904,0.480899,0.053922
215.8462,1.506276,0.518893,1.402283,0.4459,0.127054,1.43232,0.50208,0.075843,1.433326,0.503979,0.074459,1.4244,0.409902,0.136319,,,,1.467904,0.480899,0.054
216.0001,1.50734,0.520855,1.402283,0.4459,0.129055,1.433057,0.503545,0.076273,1.434062,0.505444,0.074881,1.4244,0.409902,0.138527,,,,1.468717,0.482323,0.054556
216.1998,1.507985,0.522047,1.402283,0.4459,0.130274,1.434587,0.506595,0.075007,1.435578,0.508477,0.073668,1.4244,0.409902,0.139868,,,,1.470404,0.485289,0.052569
216.4236,1.508274,0.522583,1.402283,0.4459,0.130822,1.434587,0.506595,0.075401,1.435578,0.508477,0.074052,1.4244,0.409902,0.14047,,,,1.470404,0.485289,0.05315
216.6128,1.508274,0.522583,1.402283,0.4459,0.130822,1.434587,0.506595,0.075401,1.435578,0.508477,0.074052,1.4244,0.409902,0.14047,,,,1.470404,0.485289,0.05315
216.8922,1.508274,0.522583,1.402283,0.4459,0.130822,1.434587,0.506595,0.075401,1.435578,0.508477,0.074052,1.4244,0.409902,0.14047,,,,1.470404,0.485289,0.05315
217.001,1.508614,0.523214,1.402283,0.4459,0.131468,1.434587,0.506595,0.07587,1.435578,0.508477,0.074508,1.4244,0.409902,0.14118,,,,1.470404,0.485289,0.053836
217.1988,1.509294,0.524476,1.402283,0.4459,0.132762,1.435391,0.508209,0.075672,1.436381,0.510091,0.074318,1.4244,0.409902,0.142599,,,,1.470404,0.485289,0.05521
217.4042,1.509795,0.525409,1.402283,0.4459,0.133718,1.435391,0.508209,0.076366,1.436381,0.510091,0.074995,1.4244,0.409902,0.143646,,,,1.471292,0.486858,0.054486
217.6001,1.509795,0.525409,1.402283,0.4459,0.133718,1.435391,0.508209,0.076366,1.436381,0.510091,0.074995,1.477669,0.497095,0.042822,,,,1.471292,0.486858,0.054486
217.821,1.509795,0.525409,1.402283,0.4459,0.133718,1.435391,0.508209,0.076366,1.436381,0.510091,0.074995,1.477669,0.497095,0.042822,,,,1.471292,0.486858,0.054486
218.0099,1.510963,0.527588,1.402283,0.4459,0.135957,1.436971,0.511387,0.075746,1.437169,0.511681,0.075489,1.477669,0.497095,0.045148,,,,1.477668,0.497094,0.045149
218.2003,1.511219,0.528067,1.402283,0.4459,0.13645,1.436971,0.511387,0.076099,1.437169,0.511681,0.075841,1.477669,0.497095,0.04566,,,,1.477668,0.497094,0.045662
218.4086,1.511347,0.528306,1.402283,0.4459,0.136696,1.436971,0.511387,0.076277,1.437169,0.511681,0.076018,1.477669,0.497095,0.045917,,,,1.477668,0.497094,0.045918
218.5994,1.512071,0.529663,1.402283,0.4459,0.138093,1.437776,0.513018,0.076136,1.438783,0.514942,0.074752,1.477669,0.497095,0.047373,,,,1.479497,0.500239,0.043896
218.905,1.512071,0.529663,1.402283,0.4459,0.138093,1.43858,0.514649,0.075008,1.439586,0.516574,0.073658,1.477669,0.497095,0.047373,,,,1.479497,0.500239,0.043896
219.0171,1.512071,0.529663,1.402283,0.4459,0.138093,1.43858,0.514649,0.075008,1.439586,0.516574,0.073658,1.477669,0.497095,0.047373,,,,1.479497,0.500239,0.043896
219.2833,1.512404,0.530288,1.402283,0.4459,0.138737,1.43858,0.514649,0.075462,1.439586,0.516574,0.074098,1.477669,0.497095,0.048045,,,,1.479497,0.500239,0.044562
219.4027,1.512524,0.530514,1.402283,0.4459,0.13897,1.43858,0.514649,0.075626,1.439586,0.516574,0.074258,1.477669,0.497095,0.048287,,,,1.479497,0.500239,0.044803
219.6236,1.512524,0.530514,1.402283,0.4459,0.13897,1.43858,0.514649,0.075626,1.439586,0.516574,0.074258,1.477669,0.497095,0.048287,,,,1.479497,0.500239,0.044803
220.0031,1.512524,0.530514,1.402283,0.4459,0.13897,1.43858,0.514649,0.075626,1.439586,0.516574,0.074258,1.477669,0.497095,0.048287,,,,1.479497,0.500239,0.044803
220.2214,1.513532,0.532409,1.402283,0.4459,0.140926,1.43858,0.514649,0.077026,1.439586,0.516574,0.075622,1.477669,0.497095,0.050331,,,,1.479497,0.500239,0.046832
220.3991,1.513966,0.533228,1.402283,0.4459,0.141772,1.439335,0.516185,0.076552,1.44034,0.51811,0.075162,1.477669,0.497095,0.051216,,,,1.480355,0.50172,0.04607
220.6263,1.514097,0.533474,1.402283,0.4459,0.142027,1.439335,0.516185,0.076735,1.44034,0.51811,0.075341,1.477669,0.497095,0.051483,,,,1.480355,0.50172,0.046334
221.0002,1.514487,0.534212,1.402283,0.4459,0.14279,1.439335,0.516185,0.077284,1.44034,0.51811,0.075876,1.477669,0.497095,0.052281,,,,1.480355,0.50172,0.047125
221.2001,1.515354,0.535851,1.402283,0.4459,0.144487,1.440976,0.519531,0.076148,1.441978,0.521457,0.074775,1.477669,0.497095,0.054058,,,,1.481279,0.503318,0.047112
221.401,1.515881,0.536849,1.402283,0.4459,0.145521,1.440976,0.519531,0.076881,1.442769,0.523082,0.074397,1.477669,0.497095,0.055142,,,,1.482209,0.504932,0.046395
221.6184,1.516281,0.537608,1.402283,0.4459,0.146308,1.442486,0.522628,0.0753,1.443522,0.524631,0.073907,1.477669,0.497095,0.055966,,,,1.483928,0.507919,0.043911
221.9265,1.516281,0.537608,1.402283,0.4459,0.146308,1.442486,0.522628,0.0753,1.443522,0.524631,0.073907,1.477669,0.497095,0.055966,,,,1.483928,0.507919,0.043911
222.0245,1.516564,0.538144,1.402283,0.4459,0.146864,1.442486,0.522628,0.075685,1.443522,0.524631,0.074281,1.477669,0.497095,0.05655,,,,1.483928,0.507919,0.044483
222.1996,1.516564,0.538144,1.402283,0.4459,0.146864,1.442486,0.522628,0.075685,1.443522,0.524631,0.074281,1.477669,0.497095,0.05655,,,,1.483928,0.507919,0.044483
222.3984,1.517061,0.539089,1.402283,0.4459,0.147845,1.442486,0.522628,0.07637,1.443522,0.524631,0.074946,1.477669,0.497095,0.057578,,,,1.483928,0.507919,0.04549
222.6377,1.518017,0.540908,1.402283,0.4459,0.149736,1.442486,0.522628,0.077712,1.443522,0.524631,0.076252,1.477669,0.497095,0.059562,,,,1.484811,0.50946,0.045735
222.8766,1.518101,0.541067,1.402283,0.4459,0.149902,1.442486,0.522628,0.07783,1.444297,0.52623,0.07528,1.477669,0.497095,0.059735,,,,1.484811,0.50946,0.045905
222.9992,1.518101,0.541067,1.402283,0.4459,0.149902,1.444063,0.525874,0.075581,1.444297,0.52623,0.07528,1.477669,0.497095,0.059735,,,,1.484811,0.50946,0.045905
223.2069,1.518535,0.541895,1.402283,0.4459,0.150763,1.444063,0.525874,0.076176,1.444297,0.52623,0.075873,1.477669,0.497095,0.060639,,,,1.484811,0.50946,0.046791
223.3991,1.519462,0.543664,1.402283,0.4459,0.152606,1.444894,0.527591,0.07628,1.445959,0.529665,0.074823,1.477669,0.497095,0.062572,,,,1.486706,0.512772,0.045025
223.5998,1.519768,0.54425,1.402283,0.4459,0.153218,1.444894,0.527591,0.076705,1.445959,0.529665,0.075236,1.477669,0.497095,0.063214,,,,1.486706,0.512772,0.045651
223.9255,1.519768,0.54425,1.402283,0.4459,0.153218,1.444894,0.527591,0.076705,1.445959,0.529665,0.075236,1.477669,0.497095,0.063214,,,,1.486706,0.512772,0.045651
223.9998,1.520606,0.545853,1.402283,0.4459,0.15489,1.44572,0.529301,0.076694,1.446784,0.531375,0.075229,1.477669,0.497095,0.064969,,,,1.487646,0.514422,0.045545
224.2125,1.520606,0.545853,1.402283,0.4459,0.15489,1.44572,0.529301,0.076694,1.446784,0.531375,0.075229,1.477669,0.497095,0.064969,,,,1.487646,0.514422,0.045545
224.4198,1.520866,0.546351,1.402283,0.4459,0.15541,1.44572,0.529301,0.077056,1.446784,0.531375,0.075581,1.477669,0.497095,0.065514,,,,1.487646,0.514422,0.046077
224.6009,1.520866,0.546351,1.402283,0.4459,0.15541,1.44572,0.529301,0.077056,1.446784,0.531375,0.075581,1.477669,0.497095,0.065514,,,,1.487646,0.514422,0.046077
224.8412,1.520866,0.546351,1.402283,0.4459,0.15541,1.44572,0.529301,0.077056,1.446784,0.531375,0.075581,1.477669,0.497095,0.065514,,,,1.487646,0.514422,0.046077
225.0014,1.521826,0.548188,1.402283,0.4459,0.157332,1.447288,0.532553,0.07616,1.44835,0.534628,0.074717,1.477669,0.497095,0.06753,,,,1.488594,0.516087,0.046204
225.2076,1.522366,0.549225,1.402283,0.4459,0.158417,1.447288,0.532553,0.076908,1.44835,0.534628,0.075442,1.477669,0.497095,0.068669,,,,1.489486,0.517656,0.045582
225.4133,1.522408,0.549304,1.402283,0.4459,0.158501,1.447288,0.532553,0.076966,1.44835,0.534628,0.075499,1.477669,0.497095,0.068756,,,,1.489486,0.517656,0.045667
225.6009,1.523387,0.551183,1.402283,0.4459,0.160471,1.448069,0.534176,0.077215,1.449129,0.536252,0.075744,1.477669,0.497095,0.070822,,,,1.490376,0.519222,0.045948
225.8143,1.523387,0.551183,1.402283,0.4459,0.160471,1.448069,0.534176,0.077215,1.449129,0.536252,0.075744,1.477669,0.497095,0.070822,,,,1.490376,0.519222,0.045948
226.001,1.524692,0.553687,1.402283,0.4459,0.163101,1.448868,0.53584,0.077895,1.450751,0.539631,0.075264,1.477669,0.497095,0.073578,,,,1.491287,0.520827,0.046857
226.2233,1.524967,0.554216,1.402283,0.4459,0.163658,1.44968,0.537529,0.077114,1.450751,0.539631,0.075635,1.477669,0.497095,0.074162,,,,1.492212,0.522458,0.045624
226.3982,1.525013,0.554305,1.402283,0.4459,0.163751,1.44968,0.537529,0.077179,1.450751,0.539631,0.075698,1.477669,0.497095,0.07426,,,,1.492212,0.522458,0.045718
226.5984,1.525175,0.554615,1.402283,0.4459,0.164078,1.44968,0.537529,0.077404,1.450751,0.539631,0.075917,1.477669,0.497095,0.074602,,,,1.492212,0.522458,0.046051
226.8129,1.525896,0.556002,1.402283,0.4459,0.165538,1.450529,0.539297,0.077196,1.452256,0.542768,0.07482,1.477669,0.497095,0.076131,,,,1.492212,0.522458,0.047538
227.0031,1.526377,0.556926,1.402283,0.4459,0.166512,1.450529,0.539297,0.077869,1.452256,0.542768,0.075461,1.477669,0.497095,0.077151,,,,1.49318,0.524164,0.046641
227.215,1.526377,0.556926,1.402283,0.4459,0.166512,1.450529,0.539297,0.077869,1.452256,0.542768,0.075461,1.477669,0.497095,0.077151,,,,1.49318,0.524164,0.046641
227.4112,1.527712,0.559495,1.402283,0.4459,0.169223,1.452827,0.544086,0.076454,1.453008,0.544337,0.076227,1.477669,0.497095,0.079988,,,,1.495799,0.528785,0.04429
227.5983,1.527712,0.559495,1.402283,0.4459,0.169223,1.452827,0.544086,0.076454,1.453008,0.544337,0.076227,1.477669,0.497095,0.079988,,,,1.495799,0.528785,0.04429
227.7983,1.527903,0.559863,1.402283,0.4459,0.169612,1.452827,0.544086,0.076716,1.453008,0.544337,0.076488,1.477669,0.497095,0.080395,,,,1.495799,0.528785,0.044682
228.0205,1.528519,0.561049,1.402283,0.4459,0.170866,1.453545,0.545584,0.076553,1.454442,0.547332,0.075337,1.477669,0.497095,0.081706,,,,1.496617,0.53023,0.044358
228.2117,1.528831,0.56165,1.402283,0.4459,0.1715,1.453545,0.545584,0.076981,1.454442,0.547332,0.075754,1.477669,0.497095,0.08237,,,,1.496617,0.53023,0.044999
228.4068,1.528908,0.5618,1.402283,0.4459,0.171659,1.454276,0.547112,0.076064,1.455172,0.548861,0.074863,1.477669,0.497095,0.082536,,,,1.49745,0.531705,0.043535
228.6049,1.529101,0.562171,1.402283,0.4459,0.172052,1.454276,0.547112,0.076325,1.455172,0.548861,0.075117,1.477669,0.497095,0.082947,,,,1.49745,0.531705,0.043931
228.8026,1.529101,0.562171,1.402283,0.4459,0.172052,1.454276,0.547112,0.076325,1.455172,0.548861,0.075117,1.477669,0.497095,0.082947,,,,1.49745,0.531705,0.043931
228.9982,1.529101,0.562171,1.402283,0.4459,0.172052,1.454276,0.547112,0.076325,1.455172,0.548861,0.075117,1.477669,0.497095,0.082947,,,,1.49745,0.531705,0.043931
229.2147,1.530058,0.564017,1.459426,0.548177,0.072386,1.454276,0.547112,0.077644,1.459418,0.548182,0.072393,1.477669,0.497095,0.084989,,,,1.49745,0.531705,0.045905
229.4043,1.530409,0.564696,1.459426,0.548177,0.07288,1.454276,0.547112,0.078137,1.459418,0.548182,0.072887,1.477669,0.497095,0.085741,,,,1.49745,0.531705,0.046634
229.6021,1.530409,0.564696,1.459426,0.548177,0.07288,1.454276,0.547112,0.078137,1.459418,0.548182,0.072887,1.477669,0.497095,0.085741,,,,1.49745,0.531705,0.046634
229.8018,1.530409,0.564696,1.459426,0.548177,0.07288,1.454276,0.547112,0.078137,1.459418,0.548182,0.072887,1.477669,0.497095,0.085741,,,,1.49745,0.531705,0.046634
230.0388,1.531123,0.566075,1.459426,0.548177,0.073898,1.459415,0.548177,0.073908,1.459418,0.548182,0.073904,1.477669,0.497095,0.087268,,,,1.498269,0.533154,0.046511
230.1997,1.531451,0.566708,1.459426,0.548177,0.074371,1.460735,0.551062,0.072426,1.460738,0.551067,0.072422,1.477669,0.497095,0.087969,,,,1.499105,0.534636,0.045551
230.4015,1.531669,0.56713,1.459426,0.548177,0.074688,1.460735,0.551062,0.072731,1.460738,0.551067,0.072727,1.477669,0.497095,0.088436,,,,1.499105,0.534636,0.046003
230.5982,1.532598,0.568928,1.459426,0.548177,0.076058,1.46208,0.554007,0.07208,1.462082,0.554012,0.072076,1.477669,0.497095,0.090427,,,,1.501488,0.538862,0.043264
230.8688,1.532598,0.568928,1.459426,0.548177,0.076058,1.46208,0.554007,0.07208,1.462082,0.554012,0.072076,1.477669,0.497095,0.090427,,,,1.501488,0.538862,0.043264
231.0026,1.532746,0.569215,1.459426,0.548177,0.076279,1.46208,0.554007,0.072285,1.462082,0.554012,0.072281,1.477669,0.497095,0.090746,,,,1.501488,0.538862,0.043571
231.2004,1.532746,0.569215,1.459426,0.548177,0.076279,1.46208,0.554007,0.072285,1.462082,0.554012,0.072281,1.477669,0.497095,0.090746,,,,1.501488,0.538862,0.043571
231.4012,1.533341,0.570367,1.459426,0.548177,0.077174,1.46208,0.554007,0.073115,1.462082,0.554012,0.073112,1.477669,0.497095,0.092023,,,,1.501488,0.538862,0.044802
231.6056,1.533933,0.571515,1.459426,0.548177,0.078077,1.46208,0.554007,0.073955,1.462082,0.554012,0.073952,1.477669,0.497095,0.093295,,,,1.501488,0.538862,0.046031
231.8263,1.533969,0.571586,1.459426,0.548177,0.078133,1.46208,0.554007,0.074008,1.462082,0.554012,0.074004,1.477669,0.497095,0.093374,,,,1.501488,0.538862,0.046107
232.0001,1.534374,0.572371,1.459426,0.548177,0.078756,1.462753,0.555485,0.073584,1.463416,0.556939,0.072617,1.477669,0.497095,0.094244,,,,1.502284,0.540278,0.045384
232.2077,1.535283,0.574138,1.459426,0.548177,0.080177,1.463419,0.556949,0.073891,1.464104,0.558452,0.072887,1.477669,0.497095,0.096203,,,,1.503072,0.54168,0.045729
232.4005,1.535283,0.574138,1.459426,0.548177,0.080177,1.463419,0.556949,0.073891,1.464104,0.558452,0.072887,1.477669,0.497095,0.096203,,,,1.503072,0.54168,0.045729
232.5997,1.535283,0.574138,1.459426,0.548177,0.080177,1.463419,0.556949,0.073891,1.464104,0.558452,0.072887,1.477669,0.497095,0.096203,,,,1.503072,0.54168,0.045729
232.9838,1.535283,0.574138,1.459426,0.548177,0.080177,1.463419,0.556949,0.073891,1.464104,0.558452,0.072887,1.477669,0.497095,0.096203,,,,1.503072,0.54168,0.045729
232.9987,1.536476,0.576458,1.459426,0.548177,0.082076,1.465504,0.561538,0.072523,1.465501,0.561528,0.072528,1.477669,0.497095,0.098776,,,,1.505537,0.546077,0.043361
233.1983,1.536514,0.576533,1.459426,0.548177,0.082138,1.465504,0.561538,0.072576,1.465501,0.561528,0.072581,1.477669,0.497095,0.098859,,,,1.505537,0.546077,0.043441
233.3994,1.536514,0.576533,1.459426,0.548177,0.082138,1.465504,0.561538,0.072576,1.465501,0.561528,0.072581,1.477669,0.497095,0.098859,,,,1.505537,0.546077,0.043441
233.5986,1.536514,0.576533,1.459426,0.548177,0.082138,1.465504,0.561538,0.072576,1.465501,0.561528,0.072581,1.477669,0.497095,0.098859,,,,1.505537,0.546077,0.043441
233.8482,1.536514,0.576533,1.459426,0.548177,0.082138,1.465504,0.561538,0.072576,1.465501,0.561528,0.072581,1.477669,0.497095,0.098859,,,,1.505537,0.546077,0.043441
234.0066,1.537766,0.578972,1.459426,0.548177,0.084176,1.465504,0.561538,0.074335,1.465501,0.561528,0.074341,1.477669,0.497095,0.101565,,,,1.506319,0.547473,0.044509
234.1986,1.537841,0.579118,1.459426,0.548177,0.084299,1.465504,0.561538,0.074442,1.465501,0.561528,0.074448,1.477669,0.497095,0.101727,,,,1.506319,0.547473,0.044665
234.4004,1.53859,0.580578,1.459426,0.548177,0.085538,1.466859,0.564528,0.073504,1.466162,0.562986,0.074534,1.477669,0.497095,0.103348,,,,1.507924,0.550345,0.043063
234.5984,1.539002,0.581383,1.459426,0.548177,0.086227,1.467538,0.56603,0.073094,1.467521,0.565988,0.07312,1.477669,0.497095,0.104241,,,,1.507924,0.550345,0.043923
234.9415,1.539002,0.581383,1.459426,0.548177,0.086227,1.467538,0.56603,0.073094,1.467521,0.565988,0.07312,1.477669,0.497095,0.104241,,,,1.507924,0.550345,0.043923
235.0083,1.540108,0.583543,1.459426,0.548177,0.088093,1.467538,0.56603,0.074653,1.467521,0.565988,0.074679,1.477669,0.497095,0.106639,,,,1.507924,0.550345,0.046238
235.2005,1.540224,0.583771,1.459426,0.548177,0.088291,1.468944,0.569142,0.072765,1.4682,0.56749,0.073841,1.477669,0.497095,0.106892,,,,1.508727,0.551784,0.044892
235.4018,1.540263,0.583847,1.459426,0.548177,0.088357,1.468944,0.569142,0.072819,1.4682,0.56749,0.073896,1.477669,0.497095,0.106976,,,,1.508727,0.551784,0.044973
235.6041,1.540263,0.583847,1.459426,0.548177,0.088357,1.468944,0.569142,0.072819,1.4682,0.56749,0.073896,1.477669,0.497095,0.106976,,,,1.508727,0.551784,0.044973
235.9255,1.540263,0.583847,1.459426,0.548177,0.088357,1.468944,0.569142,0.072819,1.4682,0.56749,0.073896,1.477669,0.497095,0.106976,,,,1.508727,0.551784,0.044973
236.0013,1.541524,0.586315,1.459426,0.548177,0.090524,1.468944,0.569142,0.074583,1.468902,0.569046,0.074646,1.477669,0.497095,0.109716,,,,1.509559,0.553275,0.045972
236.2049,1.541524,0.586315,1.459426,0.548177,0.090524,1.468944,0.569142,0.074583,1.468902,0.569046,0.074646,1.477669,0.497095,0.109716,,,,1.509559,0.553275,0.045972
236.4206,1.541524,0.586315,1.459426,0.548177,0.090524,1.468944,0.569142,0.074583,1.468902,0.569046,0.074646,1.477669,0.497095,0.109716,,,,1.509559,0.553275,0.045972
236.6002,1.541561,0.586388,1.459426,0.548177,0.090589,1.468944,0.569142,0.074636,1.468902,0.569046,0.074699,1.477669,0.497095,0.109797,,,,1.509559,0.553275,0.04605
236.8542,1.541561,0.586388,1.459426,0.548177,0.090589,1.468944,0.569142,0.074636,1.468902,0.569046,0.074699,1.477669,0.497095,0.109797,,,,1.509559,0.553275,0.04605
237.0126,1.542504,0.588237,1.459426,0.548177,0.092232,1.470918,0.57352,0.073083,1.470876,0.573424,0.073144,1.477669,0.497095,0.11185,,,,1.511933,0.557537,0.043325
237.2006,1.542861,0.588938,1.459426,0.548177,0.09286,1.470918,0.57352,0.073577,1.470876,0.573424,0.073639,1.477669,0.497095,0.112628,,,,1.511933,0.557537,0.044075
237.3987,1.543641,0.590469,1.459426,0.548177,0.094238,1.47156,0.574947,0.073734,1.470876,0.573424,0.074735,1.477669,0.497095,0.114329,,,,1.511933,0.557537,0.045716
237.6062,1.543747,0.590676,1.459426,0.548177,0.094426,1.472194,0.576359,0.072971,1.472145,0.576248,0.073041,1.477669,0.497095,0.114558,,,,1.513437,0.560243,0.042951
237.8805,1.543747,0.590676,1.459426,0.548177,0.094426,1.472194,0.576359,0.072971,1.472145,0.576248,0.073041,1.477669,0.497095,0.114558,,,,1.513437,0.560243,0.042951
238.0026,1.54502,0.593179,1.459426,0.548177,0.096703,1.472817,0.577747,0.073833,1.472768,0.577636,0.073904,1.477669,0.497095,0.117338,,,,1.513437,0.560243,0.045632
238.1985,1.54502,0.593179,1.459426,0.548177,0.096703,1.472817,0.577747,0.073833,1.472768,0.577636,0.073904,1.477669,0.497095,0.117338,,,,1.513437,0.560243,0.045632
238.4004,1.54502,0.593179,1.459426,0.548177,0.096703,1.472817,0.577747,0.073833,1.472768,0.577636,0.073904,1.477669,0.497095,0.117338,,,,1.513437,0.560243,0.045632
238.6133,1.54502,0.593179,1.459426,0.548177,0.096703,1.472817,0.577747,0.073833,1.472768,0.577636,0.073904,1.477669,0.497095,0.117338,,,,1.513437,0.560243,0.045632
239.2222,1.545434,0.593995,1.459426,0.548177,0.097451,1.472817,0.577747,0.074412,1.472768,0.577636,0.074485,1.477669,0.497095,0.118244,,,,1.513437,0.560243,0.046508
239.4467,1.546623,0.596338,1.459426,0.548177,0.099614,1.474067,0.580537,0.074257,1.474018,0.580426,0.074328,1.477669,0.497095,0.120846,,,,1.515659,0.564249,0.044592
239.5985,1.547227,0.597529,1.459426,0.548177,0.100721,1.474711,0.581974,0.074166,1.474661,0.581863,0.074237,1.477669,0.497095,0.122169,,,,1.516422,0.565626,0.044348
239.9895,1.547227,0.597529,1.459426,0.548177,0.100721,1.474711,0.581974,0.074166,1.474661,0.581863,0.074237,1.477669,0.497095,0.122169,,,,1.516422,0.565626,0.044348
240.0177,1.547333,0.597739,1.459426,0.548177,0.100917,1.475353,0.583411,0.073392,1.474661,0.581863,0.074386,1.477669,0.497095,0.122402,,,,1.517184,0.567004,0.043054
240.2019,1.548118,0.599289,1.459426,0.548177,0.102366,1.476001,0.584861,0.073547,1.475957,0.584761,0.073609,1.477669,0.497095,0.124123,,,,1.517952,0.568393,0.04318
240.3984,1.548472,0.599989,1.459426,0.548177,0.103023,1.476001,0.584861,0.074034,1.475957,0.584761,0.074097,1.519628,0.575164,0.038056,,,,1.517952,0.568393,0.043929
240.6094,1.548472,0.599989,1.459426,0.548177,0.103023,1.476001,0.584861,0.074034,1.475957,0.584761,0.074097,1.519628,0.575164,0.038056,,,,1.517952,0.568393,0.043929
240.8071,1.548472,0.599989,1.459426,0.548177,0.103023,1.476001,0.584861,0.074034,1.475957,0.584761,0.074097,1.519628,0.575164,0.038056,,,,1.517952,0.568393,0.043929
241.0001,1.548472,0.599989,1.459426,0.548177,0.103023,1.476001,0.584861,0.074034,1.475957,0.584761,0.074097,1.519628,0.575164,0.038056,,,,1.517952,0.568393,0.043929
241.1988,1.548649,0.600339,1.459426,0.548177,0.103352,1.476001,0.584861,0.074279,1.475957,0.584761,0.074343,1.519628,0.575164,0.038419,,,,1.517952,0.568393,0.044304
241.4093,1.549286,0.601599,1.459426,0.548177,0.104541,1.476642,0.586298,0.074238,1.475957,0.584761,0.075238,1.519628,0.575164,0.039729,,,,1.519625,0.57516,0.039734
241.6035,1.549675,0.602369,1.459426,0.548177,0.10527,1.476642,0.586298,0.074781,1.476598,0.586198,0.074845,1.519628,0.575164,0.040533,,,,1.519625,0.57516,0.040538
241.7985,1.550721,0.604445,1.459426,0.548177,0.107243,1.477863,0.589041,0.074469,1.477819,0.588941,0.074532,1.519628,0.575164,0.04271,,,,1.520346,0.576559,0.041235
241.9985,1.550721,0.604445,1.459426,0.548177,0.107243,1.477863,0.589041,0.074469,1.477819,0.588941,0.074532,1.519628,0.575164,0.04271,,,,1.520346,0.576559,0.041235
242.1983,1.550822,0.604646,1.459426,0.548177,0.107434,1.477863,0.589041,0.074609,1.478429,0.590313,0.073799,1.519628,0.575164,0.042922,,,,1.521033,0.577893,0.040039
242.4027,1.550822,0.604646,1.459426,0.548177,0.107434,1.477863,0.589041,0.074609,1.478429,0.590313,0.073799,1.519628,0.575164,0.042922,,,,1.521033,0.577893,0.040039
242.6085,1.550822,0.604646,1.459426,0.548177,0.107434,1.477863,0.589041,0.074609,1.478429,0.590313,0.073799,1.519628,0.575164,0.042922,,,,1.521033,0.577893,0.040039
242.7985,1.550822,0.604646,1.459426,0.548177,0.107434,1.477863,0.589041,0.074609,1.478429,0.590313,0.073799,1.519628,0.575164,0.042922,,,,1.521033,0.577893,0.040039
243.0004,1.551264,0.605525,1.459426,0.548177,0.108273,1.478473,0.590412,0.074344,1.478429,0.590313,0.074407,1.519628,0.575164,0.043848,,,,1.521963,0.579702,0.039056
243.2111,1.551469,0.605931,1.459426,0.548177,0.108662,1.478473,0.590412,0.074627,1.478429,0.590313,0.074691,1.519628,0.575164,0.044277,,,,1.521963,0.579702,0.039478
243.4047,1.551559,0.606112,1.459426,0.548177,0.108835,1.478473,0.590412,0.074754,1.478429,0.590313,0.074818,1.519628,0.575164,0.044468,,,,1.521963,0.579702,0.039666
243.6013,1.551967,0.606925,1.459426,0.548177,0.109614,1.478885,0.591342,0.074724,1.478841,0.591242,0.074788,1.519628,0.575164,0.045328,,,,1.521963,0.579702,0.040513
243.97,1.552035,0.60706,1.459426,0.548177,0.109744,1.478885,0.591342,0.074819,1.478841,0.591242,0.074883,1.519628,0.575164,0.045471,,,,1.521963,0.579702,0.040654
243.9984,1.552405,0.607801,1.459426,0.548177,0.110454,1.479299,0.592275,0.074736,1.479255,0.592175,0.0748,1.519628,0.575164,0.046254,,,,1.522428,0.580611,0.040471
244.1983,1.552711,0.608414,1.459426,0.548177,0.111043,1.480007,0.593879,0.074142,1.479665,0.593104,0.074633,1.519628,0.575164,0.046904,,,,1.523226,0.582173,0.039471
244.4039,1.552802,0.608598,1.459426,0.548177,0.11122,1.480007,0.593879,0.074268,1.479665,0.593104,0.074761,1.519628,0.575164,0.0471,,,,1.523226,0.582173,0.039662
244.5989,1.552802,0.608598,1.459426,0.548177,0.11122,1.480007,0.593879,0.074268,1.479665,0.593104,0.074761,1.519628,0.575164,0.0471,,,,1.523226,0.582173,0.039662
244.8734,1.552802,0.608598,1.459426,0.548177,0.11122,1.480007,0.593879,0.074268,1.479665,0.593104,0.074761,1.519628,0.575164,0.0471,,,,1.523226,0.582173,0.039662
245.0036,1.552967,0.60893,1.459426,0.548177,0.111539,1.480007,0.593879,0.074496,1.480018,0.593907,0.07448,1.519628,0.575164,0.047451,,,,1.523226,0.582173,0.040006
245.2097,1.552967,0.60893,1.459426,0.548177,0.111539,1.480007,0.593879,0.074496,1.480018,0.593907,0.07448,1.519628,0.575164,0.047451,,,,1.523226,0.582173,0.040006
245.4027,1.553532,0.610067,1.459426,0.548177,0.112634,1.48088,0.59587,0.074026,1.480892,0.595897,0.074009,1.519628,0.575164,0.048659,,,,1.524209,0.584111,0.039161
245.6001,1.553677,0.610361,1.459426,0.548177,0.112917,1.48088,0.59587,0.074226,1.480892,0.595897,0.074209,1.519628,0.575164,0.048972,,,,1.524209,0.584111,0.039465
245.8742,1.553677,0.610361,1.459426,0.548177,0.112917,1.48088,0.59587,0.074226,1.480892,0.595897,0.074209,1.519628,0.575164,0.048972,,,,1.524209,0.584111,0.039465
246.0037,1.554526,0.612079,1.459426,0.548177,0.114576,1.481845,0.598087,0.074016,1.481858,0.598114,0.073998,1.519628,0.575164,0.0508,,,,1.525297,0.586271,0.038993
246.2012,1.554526,0.612079,1.459426,0.548177,0.114576,1.481845,0.598087,0.074016,1.481858,0.598114,0.073998,1.519628,0.575164,0.0508,,,,1.525297,0.586271,0.038993
246.4166,1.554526,0.612079,1.459426,0.548177,0.114576,1.481845,0.598087,0.074016,1.481858,0.598114,0.073998,1.519628,0.575164,0.0508,,,,1.525297,0.586271,0.038993
246.6046,1.555038,0.613117,1.459426,0.548177,0.115581,1.481845,0.598087,0.07472,1.481858,0.598114,0.074702,1.519628,0.575164,0.051906,,,,1.525297,0.586271,0.040065
246.9189,1.555095,0.613233,1.459426,0.548177,0.115693,1.481845,0.598087,0.074799,1.481858,0.598114,0.074781,1.519628,0.575164,0.05203,,,,1.525297,0.586271,0.040186
246.9988,1.555581,0.614221,1.459426,0.548177,0.116653,1.482364,0.599283,0.074726,1.482377,0.599309,0.074707,1.519628,0.575164,0.053086,,,,1.525882,0.587435,0.039994
247.1988,1.555581,0.614221,1.459426,0.548177,0.116653,1.482364,0.599283,0.074726,1.482377,0.599309,0.074707,1.519628,0.575164,0.053086,,,,1.525882,0.587435,0.039994
247.4067,1.555581,0.614221,1.459426,0.548177,0.116653,1.482364,0.599283,0.074726,1.482377,0.599309,0.074707,1.519628,0.575164,0.053086,,,,1.525882,0.587435,0.039994
247.5998,1.555937,0.614946,1.459426,0.548177,0.117357,1.482364,0.599283,0.075222,1.482377,0.599309,0.075204,1.519628,0.575164,0.053861,,,,1.525882,0.587435,0.040745
247.7983,1.556386,0.615861,1.459426,0.548177,0.118248,1.48345,0.60179,0.074282,1.483464,0.601816,0.074263,1.519628,0.575164,0.05484,,,,1.527107,0.589878,0.039146
247.9985,1.556386,0.615861,1.459426,0.548177,0.118248,1.48345,0.60179,0.074282,1.483464,0.601816,0.074263,1.519628,0.575164,0.05484,,,,1.527107,0.589878,0.039146
248.2074,1.556656,0.616411,1.459426,0.548177,0.118784,1.48345,0.60179,0.074652,1.483464,0.601816,0.074633,1.519628,0.575164,0.055429,,,,1.527107,0.589878,0.039713
248.4011,1.557134,0.617388,1.459426,0.548177,0.119738,1.483991,0.603045,0.074536,1.484005,0.603071,0.074517,1.519628,0.575164,0.056476,,,,1.527717,0.5911,0.039451
248.6181,1.557499,0.618134,1.459426,0.548177,0.120467,1.483991,0.603045,0.075041,1.484005,0.603071,0.075021,1.519628,0.575164,0.057277,,,,1.528336,0.592341,0.038933
248.9023,1.557499,0.618134,1.459426,0.548177,0.120467,1.483991,0.603045,0.075041,1.484005,0.603071,0.075021,1.519628,0.575164,0.057277,,,,1.528336,0.592341,0.038933
249.0189,1.558247,0.619666,1.459426,0.548177,0.121968,1.484538,0.604318,0.075289,1.484554,0.604344,0.075269,1.519628,0.575164,0.058922,,,,1.528336,0.592341,0.040513
249.1989,1.558426,0.620033,1.459426,0.548177,0.122329,1.484538,0.604318,0.07554,1.484554,0.604344,0.07552,1.519628,0.575164,0.059317,,,,1.528336,0.592341,0.040894
249.4052,1.558575,0.620339,1.459426,0.548177,0.12263,1.484538,0.604318,0.07575,1.484554,0.604344,0.07573,1.519628,0.575164,0.059646,,,,1.528336,0.592341,0.041211
249.6028,1.558575,0.620339,1.459426,0.548177,0.12263,1.485618,0.606832,0.074197,1.485634,0.606857,0.074176,1.519628,0.575164,0.059646,,,,1.529555,0.594789,0.038665
249.9458,1.558575,0.620339,1.459426,0.548177,0.12263,1.485618,0.606832,0.074197,1.485634,0.606857,0.074176,1.519628,0.575164,0.059646,,,,1.529555,0.594789,0.038665
249.9997,1.558575,0.620339,1.459426,0.548177,0.12263,1.485618,0.606832,0.074197,1.485634,0.606857,0.074176,1.519628,0.575164,0.059646,,,,1.529555,0.594789,0.038665
250.1986,1.559419,0.622072,1.459426,0.548177,0.124335,1.48614,0.608051,0.074609,1.486157,0.608076,0.074587,1.519628,0.575164,0.061512,,,,1.529555,0.594789,0.04045
250.4007,1.559728,0.622707,1.459426,0.548177,0.124962,1.48614,0.608051,0.075034,1.486157,0.608076,0.075012,1.519628,0.575164,0.062197,,,,1.529555,0.594789,0.041108
250.6398,1.560007,0.62328,1.459426,0.548177,0.125527,1.48614,0.608051,0.07542,1.486715,0.60938,0.074598,1.519628,0.575164,0.062814,,,,1.530816,0.597331,0.039057
250.7984,1.560403,0.624096,1.459426,0.548177,0.126334,1.486698,0.609355,0.075165,1.486715,0.60938,0.075143,1.519628,0.575164,0.063695,,,,1.531437,0.598585,0.038599
251.0043,1.560879,0.625077,1.459426,0.548177,0.127305,1.486698,0.609355,0.075829,1.486715,0.60938,0.075807,1.519628,0.575164,0.064753,,,,1.531437,0.598585,0.039607
251.21,1.561421,0.626194,1.459426,0.548177,0.128412,1.487863,0.612084,0.0749,1.487881,0.612108,0.074877,1.519628,0.575164,0.06596,,,,1.532095,0.599914,0.039378
251.4003,1.561516,0.626389,1.459426,0.548177,0.128606,1.487863,0.612084,0.07503,1.487881,0.612108,0.075007,1.519628,0.575164,0.066171,,,,1.532095,0.599914,0.039579
251.5996,1.561516,0.626389,1.459426,0.548177,0.128606,1.487863,0.612084,0.07503,1.487881,0.612108,0.075007,1.519628,0.575164,0.066171,,,,1.532095,0.599914,0.039579
251.8387,1.561516,0.626389,1.459426,0.548177,0.128606,1.487863,0.612084,0.07503,1.487881,0.612108,0.075007,1.519628,0.575164,0.066171,,,,1.532095,0.599914,0.039579
251.9997,1.561611,0.626584,1.459426,0.548177,0.1288,1.488431,0.613418,0.074355,1.48845,0.613442,0.074332,1.519628,0.575164,0.066382,,,,1.532095,0.599914,0.03978
252.2197,1.562313,0.628034,1.459426,0.548177,0.130242,1.488431,0.613418,0.075314,1.489026,0.614793,0.074474,1.519628,0.575164,0.06795,,,,1.532737,0.601215,0.039925
252.4013,1.562537,0.628496,1.459426,0.548177,0.130703,1.489006,0.614769,0.074801,1.489026,0.614793,0.074777,1.519628,0.575164,0.068451,,,,1.532737,0.601215,0.040402
252.5992,1.562537,0.628496,1.459426,0.548177,0.130703,1.489006,0.614769,0.074801,1.489026,0.614793,0.074777,1.519628,0.575164,0.068451,,,,1.532737,0.601215,0.040402
252.8073,1.562537,0.628496,1.459426,0.548177,0.130703,1.489006,0.614769,0.074801,1.489026,0.614793,0.074777,1.519628,0.575164,0.068451,,,,1.532737,0.601215,0.040402
253.0038,1.563621,0.630734,1.459426,0.548177,0.132937,1.489579,0.616116,0.075471,1.4896,0.61614,0.075446,1.519628,0.575164,0.070876,,,,1.534035,0.603844,0.03998
253.2082,1.563929,0.631371,1.459426,0.548177,0.133575,1.489579,0.616116,0.075898,1.4896,0.61614,0.075874,1.519628,0.575164,0.071567,,,,1.534035,0.603844,0.040637
253.4078,1.564548,0.63265,1.459426,0.548177,0.134857,1.490153,0.617463,0.07593,1.490715,0.618757,0.075129,1.519628,0.575164,0.072955,,,,1.534683,0.605157,0.040593
253.6134,1.564548,0.63265,1.459426,0.548177,0.134857,1.490153,0.617463,0.07593,1.490715,0.618757,0.075129,1.519628,0.575164,0.072955,,,,1.534683,0.605157,0.040593
253.7994,1.564759,0.633086,1.459426,0.548177,0.135295,1.49071,0.618772,0.07542,1.491259,0.620034,0.07465,1.519628,0.575164,0.073429,,,,1.535312,0.606432,0.039718
253.9983,1.564759,0.633086,1.459426,0.548177,0.135295,1.49071,0.618772,0.07542,1.491259,0.620034,0.07465,1.519628,0.575164,0.073429,,,,1.535312,0.606432,0.039718
254.1991,1.564969,0.63352,1.459426,0.548177,0.135731,1.49071,0.618772,0.07571,1.491259,0.620034,0.074934,1.519628,0.575164,0.0739,,,,1.535312,0.606432,0.040165
254.3984,1.565551,0.634723,1.459426,0.548177,0.136941,1.491253,0.620049,0.075733,1.491259,0.620034,0.07573,1.519628,0.575164,0.075208,,,,1.535927,0.607677,0.040113
254.6001,1.565551,0.634723,1.459426,0.548177,0.136941,1.491253,0.620049,0.075733,1.491259,0.620034,0.07573,1.519628,0.575164,0.075208,,,,1.535927,0.607677,0.040113
254.7986,1.565792,0.635222,1.459426,0.548177,0.137444,1.492344,0.622613,0.074523,1.492351,0.622598,0.074519,1.519628,0.575164,0.07575,,,,1.53716,0.610176,0.038041
254.9982,1.566427,0.636533,1.459426,0.548177,0.138766,1.492344,0.622613,0.075379,1.492351,0.622598,0.075375,1.519628,0.575164,0.077177,,,,1.537769,0.61141,0.038111
255.1982,1.566927,0.637568,1.459426,0.548177,0.139812,1.492344,0.622613,0.076068,1.492351,0.622598,0.076064,1.519628,0.575164,0.078304,,,,1.537769,0.61141,0.039172
255.3982,1.56748,0.63871,1.459426,0.548177,0.140969,1.492883,0.623879,0.076057,1.49289,0.623864,0.076053,1.519628,0.575164,0.079549,,,,1.537769,0.61141,0.04035
255.5989,1.567713,0.639191,1.459426,0.548177,0.141456,1.493406,0.625107,0.07563,1.493937,0.626319,0.074891,1.519628,0.575164,0.080073,,,,1.538359,0.612607,0.039603
255.8002,1.567713,0.639191,1.459426,0.548177,0.141456,1.493406,0.625107,0.07563,1.493937,0.626319,0.074891,1.519628,0.575164,0.080073,,,,1.538359,0.612607,0.039603
255.9992,1.567801,0.639372,1.459426,0.548177,0.141639,1.493406,0.625107,0.07575,1.493937,0.626319,0.075008,1.519628,0.575164,0.08027,,,,1.538359,0.612607,0.039789
256.1983,1.56816,0.640116,1.459426,0.548177,0.142394,1.493998,0.626499,0.075402,1.494233,0.627015,0.075079,1.519628,0.575164,0.081081,,,,1.539029,0.613963,0.039148
256.4057,1.568647,0.641125,1.459426,0.548177,0.143418,1.493998,0.626499,0.076069,1.494233,0.627015,0.07574,1.519628,0.575164,0.082182,,,,1.539029,0.613963,0.040188
256.603,1.568686,0.641204,1.459426,0.548177,0.143499,1.493998,0.626499,0.076121,1.494233,0.627015,0.075793,1.519628,0.575164,0.082268,,,,1.539029,0.613963,0.040269
256.8871,1.568686,0.641204,1.459426,0.548177,0.143499,1.493998,0.626499,0.076121,1.494233,0.627015,0.075793,1.519628,0.575164,0.082268,,,,1.539029,0.613963,0.040269
257.0048,1.568985,0.641827,1.459426,0.548177,0.144131,1.494524,0.62774,0.075782,1.49476,0.628256,0.075455,1.519628,0.575164,0.082946,,,,1.539623,0.615173,0.039655
257.2094,1.569144,0.642159,1.459426,0.548177,0.144467,1.494738,0.628247,0.075695,1.494975,0.628762,0.075369,1.519628,0.575164,0.083307,,,,1.539865,0.615667,0.039485
257.4049,1.569144,0.642159,1.459426,0.548177,0.144467,1.494738,0.628247,0.075695,1.494975,0.628762,0.075369,1.519628,0.575164,0.083307,,,,1.539865,0.615667,0.039485
257.5982,1.569329,0.642546,1.459426,0.548177,0.14486,1.495014,0.628904,0.075556,1.495252,0.629419,0.075231,1.519628,0.575164,0.083729,,,,1.540178,0.616307,0.03922
257.8069,1.569571,0.643058,1.459426,0.548177,0.145377,1.495161,0.629257,0.075679,1.495252,0.629419,0.075561,1.519628,0.575164,0.084285,,,,1.540345,0.616652,0.039389
258.0072,1.569718,0.64337,1.459426,0.548177,0.145692,1.495307,0.629608,0.075673,1.495545,0.63012,0.075347,1.519628,0.575164,0.084623,,,,1.540345,0.616652,0.039707
258.1988,1.569852,0.643654,1.459426,0.548177,0.145979,1.49545,0.629955,0.075652,1.495689,0.630467,0.075326,1.519628,0.575164,0.084931,,,,1.54051,0.616994,0.039644
258.3981,1.569852,0.643654,1.459426,0.548177,0.145979,1.49545,0.629955,0.075652,1.495689,0.630467,0.075326,1.519628,0.575164,0.084931,,,,1.54051,0.616994,0.039644
258.5991,1.569895,0.643747,1.459426,0.548177,0.146073,1.49545,0.629955,0.075712,1.495689,0.630467,0.075386,1.519628,0.575164,0.085032,,,,1.540673,0.617332,0.039392
258.7986,1.569895,0.643747,1.459426,0.548177,0.146073,1.49545,0.629955,0.075712,1.495689,0.630467,0.075386,1.519628,0.575164,0.085032,,,,1.540673,0.617332,0.039392
258.9995,1.569986,0.643941,1.459426,0.548177,0.146268,1.49545,0.629955,0.075836,1.495689,0.630467,0.075509,1.519628,0.575164,0.085242,,,,1.540673,0.617332,0.039589
259.1989,1.570106,0.6442,1.459426,0.548177,0.146529,1.495799,0.630804,0.075505,1.496039,0.631315,0.07518,1.519628,0.575164,0.085522,,,,1.540829,0.61766,0.039516
259.4275,1.570236,0.644479,1.459426,0.548177,0.14681,1.495799,0.630804,0.075683,1.496039,0.631315,0.075356,1.519628,0.575164,0.085824,,,,1.540829,0.61766,0.0398
259.6208,1.570365,0.644759,1.459426,0.548177,0.147091,1.495799,0.630804,0.07586,1.496212,0.63174,0.075287,1.519628,0.575164,0.086126,,,,1.541026,0.618074,0.039659
259.8654,1.570365,0.644759,1.459426,0.548177,0.147091,1.495799,0.630804,0.07586,1.496212,0.63174,0.075287,1.519628,0.575164,0.086126,,,,1.541026,0.618074,0.039659
260.011,1.570441,0.644925,1.459426,0.548177,0.147257,1.495799,0.630804,0.075966,1.496212,0.63174,0.075391,1.519628,0.575164,0.086305,,,,1.541026,0.618074,0.039827
260.1989,1.570765,0.645631,1.459426,0.548177,0.147965,1.496362,0.632196,0.075606,1.496611,0.632728,0.075267,1.519628,0.575164,0.087067,,,,1.541666,0.619433,0.039155
260.4021,1.570765,0.645631,1.459426,0.548177,0.147965,1.496362,0.632196,0.075606,1.496611,0.632728,0.075267,1.519628,0.575164,0.087067,,,,1.541666,0.619433,0.039155
260.5983,1.57087,0.645864,1.459426,0.548177,0.148199,1.496559,0.632691,0.07547,1.496809,0.633222,0.075133,1.519628,0.575164,0.087317,,,,1.541666,0.619433,0.039389
260.8123,1.570902,0.645934,1.459426,0.548177,0.148268,1.496559,0.632691,0.075514,1.496809,0.633222,0.075176,1.519628,0.575164,0.087393,,,,1.541666,0.619433,0.03946
261.006,1.571162,0.646507,1.459426,0.548177,0.148841,1.496559,0.632691,0.075872,1.497104,0.633966,0.075112,1.519628,0.575164,0.088009,,,,1.54189,0.619916,0.039546
261.2006,1.571281,0.64677,1.459426,0.548177,0.149105,1.496559,0.632691,0.076037,1.497104,0.633966,0.075274,1.519628,0.575164,0.088292,,,,1.54189,0.619916,0.039812
261.4112,1.571776,0.647871,1.459426,0.548177,0.150205,1.497204,0.634325,0.075792,1.497426,0.634783,0.075492,1.519628,0.575164,0.089475,,,,1.542226,0.620642,0.040182
261.5989,1.571776,0.647871,1.459426,0.548177,0.150205,1.497204,0.634325,0.075792,1.497426,0.634783,0.075492,1.552046,0.639346,0.021493,,,,1.542226,0.620642,0.040182
261.8849,1.571776,0.647871,1.459426,0.548177,0.150205,1.497204,0.634325,0.075792,1.497426,0.634783,0.075492,1.552046,0.639346,0.021493,,,,1.542226,0.620642,0.040182
262.004,1.572334,0.649121,1.459426,0.548177,0.151453,1.497857,0.635999,0.075625,1.498081,0.636456,0.075326,1.552046,0.639346,0.022521,,,,1.552839,0.640995,0.021121
262.206,1.572603,0.649726,1.459426,0.548177,0.152057,1.497857,0.635999,0.075996,1.498081,0.636456,0.075694,1.552046,0.639346,0.023029,,,,1.552839,0.640995,0.021606
262.4065,1.572603,0.649726,1.459426,0.548177,0.152057,1.498211,0.636913,0.075488,1.498436,0.637369,0.075189,1.552046,0.639346,0.023029,,,,1.553262,0.641879,0.020872
262.5996,1.572603,0.649726,1.459426,0.548177,0.152057,1.498211,0.636913,0.075488,1.498436,0.637369,0.075189,1.552046,0.639346,0.023029,,,,1.553262,0.641879,0.020872
262.8487,1.572603,0.649726,1.459426,0.548177,0.152057,1.498211,0.636913,0.075488,1.498436,0.637369,0.075189,1.552046,0.639346,0.023029,,,,1.553262,0.641879,0.020872
262.9985,1.573076,0.650791,1.459426,0.548177,0.153121,1.498601,0.637925,0.075578,1.498828,0.638381,0.075277,1.552046,0.639346,0.023943,,,,1.553262,0.641879,0.021726
263.2034,1.573163,0.650988,1.459426,0.548177,0.153318,1.498601,0.637925,0.075697,1.498828,0.638381,0.075396,1.552046,0.639346,0.024114,,,,1.553262,0.641879,0.021887
263.4019,1.573555,0.651876,1.459426,0.548177,0.154204,1.498991,0.63894,0.075678,1.499219,0.639395,0.075376,1.552046,0.639346,0.024893,,,,1.554196,0.643842,0.02096
263.5983,1.573709,0.652223,1.459426,0.548177,0.154552,1.498991,0.63894,0.075889,1.499219,0.639395,0.075586,1.552046,0.639346,0.025201,,,,1.554196,0.643842,0.021236
263.7996,1.573842,0.652525,1.459426,0.548177,0.154853,1.498991,0.63894,0.076073,1.499219,0.639395,0.075768,1.552046,0.639346,0.02547,,,,1.554196,0.643842,0.021479
264.0014,1.574519,0.654063,1.459426,0.548177,0.156391,1.499387,0.639972,0.076442,1.499617,0.640427,0.076133,1.552046,0.639346,0.026863,,,,1.55467,0.644841,0.021887
264.2007,1.574519,0.654063,1.459426,0.548177,0.156391,1.499387,0.639972,0.076442,1.499617,0.640427,0.076133,1.552046,0.639346,0.026863,,,,1.55467,0.644841,0.021887
264.3985,1.57467,0.654407,1.459426,0.548177,0.156736,1.50016,0.641994,0.075537,1.500392,0.642448,0.075234,1.552046,0.639346,0.027179,,,,1.555595,0.646798,0.020537
264.6152,1.574909,0.654951,1.459426,0.548177,0.15728,1.50016,0.641994,0.075864,1.500392,0.642448,0.075558,1.552046,0.639346,0.027681,,,,1.555595,0.646798,0.020964
264.8329,1.574974,0.6551,1.459426,0.548177,0.15743,1.50016,0.641994,0.075954,1.500392,0.642448,0.075648,1.552046,0.639346,0.027819,,,,1.555595,0.646798,0.021083
265.0019,1.575193,0.655597,1.459426,0.548177,0.157928,1.50016,0.641994,0.076256,1.500392,0.642448,0.075947,1.552046,0.639346,0.028282,,,,1.555595,0.646798,0.021483
265.2161,1.575879,0.657162,1.459426,0.548177,0.159497,1.500548,0.643012,0.076649,1.500781,0.643465,0.076336,1.552046,0.639346,0.029756,,,,1.556059,0.647783,0.021927
265.4025,1.576017,0.657477,1.459426,0.548177,0.159813,1.500548,0.643012,0.076844,1.500781,0.643465,0.07653,1.552046,0.639346,0.030056,,,,1.556059,0.647783,0.022188
265.5983,1.576201,0.657898,1.459426,0.548177,0.160235,1.501365,0.64516,0.075913,1.501602,0.645612,0.075605,1.552046,0.639346,0.030458,,,,1.557038,0.649862,0.02078
265.8058,1.576583,0.658768,1.459426,0.548177,0.16111,1.501365,0.64516,0.076439,1.501602,0.645612,0.076127,1.552046,0.639346,0.031294,,,,1.557038,0.649862,0.021478
265.9985,1.576775,0.659207,1.459426,0.548177,0.161551,1.501794,0.646287,0.076086,1.502032,0.646738,0.075776,1.552046,0.639346,0.031717,,,,1.557552,0.650953,0.020921
266.1988,1.576939,0.659582,1.459426,0.548177,0.161928,1.501794,0.646287,0.076313,1.502032,0.646738,0.076,1.552046,0.639346,0.032081,,,,1.557552,0.650953,0.021221
266.4038,1.57701,0.659742,1.459426,0.548177,0.162089,1.501794,0.646287,0.07641,1.502032,0.646738,0.076097,1.552046,0.639346,0.032237,,,,1.557552,0.650953,0.021351
266.615,1.577127,0.66001,1.459426,0.548177,0.162359,1.501794,0.646287,0.076573,1.502032,0.646738,0.076259,1.552046,0.639346,0.032497,,,,1.557552,0.650953,0.021569
266.932,1.577172,0.660113,1.459426,0.548177,0.162462,1.501794,0.646287,0.076636,1.502032,0.646738,0.076321,1.552046,0.639346,0.032597,,,,1.557552,0.650953,0.021653
266.9985,1.577532,0.660934,1.459426,0.548177,0.163289,1.501794,0.646287,0.077142,1.502032,0.646738,0.076823,1.552046,0.639346,0.0334,,,,1.557552,0.650953,0.022335
267.1986,1.577735,0.661395,1.459426,0.548177,0.163755,1.502587,0.648371,0.076269,1.502828,0.648821,0.075955,1.552046,0.639346,0.033854,,,,1.558501,0.652971,0.020998
267.4038,1.578232,0.662524,1.459426,0.548177,0.164894,1.502587,0.648371,0.076957,1.502828,0.648821,0.076638,1.552046,0.639346,0.03497,,,,1.558501,0.652971,0.021921
267.6084,1.578299,0.662677,1.459426,0.548177,0.16505,1.502587,0.648371,0.077052,1.502828,0.648821,0.076733,1.552046,0.639346,0.035123,,,,1.558501,0.652971,0.02205
267.7994,1.578477,0.663081,1.459426,0.548177,0.165458,1.502587,0.648371,0.077303,1.503616,0.650876,0.075849,1.552046,0.639346,0.035524,,,,1.559441,0.654961,0.020695
268.0116,1.578906,0.664052,1.459426,0.548177,0.166441,1.503372,0.650427,0.076752,1.50399,0.651846,0.075903,1.552046,0.639346,0.036494,,,,1.559887,0.6559,0.020692
268.2078,1.579012,0.664292,1.459426,0.548177,0.166684,1.503372,0.650427,0.0769,1.50399,0.651846,0.076047,1.552046,0.639346,0.036735,,,,1.559887,0.6559,0.020885
268.3983,1.579266,0.664867,1.459426,0.548177,0.167268,1.503745,0.651397,0.076713,1.50399,0.651846,0.076394,1.552046,0.639346,0.037313,,,,1.559887,0.6559,0.021353
268.6066,1.579266,0.664867,1.459426,0.548177,0.167268,1.503745,0.651397,0.076713,1.50399,0.651846,0.076394,1.552046,0.639346,0.037313,,,,1.559887,0.6559,0.021353
268.9901,1.579266,0.664867,1.459426,0.548177,0.167268,1.503745,0.651397,0.076713,1.50399,0.651846,0.076394,1.552046,0.639346,0.037313,,,,1.559887,0.6559,0.021353
269.0063,1.579373,0.665108,1.459426,0.548177,0.167512,1.503745,0.651397,0.076861,1.50399,0.651846,0.076541,1.552046,0.639346,0.037556,,,,1.559887,0.6559,0.021552
269.1982,1.580025,0.666575,1.502171,0.653172,0.078999,1.504119,0.652367,0.077224,1.504365,0.652816,0.076901,1.552046,0.639346,0.039041,,,,1.560793,0.657803,0.021138
269.4181,1.580448,0.667522,1.502171,0.653172,0.079581,1.502174,0.653173,0.079578,1.502174,0.653174,0.079577,1.552046,0.639346,0.040007,,,,1.560793,0.657803,0.021927
269.6223,1.580797,0.668303,1.502171,0.653172,0.080068,1.502962,0.65526,0.078919,1.502963,0.655261,0.078919,1.552046,0.639346,0.040806,,,,1.561755,0.659816,0.020847
270.0094,1.580867,0.66846,1.502171,0.653172,0.080167,1.502962,0.65526,0.079015,1.502963,0.655261,0.079014,1.552046,0.639346,0.040967,,,,1.561755,0.659816,0.020976
270.208,1.581193,0.669188,1.502171,0.653172,0.080629,1.502962,0.65526,0.079461,1.502963,0.655261,0.07946,1.552046,0.639346,0.041714,,,,1.561755,0.659816,0.021579
270.3989,1.581459,0.66978,1.502171,0.653172,0.081009,1.502962,0.65526,0.079828,1.502963,0.655261,0.079828,1.552046,0.639346,0.042324,,,,1.561755,0.659816,0.02208
270.5992,1.581503,0.669878,1.502171,0.653172,0.081072,1.503367,0.656324,0.079303,1.503367,0.656325,0.079303,1.552046,0.639346,0.042425,,,,1.562677,0.661732,0.020513
270.8137,1.581833,0.670609,1.502171,0.653172,0.081548,1.503367,0.656324,0.079756,1.503367,0.656325,0.079755,1.552046,0.639346,0.043182,,,,1.562677,0.661732,0.021113
271.0026,1.581833,0.670609,1.502171,0.653172,0.081548,1.503367,0.656324,0.079756,1.503367,0.656325,0.079755,1.552046,0.639346,0.043182,,,,1.562677,0.661732,0.021113
271.2003,1.581833,0.670609,1.502171,0.653172,0.081548,1.503367,0.656324,0.079756,1.503367,0.656325,0.079755,1.552046,0.639346,0.043182,,,,1.562677,0.661732,0.021113
271.4227,1.582152,0.671317,1.502171,0.653172,0.082013,1.503746,0.657317,0.079646,1.503747,0.657318,0.079646,1.552046,0.639346,0.043915,,,,1.562677,0.661732,0.021706
271.6068,1.582773,0.672687,1.502171,0.653172,0.08293,1.504565,0.659454,0.079319,1.504566,0.659455,0.079318,1.552046,0.639346,0.04534,,,,1.563675,0.663793,0.021068
271.8737,1.582773,0.672687,1.502171,0.653172,0.08293,1.504565,0.659454,0.079319,1.504566,0.659455,0.079318,1.552046,0.639346,0.04534,,,,1.563675,0.663793,0.021068
272.0016,1.582922,0.673016,1.502171,0.653172,0.083154,1.504565,0.659454,0.079522,1.505004,0.66059,0.078903,1.552046,0.639346,0.045684,,,,1.563675,0.663793,0.021343
272.1982,1.583603,0.674514,1.502171,0.653172,0.084182,1.505003,0.660589,0.079824,1.505004,0.66059,0.079823,1.552046,0.639346,0.047251,,,,1.564207,0.664886,0.021654
272.399,1.583603,0.674514,1.502171,0.653172,0.084182,1.505003,0.660589,0.079824,1.505004,0.66059,0.079823,1.552046,0.639346,0.047251,,,,1.564207,0.664886,0.021654
272.6061,1.583795,0.674935,1.502171,0.653172,0.084476,1.505003,0.660589,0.080088,1.505004,0.66059,0.080087,1.552046,0.639346,0.047693,,,,1.564207,0.664886,0.022015
272.8129,1.583822,0.674992,1.502171,0.653172,0.084516,1.505003,0.660589,0.080124,1.505004,0.66059,0.080123,1.552046,0.639346,0.047753,,,,1.564207,0.664886,0.022065
272.9985,1.584111,0.675626,1.502171,0.653172,0.084961,1.505498,0.661867,0.079808,1.505499,0.661868,0.079808,1.552046,0.639346,0.04842,,,,1.564809,0.666117,0.021517
273.1987,1.584313,0.676067,1.502171,0.653172,0.085273,1.505498,0.661867,0.080084,1.505499,0.661868,0.080083,1.552046,0.639346,0.048884,,,,1.564809,0.666117,0.021895
273.4019,1.58447,0.676409,1.502171,0.653172,0.085516,1.505498,0.661867,0.0803,1.505499,0.661868,0.080299,1.552046,0.639346,0.049245,,,,1.564809,0.666117,0.022192
273.6015,1.584814,0.677158,1.502171,0.653172,0.086053,1.506399,0.664185,0.07948,1.5064,0.664186,0.079479,1.552046,0.639346,0.050035,,,,1.565362,0.667245,0.021832
273.8879,1.584814,0.677158,1.502171,0.653172,0.086053,1.506399,0.664185,0.07948,1.5064,0.664186,0.079479,1.552046,0.639346,0.050035,,,,1.565362,0.667245,0.021832
274.0057,1.585303,0.678222,1.502171,0.653172,0.086824,1.50687,0.665386,0.079477,1.5064,0.664186,0.080142,1.552046,0.639346,0.051161,,,,1.565911,0.668361,0.021756
274.2234,1.585467,0.678577,1.502171,0.653172,0.087084,1.50687,0.665386,0.079697,1.5064,0.664186,0.080366,1.552046,0.639346,0.051537,,,,1.565911,0.668361,0.022064
274.4045,1.586009,0.679749,1.502171,0.653172,0.08795,1.50687,0.665386,0.080432,1.50687,0.665386,0.080432,1.552046,0.639346,0.052782,,,,1.566481,0.669517,0.022047
274.602,1.586199,0.68016,1.502171,0.653172,0.088255,1.50687,0.665386,0.080694,1.507339,0.666578,0.080021,1.552046,0.639346,0.053218,,,,1.566481,0.669517,0.022407
274.8176,1.586253,0.680277,1.502171,0.653172,0.088343,1.507338,0.666577,0.080096,1.507339,0.666578,0.080095,1.552046,0.639346,0.053343,,,,1.567616,0.67181,0.02047
275.02,1.586361,0.680509,1.502171,0.653172,0.088517,1.507338,0.666577,0.080242,1.507339,0.666578,0.080241,1.552046,0.639346,0.053591,,,,1.567616,0.67181,0.020665
275.2097,1.586627,0.68108,1.502171,0.653172,0.088947,1.507808,0.667767,0.079935,1.507809,0.667768,0.079935,1.552046,0.639346,0.0542,,,,1.567616,0.67181,0.02115
275.4041,1.586627,0.68108,1.502171,0.653172,0.088947,1.507808,0.667767,0.079935,1.507809,0.667768,0.079935,1.552046,0.639346,0.0542,,,,1.567616,0.67181,0.02115
275.6074,1.586813,0.68148,1.502171,0.653172,0.08925,1.507808,0.667767,0.080186,1.507809,0.667768,0.080186,1.552046,0.639346,0.054627,,,,1.567616,0.67181,0.021495
275.8798,1.587092,0.682079,1.502171,0.653172,0.089706,1.507808,0.667767,0.080566,1.507809,0.667768,0.080565,1.552046,0.639346,0.055266,,,,1.567616,0.67181,0.022017
276.0019,1.587233,0.68238,1.502171,0.653172,0.089937,1.507808,0.667767,0.080758,1.507809,0.667768,0.080757,1.552046,0.639346,0.055588,,,,1.567616,0.67181,0.022283
276.2059,1.588092,0.684211,1.502171,0.653172,0.091355,1.509262,0.671421,0.079861,1.509262,0.671422,0.07986,1.552046,0.639346,0.057552,,,,1.568761,0.674101,0.021815
276.4117,1.588092,0.684211,1.502171,0.653172,0.091355,1.509262,0.671421,0.079861,1.509262,0.671422,0.07986,1.552046,0.639346,0.057552,,,,1.568761,0.674101,0.021815
276.6084,1.588515,0.685111,1.502171,0.653172,0.092062,1.509751,0.672638,0.079746,1.509751,0.672639,0.079745,1.552046,0.639346,0.058519,,,,1.569939,0.676444,0.020499
276.9756,1.588515,0.685111,1.502171,0.653172,0.092062,1.509751,0.672638,0.079746,1.509751,0.672639,0.079745,1.552046,0.639346,0.058519,,,,1.569939,0.676444,0.020499
277.0016,1.589122,0.686394,1.502171,0.653172,0.093081,1.509751,0.672638,0.080554,1.509751,0.672639,0.080554,1.552046,0.639346,0.059901,,,,1.569939,0.676444,0.02161
277.2138,1.589212,0.686583,1.502171,0.653172,0.093233,1.509751,0.672638,0.080675,1.509751,0.672639,0.080675,1.552046,0.639346,0.060105,,,,1.569939,0.676444,0.021777
277.3998,1.589615,0.687432,1.502171,0.653172,0.093916,1.510258,0.673894,0.080504,1.510259,0.673895,0.080503,1.552046,0.639346,0.061022,,,,1.571235,0.679002,0.020222
277.6181,1.589948,0.688132,1.502171,0.653172,0.094482,1.510258,0.673894,0.080952,1.510259,0.673895,0.080951,1.552046,0.639346,0.061779,,,,1.571235,0.679002,0.020822
277.7988,1.590101,0.688453,1.502171,0.653172,0.094743,1.510258,0.673894,0.081159,1.510259,0.673895,0.081158,1.552046,0.639346,0.062126,,,,1.571235,0.679002,0.021101
278.0046,1.590101,0.688453,1.502171,0.653172,0.094743,1.510258,0.673894,0.081159,1.510259,0.673895,0.081158,1.552046,0.639346,0.062126,,,,1.571235,0.679002,0.021101
278.2208,1.590469,0.689224,1.502171,0.653172,0.095374,1.510797,0.675222,0.080893,1.510798,0.675223,0.080892,1.552046,0.639346,0.062961,,,,1.571235,0.679002,0.021782
278.4022,1.591145,0.690635,1.502171,0.653172,0.096539,1.511329,0.676528,0.081053,1.511861,0.677834,0.080311,1.552046,0.639346,0.064493,,,,1.571876,0.680258,0.021886
278.6585,1.591176,0.6907,1.502171,0.653172,0.096593,1.511329,0.676528,0.081095,1.511861,0.677834,0.080352,1.552046,0.639346,0.064563,,,,1.571876,0.680258,0.021944
279.0854,1.59152,0.691416,1.502171,0.653172,0.09719,1.511329,0.676528,0.081561,1.511861,0.677834,0.080809,1.552046,0.639346,0.065341,,,,1.571876,0.680258,0.022592
279.2076,1.59215,0.692721,1.502171,0.653172,0.098287,1.512878,0.680303,0.080238,1.512877,0.680304,0.08024,1.552046,0.639346,0.066763,,,,1.573792,0.683989,0.020329
279.4129,1.592179,0.692782,1.502171,0.653172,0.098338,1.512878,0.680303,0.080277,1.512877,0.680304,0.080278,1.552046,0.639346,0.066829,,,,1.573792,0.683989,0.020381
279.6058,1.592665,0.693785,1.502171,0.653172,0.09919,1.512878,0.680303,0.080918,1.512877,0.680304,0.080919,1.552046,0.639346,0.067923,,,,1.573792,0.683989,0.021264
279.858,1.592696,0.693848,1.502171,0.653172,0.099243,1.512878,0.680303,0.080958,1.512877,0.680304,0.08096,1.552046,0.639346,0.067991,,,,1.573792,0.683989,0.02132
279.9993,1.592726,0.69391,1.502171,0.653172,0.099296,1.512878,0.680303,0.080999,1.512877,0.680304,0.081,1.552046,0.639346,0.06806,,,,1.573792,0.683989,0.021376
280.2014,1.592756,0.693973,1.502171,0.653172,0.09935,1.512878,0.680303,0.081039,1.512877,0.680304,0.081041,1.552046,0.639346,0.068128,,,,1.573792,0.683989,0.021432
280.3982,1.593076,0.69463,1.502171,0.653172,0.099912,1.512878,0.680303,0.081467,1.512877,0.680304,0.081468,1.552046,0.639346,0.068846,,,,1.573792,0.683989,0.022024
280.5993,1.593527,0.695555,1.502171,0.653172,0.100708,1.513994,0.682993,0.080519,1.513405,0.681578,0.081332,1.552046,0.639346,0.069858,,,,1.575133,0.686574,0.020469
280.8376,1.593785,0.696084,1.502171,0.653172,0.101166,1.513994,0.682993,0.080858,1.513405,0.681578,0.081678,1.552046,0.639346,0.070437,,,,1.575133,0.686574,0.020937
280.9985,1.594238,0.697009,1.502171,0.653172,0.10197,1.514557,0.684336,0.080683,1.514526,0.684265,0.080724,1.552046,0.639346,0.071451,,,,1.575808,0.687864,0.020574
281.1983,1.594627,0.697801,1.502171,0.653172,0.102664,1.514557,0.684336,0.081195,1.514526,0.684265,0.081237,1.552046,0.639346,0.07232,,,,1.575808,0.687864,0.021282
281.4034,1.595276,0.699119,1.502171,0.653172,0.103825,1.515121,0.685678,0.081274,1.51509,0.685607,0.081316,1.552046,0.639346,0.073768,,,,1.576485,0.689153,0.021271
281.6135,1.595725,0.700026,1.502171,0.653172,0.104631,1.515686,0.687014,0.081089,1.515656,0.686944,0.081131,1.552046,0.639346,0.074766,,,,1.577161,0.690437,0.020894
281.8083,1.595821,0.70022,1.502171,0.653172,0.104804,1.516244,0.688326,0.080461,1.516214,0.688256,0.080501,1.552046,0.639346,0.074979,,,,1.577829,0.691697,0.019909
282.0126,1.595917,0.700414,1.502171,0.653172,0.104977,1.516244,0.688326,0.080584,1.516214,0.688256,0.080625,1.552046,0.639346,0.075193,,,,1.577829,0.691697,0.020079
282.1989,1.59626,0.701104,1.502171,0.653172,0.105595,1.516244,0.688326,0.08103,1.516214,0.688256,0.081071,1.552046,0.639346,0.075954,,,,1.577829,0.691697,0.020693
282.3991,1.59626,0.701104,1.502171,0.653172,0.105595,1.516244,0.688326,0.08103,1.516214,0.688256,0.081071,1.552046,0.639346,0.075954,,,,1.577829,0.691697,0.020693
282.5995,1.596534,0.701654,1.502171,0.653172,0.106089,1.516244,0.688326,0.081388,1.516214,0.688256,0.08143,1.552046,0.639346,0.07656,,,,1.577829,0.691697,0.02119
282.8207,1.596534,0.701654,1.502171,0.653172,0.106089,1.516244,0.688326,0.081388,1.516214,0.688256,0.08143,1.552046,0.639346,0.07656,,,,1.577829,0.691697,0.02119
282.9985,1.597286,0.703157,1.502171,0.653172,0.107449,1.517345,0.690903,0.080874,1.517315,0.690833,0.080915,1.571623,0.682435,0.032985,,,,1.57162,0.682433,0.032989
283.2186,1.597751,0.704084,1.502171,0.653172,0.108294,1.517345,0.690903,0.081479,1.517315,0.690833,0.081521,1.571623,0.682435,0.033932,,,,1.57162,0.682433,0.033936
283.403,1.59838,0.705331,1.502171,0.653172,0.109439,1.517345,0.690903,0.08231,1.517851,0.692075,0.081613,1.571623,0.682435,0.035217,,,,1.57162,0.682433,0.03522
283.5983,1.598541,0.705648,1.502171,0.653172,0.10973,1.517345,0.690903,0.082523,1.51841,0.693361,0.081068,1.571623,0.682435,0.035544,,,,1.572767,0.684991,0.033029
284.0083,1.598541,0.705648,1.502171,0.653172,0.10973,1.517345,0.690903,0.082523,1.51841,0.693361,0.081068,1.571623,0.682435,0.035544,,,,1.572767,0.684991,0.033029
284.1985,1.59907,0.706693,1.502171,0.653172,0.110698,1.51904,0.694813,0.080908,1.518992,0.694696,0.080972,1.571623,0.682435,0.036631,,,,1.573368,0.686318,0.032798
284.4073,1.5994,0.70734,1.502171,0.653172,0.1113,1.51904,0.694813,0.081331,1.518992,0.694696,0.081396,1.571623,0.682435,0.037308,,,,1.573368,0.686318,0.03346
284.6047,1.5994,0.70734,1.502171,0.653172,0.1113,1.51904,0.694813,0.081331,1.518992,0.694696,0.081396,1.571623,0.682435,0.037308,,,,1.573368,0.686318,0.03346
285.0131,1.5994,0.70734,1.502171,0.653172,0.1113,1.51904,0.694813,0.081331,1.518992,0.694696,0.081396,1.571623,0.682435,0.037308,,,,1.573368,0.686318,0.03346
285.201,1.600644,0.70977,1.502171,0.653172,0.113579,1.519614,0.696122,0.082171,1.519567,0.696005,0.082237,1.571623,0.682435,0.039868,,,,1.573961,0.68762,0.034679
285.4015,1.600644,0.70977,1.502171,0.653172,0.113579,1.519614,0.696122,0.082171,1.519567,0.696005,0.082237,1.571623,0.682435,0.039868,,,,1.573961,0.68762,0.034679
285.614,1.600824,0.710121,1.502171,0.653172,0.11391,1.519614,0.696122,0.082407,1.519567,0.696005,0.082474,1.571623,0.682435,0.040239,,,,1.573961,0.68762,0.035041
286.0449,1.601112,0.710681,1.502171,0.653172,0.114441,1.519614,0.696122,0.082788,1.519567,0.696005,0.082856,1.571623,0.682435,0.040835,,,,1.573961,0.68762,0.035623
286.2124,1.601708,0.711834,1.502171,0.653172,0.115537,1.520872,0.698975,0.081852,1.520825,0.698857,0.081917,1.571623,0.682435,0.042065,,,,1.575259,0.690454,0.034009
286.4117,1.601874,0.712155,1.502171,0.653172,0.115843,1.520872,0.698975,0.082067,1.520825,0.698857,0.082132,1.571623,0.682435,0.042408,,,,1.575259,0.690454,0.03434
286.5988,1.602573,0.7135,1.502171,0.653172,0.117132,1.522125,0.701784,0.081296,1.520825,0.698857,0.083048,1.571623,0.682435,0.043851,,,,1.575259,0.690454,0.035737
286.877,1.602573,0.7135,1.502171,0.653172,0.117132,1.522125,0.701784,0.081296,1.520825,0.698857,0.083048,1.571623,0.682435,0.043851,,,,1.57655,0.693246,0.032975
286.9988,1.602779,0.713895,1.502171,0.653172,0.117513,1.522125,0.701784,0.081558,1.522078,0.701667,0.081622,1.571623,0.682435,0.044277,,,,1.57655,0.693246,0.033381
287.2009,1.602779,0.713895,1.502171,0.653172,0.117513,1.522125,0.701784,0.081558,1.522078,0.701667,0.081622,1.571623,0.682435,0.044277,,,,1.57655,0.693246,0.033381
287.451,1.602779,0.713895,1.502171,0.653172,0.117513,1.522125,0.701784,0.081558,1.522078,0.701667,0.081622,1.571623,0.682435,0.044277,,,,1.57655,0.693246,0.033381
287.6041,1.603151,0.714608,1.502171,0.653172,0.118201,1.522125,0.701784,0.082035,1.522078,0.701667,0.0821,1.571623,0.682435,0.045046,,,,1.57655,0.693246,0.034117
288.0342,1.603219,0.714738,1.502171,0.653172,0.118326,1.522125,0.701784,0.082122,1.522078,0.701667,0.082187,1.571623,0.682435,0.045186,,,,1.57655,0.693246,0.034251
288.2172,1.604009,0.716243,1.502171,0.653172,0.119787,1.522718,0.7031,0.082347,1.522671,0.702983,0.082412,1.571623,0.682435,0.046817,,,,1.577162,0.694554,0.034514
288.41,1.604751,0.717647,1.502171,0.653172,0.121159,1.522718,0.7031,0.083312,1.523278,0.704321,0.082556,1.571623,0.682435,0.048346,,,,1.577162,0.694554,0.035978
288.6245,1.605247,0.718583,1.502171,0.653172,0.122078,1.523951,0.705821,0.082291,1.523278,0.704321,0.0832,1.571623,0.682435,0.049368,,,,1.577787,0.695883,0.035627
288.8038,1.605247,0.718583,1.502171,0.653172,0.122078,1.523951,0.705821,0.082291,1.523278,0.704321,0.0832,1.571623,0.682435,0.049368,,,,1.577787,0.695883,0.035627
289.019,1.605247,0.718583,1.502171,0.653172,0.122078,1.523951,0.705821,0.082291,1.523278,0.704321,0.0832,1.571623,0.682435,0.049368,,,,1.577787,0.695883,0.035627
289.2109,1.605895,0.7198,1.502171,0.653172,0.123279,1.524573,0.707179,0.082295,1.524517,0.707039,0.082372,1.571623,0.682435,0.050702,,,,1.578425,0.697234,0.03555
289.4064,1.60604,0.720072,1.502171,0.653172,0.123549,1.525212,0.708564,0.081643,1.525156,0.708424,0.081719,1.571623,0.682435,0.051001,,,,1.579067,0.698582,0.034487
289.5984,1.60604,0.720072,1.502171,0.653172,0.123549,1.525212,0.708564,0.081643,1.525156,0.708424,0.081719,1.571623,0.682435,0.051001,,,,1.579067,0.698582,0.034487
290.064,1.60604,0.720072,1.502171,0.653172,0.123549,1.525212,0.708564,0.081643,1.525156,0.708424,0.081719,1.571623,0.682435,0.051001,,,,1.579067,0.698582,0.034487
290.2088,1.606339,0.720632,1.502171,0.653172,0.124104,1.525212,0.708564,0.08202,1.525156,0.708424,0.082096,1.571623,0.682435,0.051616,,,,1.579067,0.698582,0.035071
290.3988,1.606339,0.720632,1.502171,0.653172,0.124104,1.525212,0.708564,0.08202,1.525156,0.708424,0.082096,1.571623,0.682435,0.051616,,,,1.579067,0.698582,0.035071
290.6102,1.607023,0.721905,1.502171,0.653172,0.125372,1.525212,0.708564,0.082892,1.525156,0.708424,0.08297,1.571623,0.682435,0.05302,,,,1.580441,0.701458,0.033536
290.8133,1.607058,0.72197,1.502171,0.653172,0.125437,1.525212,0.708564,0.082937,1.525156,0.708424,0.083015,1.571623,0.682435,0.053091,,,,1.580441,0.701458,0.033603
290.9988,1.607582,0.722942,1.502171,0.653172,0.126409,1.526434,0.711201,0.081993,1.526378,0.71106,0.082069,1.571623,0.682435,0.054166,,,,1.581074,0.702766,0.033313
291.1995,1.607897,0.723525,1.502171,0.653172,0.126994,1.526434,0.711201,0.08239,1.526378,0.71106,0.082467,1.571623,0.682435,0.054811,,,,1.581074,0.702766,0.033918
291.4171,1.608424,0.724496,1.502171,0.653172,0.127972,1.526434,0.711201,0.083061,1.526995,0.712375,0.082326,1.571623,0.682435,0.055888,,,,1.581709,0.704073,0.033627
291.6003,1.608706,0.725013,1.502171,0.653172,0.128494,1.526434,0.711201,0.083423,1.526995,0.712375,0.082682,1.571623,0.682435,0.056463,,,,1.581709,0.704073,0.034166
291.8501,1.608706,0.725013,1.502171,0.653172,0.128494,1.526434,0.711201,0.083423,1.526995,0.712375,0.082682,1.571623,0.682435,0.056463,,,,1.581709,0.704073,0.034166
291.9988,1.609182,0.725885,1.502171,0.653172,0.129377,1.527051,0.712516,0.083212,1.526995,0.712375,0.083289,1.571623,0.682435,0.057433,,,,1.581709,0.704073,0.035079
292.2009,1.609668,0.726773,1.502171,0.653172,0.13028,1.527679,0.713848,0.083002,1.528306,0.715154,0.082187,1.571623,0.682435,0.058424,,,,1.582356,0.705396,0.034684
292.4228,1.609668,0.726773,1.502171,0.653172,0.13028,1.527679,0.713848,0.083002,1.528306,0.715154,0.082187,1.571623,0.682435,0.058424,,,,1.582356,0.705396,0.034684
292.6167,1.609743,0.72691,1.502171,0.653172,0.130419,1.527679,0.713848,0.083097,1.528306,0.715154,0.082281,1.571623,0.682435,0.058577,,,,1.582356,0.705396,0.034827
292.9124,1.609779,0.726975,1.502171,0.653172,0.130486,1.527679,0.713848,0.083143,1.528306,0.715154,0.082326,1.571623,0.682435,0.05865,,,,1.582356,0.705396,0.034896
292.9984,1.610068,0.727499,1.502171,0.653172,0.13102,1.527679,0.713848,0.083512,1.528306,0.715154,0.082688,1.571623,0.682435,0.059235,,,,1.582356,0.705396,0.035447
293.2181,1.61079,0.728806,1.502171,0.653172,0.132358,1.528338,0.715236,0.083562,1.528306,0.715154,0.083606,1.571623,0.682435,0.060699,,,,1.583034,0.706774,0.035437
293.4032,1.611224,0.729587,1.502171,0.653172,0.133161,1.528971,0.716563,0.083277,1.528941,0.716481,0.08332,1.571623,0.682435,0.061576,,,,1.583687,0.708092,0.034933
293.6007,1.611224,0.729587,1.502171,0.653172,0.133161,1.528971,0.716563,0.083277,1.528941,0.716481,0.08332,1.571623,0.682435,0.061576,,,,1.583687,0.708092,0.034933
293.9448,1.611224,0.729587,1.502171,0.653172,0.133161,1.528971,0.716563,0.083277,1.528941,0.716481,0.08332,1.571623,0.682435,0.061576,,,,1.583687,0.708092,0.034933
294.0052,1.611908,0.730813,1.502171,0.653172,0.134426,1.530314,0.719355,0.082395,1.530284,0.719273,0.082436,1.571623,0.682435,0.062955,,,,1.585068,0.710865,0.033441
294.2121,1.612446,0.731773,1.502171,0.653172,0.135421,1.530314,0.719355,0.083066,1.530284,0.719273,0.083108,1.571623,0.682435,0.064038,,,,1.585068,0.710865,0.034448
294.3992,1.612446,0.731773,1.502171,0.653172,0.135421,1.530314,0.719355,0.083066,1.530284,0.719273,0.083108,1.571623,0.682435,0.064038,,,,1.585068,0.710865,0.034448
294.6002,1.612706,0.732236,1.502171,0.653172,0.135901,1.530314,0.719355,0.083393,1.530284,0.719273,0.083435,1.571623,0.682435,0.06456,,,,1.585068,0.710865,0.034936
294.8659,1.612706,0.732236,1.502171,0.653172,0.135901,1.530314,0.719355,0.083393,1.530284,0.719273,0.083435,1.571623,0.682435,0.06456,,,,1.585752,0.712219,0.033574
295.0042,1.613433,0.733522,1.502171,0.653172,0.137241,1.530978,0.720718,0.083443,1.531705,0.722178,0.082511,1.571623,0.682435,0.066015,,,,1.58653,0.71375,0.033387
295.1998,1.613759,0.734098,1.502171,0.653172,0.137843,1.530978,0.720718,0.083855,1.531705,0.722178,0.082915,1.571623,0.682435,0.066667,,,,1.58653,0.71375,0.033992
295.3983,1.613759,0.734098,1.502171,0.653172,0.137843,1.530978,0.720718,0.083855,1.531705,0.722178,0.082915,1.571623,0.682435,0.066667,,,,1.58653,0.71375,0.033992
295.6027,1.614321,0.735088,1.502171,0.653172,0.138881,1.530978,0.720718,0.084574,1.531705,0.722178,0.083619,1.571623,0.682435,0.06779,,,,1.58653,0.71375,0.035039
295.7999,1.615267,0.736746,1.502171,0.653172,0.140625,1.531734,0.722261,0.08478,1.531705,0.722178,0.084822,1.571623,0.682435,0.069674,,,,1.58653,0.71375,0.036806
296.0028,1.615657,0.737426,1.502171,0.653172,0.141342,1.533695,0.726233,0.082723,1.533668,0.726149,0.082761,1.571623,0.682435,0.070449,,,,1.588547,0.717694,0.033531
296.2109,1.616454,0.738814,1.502171,0.653172,0.142812,1.533695,0.726233,0.08371,1.533668,0.726149,0.08375,1.571623,0.682435,0.072031,,,,1.588547,0.717694,0.034998
296.4055,1.617432,0.740508,1.502171,0.653172,0.144612,1.533695,0.726233,0.084946,1.534684,0.728179,0.083661,1.571623,0.682435,0.073966,,,,1.588547,0.717694,0.036808
296.5988,1.617432,0.740508,1.502171,0.653172,0.144612,1.533695,0.726233,0.084946,1.534684,0.728179,0.083661,1.571623,0.682435,0.073966,,,,1.588547,0.717694,0.036808
296.8117,1.618468,0.742292,1.502171,0.653172,0.146517,1.535737,0.730315,0.083593,1.535712,0.730217,0.083632,1.571623,0.682435,0.076009,,,,1.590647,0.721747,0.034584
297.0087,1.618971,0.743155,1.502171,0.653172,0.147442,1.53673,0.732273,0.082958,1.536705,0.732174,0.082996,1.571623,0.682435,0.076999,,,,1.591667,0.72369,0.033532
297.2029,1.618971,0.743155,1.502171,0.653172,0.147442,1.53673,0.732273,0.082958,1.536705,0.732174,0.082996,1.571623,0.682435,0.076999,,,,1.591667,0.72369,0.033532
297.402,1.619193,0.743535,1.502171,0.653172,0.14785,1.53673,0.732273,0.083229,1.536705,0.732174,0.083267,1.571623,0.682435,0.077435,,,,1.591667,0.72369,0.033934
297.6045,1.619413,0.743911,1.502171,0.653172,0.148254,1.53673,0.732273,0.083499,1.536705,0.732174,0.083537,1.571623,0.682435,0.077867,,,,1.591667,0.72369,0.034333
297.8307,1.619413,0.743911,1.502171,0.653172,0.148254,1.53673,0.732273,0.083499,1.536705,0.732174,0.083537,1.571623,0.682435,0.077867,,,,1.591667,0.72369,0.034333
298.012,1.621193,0.746935,1.529545,0.723451,0.094608,1.530472,0.725245,0.093277,1.529566,0.723484,0.09458,1.571623,0.682435,0.081347,,,,1.593604,0.727342,0.033838
298.199,1.621443,0.747357,1.529545,0.723451,0.094956,1.530472,0.725245,0.09362,1.529566,0.723484,0.094927,1.571623,0.682435,0.081835,,,,1.593604,0.727342,0.034287
298.3996,1.622292,0.748784,1.529545,0.723451,0.096144,1.531359,0.726956,0.093516,1.531329,0.726911,0.093555,1.571623,0.682435,0.083484,,,,1.594515,0.72904,0.034079
298.5992,1.622802,0.749639,1.529545,0.723451,0.096863,1.531359,0.726956,0.094214,1.531329,0.726911,0.094254,1.571623,0.682435,0.084473,,,,1.594515,0.72904,0.034993
298.8883,1.622802,0.749639,1.529545,0.723451,0.096863,1.531359,0.726956,0.094214,1.531329,0.726911,0.094254,1.571623,0.682435,0.084473,,,,1.594515,0.72904,0.034993
299.0129,1.624178,0.751927,1.529545,0.723451,0.098824,1.533141,0.730371,0.093554,1.532238,0.728651,0.09484,1.571623,0.682435,0.087128,,,,1.596345,0.732429,0.033983
299.1989,1.624178,0.751927,1.529545,0.723451,0.098824,1.533141,0.730371,0.093554,1.532238,0.728651,0.09484,1.571623,0.682435,0.087128,,,,1.596345,0.732429,0.033983
299.3997,1.624178,0.751927,1.529545,0.723451,0.098824,1.533141,0.730371,0.093554,1.532238,0.728651,0.09484,1.571623,0.682435,0.087128,,,,1.596345,0.732429,0.033983
299.5985,1.624327,0.752174,1.529545,0.723451,0.099038,1.533141,0.730371,0.093756,1.532238,0.728651,0.095046,1.571623,0.682435,0.087414,,,,1.596345,0.732429,0.034247
299.8013,1.625103,0.753452,1.529545,0.723451,0.100156,1.533141,0.730371,0.094814,1.532238,0.728651,0.09612,1.571623,0.682435,0.088902,,,,1.596345,0.732429,0.035623
300.0036,1.62602,0.754954,1.529545,0.723451,0.101488,1.533141,0.730371,0.096077,1.533848,0.731713,0.095057,1.571623,0.682435,0.090654,,,,1.596345,0.732429,0.037255
300.1985,1.62602,0.754954,1.529545,0.723451,0.101488,1.533141,0.730371,0.096077,1.533848,0.731713,0.095057,1.571623,0.682435,0.090654,,,,1.596345,0.732429,0.037255
300.4002,1.627007,0.756556,1.529545,0.723451,0.10293,1.533951,0.731899,0.096267,1.533848,0.731713,0.096414,1.571623,0.682435,0.092528,,,,1.597176,0.733946,0.037431
300.5983,1.627561,0.757451,1.529545,0.723451,0.103746,1.535578,0.734942,0.094698,1.535475,0.734755,0.094842,1.571623,0.682435,0.093577,,,,1.598845,0.736965,0.035275
300.8789,1.627561,0.757451,1.529545,0.723451,0.103746,1.535578,0.734942,0.094698,1.535475,0.734755,0.094842,1.571623,0.682435,0.093577,,,,1.598845,0.736965,0.035275
300.9979,1.628615,0.759141,1.529545,0.723451,0.105303,1.535578,0.734942,0.096134,1.535475,0.734755,0.09628,1.571623,0.682435,0.095562,,,,1.598845,0.736965,0.037122
301.2466,1.628751,0.759358,1.529545,0.723451,0.105504,1.537174,0.73788,0.094062,1.537071,0.737693,0.094205,1.571623,0.682435,0.095816,,,,1.600482,0.739881,0.034329
301.3983,1.628887,0.759574,1.529545,0.723451,0.105705,1.537174,0.73788,0.094244,1.537071,0.737693,0.094387,1.571623,0.682435,0.096071,,,,1.600482,0.739881,0.034563
301.6045,1.62987,0.761133,1.529545,0.723451,0.107168,1.538007,0.739391,0.0944,1.537905,0.739204,0.094543,1.571623,0.682435,0.097909,,,,1.600482,0.739881,0.036267
301.9421,1.62987,0.761133,1.529545,0.723451,0.107168,1.538007,0.739391,0.0944,1.537905,0.739204,0.094543,1.571623,0.682435,0.097909,,,,1.600482,0.739881,0.036267
301.9985,1.630564,0.762226,1.529545,0.723451,0.108204,1.538007,0.739391,0.095332,1.537905,0.739204,0.095476,1.571623,0.682435,0.0992,,,,1.600482,0.739881,0.037473
302.2136,1.630784,0.762572,1.529545,0.723451,0.108535,1.538007,0.739391,0.095629,1.537905,0.739204,0.095774,1.571623,0.682435,0.09961,,,,1.602112,0.742738,0.034864
302.406,1.631868,0.764264,1.529545,0.723451,0.110162,1.539614,0.742265,0.094841,1.539512,0.742079,0.094983,1.571623,0.682435,0.101614,,,,1.602939,0.744164,0.035226
302.5994,1.632005,0.764476,1.529545,0.723451,0.110367,1.539614,0.742265,0.095023,1.539512,0.742079,0.095166,1.571623,0.682435,0.101866,,,,1.602939,0.744164,0.03546
302.8577,1.632005,0.764476,1.529545,0.723451,0.110367,1.539614,0.742265,0.095023,1.539512,0.742079,0.095166,1.571623,0.682435,0.101866,,,,1.602939,0.744164,0.03546
302.9984,1.633352,0.766553,1.529545,0.723451,0.112399,1.540439,0.743723,0.095677,1.540337,0.743536,0.095821,1.571623,0.682435,0.104338,,,,1.604621,0.747043,0.034729
303.1996,1.633491,0.766766,1.529545,0.723451,0.112609,1.540439,0.743723,0.095863,1.540337,0.743536,0.096007,1.571623,0.682435,0.104592,,,,1.604621,0.747043,0.034964
303.4004,1.633631,0.76698,1.529545,0.723451,0.112821,1.540439,0.743723,0.09605,1.540337,0.743536,0.096194,1.571623,0.682435,0.104847,,,,1.604621,0.747043,0.0352
303.5992,1.634893,0.768901,1.529545,0.723451,0.114734,1.542093,0.746621,0.095438,1.541163,0.744984,0.096733,1.571623,0.682435,0.107142,,,,1.605474,0.748477,0.035814
303.9979,1.634893,0.768901,1.529545,0.723451,0.114734,1.542093,0.746621,0.095438,1.541163,0.744984,0.096733,1.571623,0.682435,0.107142,,,,1.605474,0.748477,0.035814
304.2128,1.636882,0.771883,1.529545,0.723451,0.117758,1.543774,0.749503,0.09576,1.542828,0.747875,0.09707,1.571623,0.682435,0.110724,,,,1.606332,0.749908,0.037633
304.4293,1.63797,0.773492,1.529545,0.723451,0.119416,1.54464,0.750967,0.09601,1.543672,0.749315,0.097349,1.571623,0.682435,0.112665,,,,1.607195,0.751335,0.037922
304.6131,1.638109,0.773697,1.529545,0.723451,0.119627,1.545465,0.752351,0.095071,1.545312,0.752089,0.09528,1.571623,0.682435,0.112912,,,,1.608873,0.754086,0.035204
304.8452,1.638109,0.773697,1.529545,0.723451,0.119627,1.545465,0.752351,0.095071,1.545312,0.752089,0.09528,1.571623,0.682435,0.112912,,,,1.608873,0.754086,0.035204
305.0033,1.638202,0.773833,1.529545,0.723451,0.119769,1.545465,0.752351,0.095192,1.545312,0.752089,0.095401,1.571623,0.682435,0.113077,,,,1.608873,0.754086,0.035356
305.2133,1.638784,0.774686,1.529545,0.723451,0.120657,1.545465,0.752351,0.095955,1.545312,0.752089,0.096165,1.571623,0.682435,0.114109,,,,1.608873,0.754086,0.036318
305.4121,1.639471,0.775686,1.529545,0.723451,0.121705,1.545465,0.752351,0.096859,1.545312,0.752089,0.097071,1.602974,0.746119,0.04697,,,,1.608873,0.754086,0.037454
305.5987,1.63986,0.776251,1.529545,0.723451,0.122299,1.545465,0.752351,0.097374,1.545312,0.752089,0.097587,1.602974,0.746119,0.047628,,,,1.608873,0.754086,0.038098
306.0604,1.63986,0.776251,1.529545,0.723451,0.122299,1.545465,0.752351,0.097374,1.545312,0.752089,0.097587,1.602974,0.746119,0.047628,,,,1.608873,0.754086,0.038098
306.1988,1.641396,0.778458,1.529545,0.723451,0.124645,1.547203,0.755225,0.097017,1.547049,0.754963,0.097229,1.602974,0.746119,0.05022,,,,1.603792,0.747566,0.048667
306.3989,1.641396,0.778458,1.529545,0.723451,0.124645,1.547203,0.755225,0.097017,1.547049,0.754963,0.097229,1.602974,0.746119,0.05022,,,,1.603792,0.747566,0.048667
306.603,1.642345,0.779807,1.529545,0.723451,0.126094,1.547203,0.755225,0.098266,1.547049,0.754963,0.098481,1.602974,0.746119,0.051816,,,,1.605477,0.750514,0.047088
306.9396,1.642345,0.779807,1.529545,0.723451,0.126094,1.548978,0.75812,0.095853,1.548824,0.757858,0.096062,1.602974,0.746119,0.051816,,,,1.605477,0.750514,0.047088
307.0012,1.643156,0.780953,1.529545,0.723451,0.127333,1.549889,0.759582,0.095684,1.549736,0.75932,0.095892,1.602974,0.746119,0.053178,,,,1.606343,0.752003,0.046833
307.1988,1.643156,0.780953,1.529545,0.723451,0.127333,1.549889,0.759582,0.095684,1.549736,0.75932,0.095892,1.602974,0.746119,0.053178,,,,1.606343,0.752003,0.046833
307.4005,1.643207,0.781025,1.529545,0.723451,0.127411,1.549889,0.759582,0.09575,1.549736,0.75932,0.095958,1.602974,0.746119,0.053264,,,,1.606343,0.752003,0.046917
307.6067,1.643912,0.782013,1.529545,0.723451,0.128488,1.549889,0.759582,0.096661,1.549736,0.75932,0.096871,1.602974,0.746119,0.054445,,,,1.606343,0.752003,0.048083
307.8662,1.643912,0.782013,1.529545,0.723451,0.128488,1.549889,0.759582,0.096661,1.549736,0.75932,0.096871,1.602974,0.746119,0.054445,,,,1.606343,0.752003,0.048083
308.0067,1.644964,0.783477,1.529545,0.723451,0.130094,1.549889,0.759582,0.098031,1.550726,0.760893,0.096906,1.602974,0.746119,0.056203,,,,1.606343,0.752003,0.049822
308.1986,1.646664,0.785815,1.529545,0.723451,0.132688,1.552721,0.764051,0.096431,1.552608,0.763839,0.09659,1.602974,0.746119,0.05903,,,,1.609035,0.756558,0.047665
308.3988,1.646664,0.785815,1.529545,0.723451,0.132688,1.552721,0.764051,0.096431,1.552608,0.763839,0.09659,1.602974,0.746119,0.05903,,,,1.609035,0.756558,0.047665
308.6005,1.64739,0.786802,1.529545,0.723451,0.133793,1.552721,0.764051,0.097364,1.552608,0.763839,0.097524,1.602974,0.746119,0.060231,,,,1.609035,0.756558,0.048844
308.8705,1.64739,0.786802,1.529545,0.723451,0.133793,1.553734,0.765614,0.096022,1.552608,0.763839,0.097524,1.602974,0.746119,0.060231,,,,1.609035,0.756558,0.048844
309.002,1.648508,0.788311,1.529545,0.723451,0.135495,1.554741,0.76715,0.096125,1.553621,0.765402,0.097613,1.602974,0.746119,0.062076,,,,1.609999,0.758151,0.048913
309.2021,1.650032,0.790345,1.529545,0.723451,0.137811,1.555801,0.768752,0.096674,1.554627,0.766938,0.098235,1.602974,0.746119,0.064578,,,,1.610958,0.759718,0.049647
309.399,1.650032,0.790345,1.529545,0.723451,0.137811,1.555801,0.768752,0.096674,1.554627,0.766938,0.098235,1.602974,0.746119,0.064578,,,,1.610958,0.759718,0.049647
309.6052,1.650032,0.790345,1.529545,0.723451,0.137811,1.555801,0.768752,0.096674,1.554627,0.766938,0.098235,1.602974,0.746119,0.064578,,,,1.610958,0.759718,0.049647
309.8134,1.650032,0.790345,1.529545,0.723451,0.137811,1.555801,0.768752,0.096674,1.554627,0.766938,0.098235,1.602974,0.746119,0.064578,,,,1.610958,0.759718,0.049647
309.9984,1.650032,0.790345,1.529545,0.723451,0.137811,1.555801,0.768752,0.096674,1.554627,0.766938,0.098235,1.602974,0.746119,0.064578,,,,1.610958,0.759718,0.049647
310.2025,1.651513,0.792296,1.551354,0.769916,0.102629,1.551373,0.769924,0.102609,1.551369,0.769913,0.102615,1.602974,0.746119,0.066995,,,,1.61298,0.76299,0.048412
310.4006,1.652445,0.793511,1.551354,0.769916,0.103808,1.551373,0.769924,0.103787,1.55339,0.773061,0.101143,1.602974,0.746119,0.068507,,,,1.61298,0.76299,0.04989
310.5991,1.652445,0.793511,1.551354,0.769916,0.103808,1.551373,0.769924,0.103787,1.55339,0.773061,0.101143,1.602974,0.746119,0.068507,,,,1.61298,0.76299,0.04989
310.9591,1.652445,0.793511,1.551354,0.769916,0.103808,1.551373,0.769924,0.103787,1.55339,0.773061,0.101143,1.602974,0.746119,0.068507,,,,1.61298,0.76299,0.04989
310.9989,1.653605,0.79501,1.551354,0.769916,0.105286,1.552384,0.771498,0.103916,1.554408,0.774613,0.101272,1.602974,0.746119,0.070383,,,,1.613978,0.764571,0.049968
311.1986,1.654346,0.795959,1.551354,0.769916,0.106234,1.553395,0.773055,0.103517,1.555406,0.776117,0.10091,1.602974,0.746119,0.071576,,,,1.61592,0.767613,0.04775
311.3995,1.65451,0.796168,1.551354,0.769916,0.106444,1.553395,0.773055,0.103723,1.555406,0.776117,0.101112,1.602974,0.746119,0.071838,,,,1.61592,0.767613,0.048006
311.6076,1.656105,0.798182,1.551354,0.769916,0.108498,1.555234,0.775857,0.103312,1.55634,0.777508,0.101884,1.602974,0.746119,0.074387,,,,1.61592,0.767613,0.05049
311.7984,1.656105,0.798182,1.551354,0.769916,0.108498,1.555234,0.775857,0.103312,1.55634,0.777508,0.101884,1.602974,0.746119,0.074387,,,,1.61592,0.767613,0.05049
312.0053,1.656105,0.798182,1.551354,0.769916,0.108498,1.555234,0.775857,0.103312,1.55634,0.777508,0.101884,1.602974,0.746119,0.074387,,,,1.61592,0.767613,0.05049
312.2194,1.656687,0.798909,1.551354,0.769916,0.109251,1.555234,0.775857,0.104039,1.55634,0.777508,0.102604,1.602974,0.746119,0.075311,,,,1.616836,0.769016,0.049816
312.3988,1.657838,0.800331,1.551354,0.769916,0.110743,1.557127,0.778671,0.103013,1.557262,0.778867,0.102841,1.602974,0.746119,0.077129,,,,1.617742,0.770386,0.050044
312.611,1.657838,0.800331,1.551354,0.769916,0.110743,1.557127,0.778671,0.103013,1.557262,0.778867,0.102841,1.602974,0.746119,0.077129,,,,1.617742,0.770386,0.050044
312.9873,1.657838,0.800331,1.551354,0.769916,0.110743,1.557127,0.778671,0.103013,1.557262,0.778867,0.102841,1.602974,0.746119,0.077129,,,,1.617742,0.770386,0.050044
312.9991,1.659603,0.802479,1.551354,0.769916,0.113041,1.558118,0.780108,0.103922,1.558223,0.780264,0.103785,1.602974,0.746119,0.079895,,,,1.619683,0.773285,0.049456
313.2009,1.659775,0.802687,1.551354,0.769916,0.113266,1.558118,0.780108,0.104135,1.558223,0.780264,0.103998,1.602974,0.746119,0.080164,,,,1.619683,0.773285,0.049718
313.4092,1.659833,0.802756,1.551354,0.769916,0.113341,1.559117,0.781538,0.102927,1.55922,0.781696,0.102793,1.602974,0.746119,0.080253,,,,1.619683,0.773285,0.049805
313.6017,1.659833,0.802756,1.551354,0.769916,0.113341,1.559117,0.781538,0.102927,1.55922,0.781696,0.102793,1.602974,0.746119,0.080253,,,,1.619683,0.773285,0.049805
313.8217,1.660067,0.803037,1.551354,0.769916,0.113647,1.559117,0.781538,0.103214,1.55922,0.781696,0.10308,1.602974,0.746119,0.080617,,,,1.619683,0.773285,0.05016
314.0117,1.66127,0.804473,1.551354,0.769916,0.115221,1.560237,0.783121,0.103265,1.561455,0.784866,0.101723,1.602974,0.746119,0.082484,,,,1.621879,0.776482,0.048323
314.2267,1.661914,0.805233,1.551354,0.769916,0.116064,1.560237,0.783121,0.104054,1.561455,0.784866,0.102502,1.602974,0.746119,0.083476,,,,1.621879,0.776482,0.049289
314.4012,1.662791,0.806264,1.551354,0.769916,0.117216,1.561355,0.784683,0.103706,1.562581,0.786422,0.102156,1.602974,0.746119,0.084826,,,,1.622986,0.778052,0.048789
314.6101,1.663659,0.807274,1.551354,0.769916,0.118356,1.561355,0.784683,0.104768,1.563673,0.787915,0.101842,1.602974,0.746119,0.086154,,,,1.62406,0.779558,0.048335
314.9136,1.664158,0.807852,1.551354,0.769916,0.119012,1.562441,0.78618,0.104,1.563673,0.787915,0.102443,1.602974,0.746119,0.086916,,,,1.62406,0.779558,0.049075
315.0004,1.665986,0.809944,1.551354,0.769916,0.12142,1.563557,0.7877,0.104816,1.564796,0.789429,0.103248,1.602974,0.746119,0.089689,,,,1.625164,0.781086,0.049992
315.2039,1.666122,0.810099,1.551354,0.769916,0.1216,1.56476,0.789319,0.103471,1.564796,0.789429,0.103413,1.602974,0.746119,0.089895,,,,1.625164,0.781086,0.050193
315.4012,1.666122,0.810099,1.551354,0.769916,0.1216,1.56476,0.789319,0.103471,1.566006,0.791042,0.101914,1.602974,0.746119,0.089895,,,,1.625164,0.781086,0.050193
315.6002,1.667366,0.811503,1.551354,0.769916,0.123241,1.56476,0.789319,0.104977,1.566006,0.791042,0.103404,1.602974,0.746119,0.091768,,,,1.625164,0.781086,0.052021
315.7985,1.668406,0.812668,1.551354,0.769916,0.124615,1.56614,0.791154,0.104504,1.566006,0.791042,0.104658,1.602974,0.746119,0.093327,,,,1.627876,0.784794,0.04919
316.0032,1.668728,0.813028,1.551354,0.769916,0.125042,1.56614,0.791154,0.104894,1.566006,0.791042,0.105048,1.602974,0.746119,0.09381,,,,1.627876,0.784794,0.049659
316.2001,1.670329,0.814801,1.551354,0.769916,0.127161,1.567573,0.793038,0.105036,1.568868,0.794812,0.103412,1.602974,0.746119,0.096197,,,,1.627876,0.784794,0.051987
316.4012,1.670882,0.815409,1.551354,0.769916,0.127894,1.567573,0.793038,0.105704,1.568868,0.794812,0.104073,1.602974,0.746119,0.097019,,,,1.629293,0.786689,0.050542
316.6086,1.672857,0.817562,1.551354,0.769916,0.130511,1.570362,0.796663,0.104605,1.571673,0.798424,0.102978,1.602974,0.746119,0.099938,,,,1.632053,0.790336,0.049053
316.904,1.673097,0.817821,1.551354,0.769916,0.130829,1.570362,0.796663,0.104891,1.571673,0.798424,0.103262,1.602974,0.746119,0.100291,,,,1.632053,0.790336,0.049397
316.9984,1.67383,0.818613,1.551354,0.769916,0.131803,1.570362,0.796663,0.105772,1.571673,0.798424,0.104133,1.602974,0.746119,0.10137,,,,1.632053,0.790336,0.050447
317.1983,1.673912,0.818701,1.551354,0.769916,0.131911,1.570362,0.796663,0.10587,1.571673,0.798424,0.10423,1.602974,0.746119,0.10149,,,,1.632053,0.790336,0.050564
317.4011,1.673912,0.818701,1.551354,0.769916,0.131911,1.570362,0.796663,0.10587,1.571673,0.798424,0.10423,1.602974,0.746119,0.10149,,,,1.632053,0.790336,0.050564
317.5979,1.675704,0.820618,1.551354,0.769916,0.13429,1.571816,0.798513,0.106213,1.573136,0.800268,0.104567,1.602974,0.746119,0.104114,,,,1.633493,0.792198,0.050887
317.7989,1.676112,0.821052,1.551354,0.769916,0.134832,1.571816,0.798513,0.106704,1.573136,0.800268,0.105053,1.602974,0.746119,0.104709,,,,1.633493,0.792198,0.051468
318.0149,1.677258,0.822265,1.57191,0.798041,0.108097,1.571816,0.798513,0.108084,1.573136,0.800268,0.10642,1.602974,0.746119,0.106378,,,,1.633493,0.792198,0.053098
318.1985,1.67903,0.824124,1.57191,0.798041,0.110249,1.574972,0.80182,0.106421,1.573468,0.799974,0.108289,1.602974,0.746119,0.108946,,,,1.637882,0.797778,0.048859
318.3987,1.67903,0.824124,1.57191,0.798041,0.110249,1.574972,0.80182,0.106421,1.573468,0.799974,0.108289,1.602974,0.746119,0.108946,,,,1.637882,0.797778,0.048859
318.6083,1.680968,0.826136,1.57191,0.798041,0.112618,1.574972,0.80182,0.108749,1.573468,0.799974,0.110638,1.602974,0.746119,0.111739,,,,1.637882,0.797778,0.05158
318.7996,1.68198,0.827179,1.57191,0.798041,0.113861,1.574972,0.80182,0.109972,1.574977,0.801815,0.109968,1.602974,0.746119,0.113192,,,,1.637882,0.797778,0.053
319.0082,1.68198,0.827179,1.57191,0.798041,0.113861,1.574972,0.80182,0.109972,1.574977,0.801815,0.109968,1.602974,0.746119,0.113192,,,,1.637882,0.797778,0.053
319.1992,1.682391,0.8276,1.57191,0.798041,0.114366,1.57649,0.803654,0.108575,1.576473,0.803622,0.108598,1.602974,0.746119,0.113781,,,,1.640825,0.801433,0.049117
319.4121,1.683909,0.829148,1.57191,0.798041,0.116238,1.57649,0.803654,0.110403,1.576473,0.803622,0.110427,1.602974,0.746119,0.115949,,,,1.640825,0.801433,0.051229
319.6053,1.68463,0.829879,1.57191,0.798041,0.11713,1.577993,0.805455,0.109398,1.576473,0.803622,0.111299,1.602974,0.746119,0.116976,,,,1.640825,0.801433,0.052231
319.9708,1.68463,0.829879,1.57191,0.798041,0.11713,1.577993,0.805455,0.109398,1.576473,0.803622,0.111299,1.602974,0.746119,0.116976,,,,1.640825,0.801433,0.052231
319.9983,1.686723,0.831981,1.57191,0.798041,0.119724,1.579435,0.807165,0.11012,1.577907,0.805339,0.112029,1.602974,0.746119,0.119941,,,,1.642244,0.803162,0.052999
320.2122,1.687045,0.832302,1.57191,0.798041,0.120124,1.58233,0.810565,0.106946,1.580786,0.808752,0.108836,1.602974,0.746119,0.120396,,,,1.645093,0.8066,0.049198
320.4018,1.688118,0.833367,1.57191,0.798041,0.121459,1.58233,0.810565,0.108218,1.580786,0.808752,0.110118,1.602974,0.746119,0.121909,,,,1.645093,0.8066,0.050672
320.602,1.68962,0.834844,1.57191,0.798041,0.123329,1.583677,0.812115,0.108353,1.582126,0.810309,0.110258,1.602974,0.746119,0.124014,,,,1.646419,0.808168,0.050773
320.8234,1.68962,0.834844,1.57191,0.798041,0.123329,1.583677,0.812115,0.108353,1.582126,0.810309,0.110258,1.602974,0.746119,0.124014,,,,1.646419,0.808168,0.050773
321.006,1.690179,0.835391,1.57191,0.798041,0.124027,1.585117,0.813756,0.107267,1.582126,0.810309,0.110927,1.602974,0.746119,0.124797,,,,1.646419,0.808168,0.051537
321.2015,1.690179,0.835391,1.57191,0.798041,0.124027,1.585117,0.813756,0.107267,1.582126,0.810309,0.110927,1.602974,0.746119,0.124797,,,,1.646419,0.808168,0.051537
321.3996,1.692567,0.837705,1.57191,0.798041,0.127009,1.585117,0.813756,0.110086,1.583559,0.811956,0.112008,1.602974,0.746119,0.12812,,,,1.647838,0.809828,0.052705
321.6012,1.692567,0.837705,1.57191,0.798041,0.127009,1.585117,0.813756,0.110086,1.583559,0.811956,0.112008,1.602974,0.746119,0.12812,,,,1.647838,0.809828,0.052705
321.799,1.693597,0.838694,1.57191,0.798041,0.128298,1.585117,0.813756,0.111309,1.583559,0.811956,0.11324,1.602974,0.746119,0.129547,,,,1.649364,0.811597,0.051872
322.03,1.695327,0.840342,1.57191,0.798041,0.130465,1.589805,0.81901,0.107657,1.588222,0.817232,0.10957,1.602974,0.746119,0.131936,,,,1.652474,0.815167,0.049701
322.2005,1.695327,0.840342,1.57191,0.798041,0.130465,1.589805,0.81901,0.107657,1.588222,0.817232,0.10957,1.602974,0.746119,0.131936,,,,1.652474,0.815167,0.049701
322.4036,1.697167,0.842079,1.57191,0.798041,0.132773,1.589805,0.81901,0.109813,1.588222,0.817232,0.111742,1.602974,0.746119,0.134464,,,,1.652474,0.815167,0.05217
322.5992,1.698367,0.843202,1.57191,0.798041,0.134279,1.589805,0.81901,0.111225,1.588222,0.817232,0.113165,1.602974,0.746119,0.136106,,,,1.652474,0.815167,0.053778
322.9352,1.698367,0.843202,1.57191,0.798041,0.134279,1.589805,0.81901,0.111225,1.588222,0.817232,0.113165,1.602974,0.746119,0.136106,,,,1.652474,0.815167,0.053778
323.0052,1.698642,0.843458,1.57191,0.798041,0.134624,1.593125,0.82265,0.107549,1.589894,0.819081,0.111447,1.602974,0.746119,0.136481,,,,1.655746,0.818851,0.049453
323.2256,1.698642,0.843458,1.57191,0.798041,0.134624,1.593125,0.82265,0.107549,1.589894,0.819081,0.111447,1.602974,0.746119,0.136481,,,,1.655746,0.818851,0.049453
323.4055,1.699364,0.84413,1.57191,0.798041,0.135531,1.593125,0.82265,0.108388,1.589894,0.819081,0.1123,1.602974,0.746119,0.137467,,,,1.655746,0.818851,0.050414
323.5983,1.701236,0.845859,1.57191,0.798041,0.137883,1.594753,0.824401,0.108623,1.591554,0.8209,0.112486,1.602974,0.746119,0.140012,,,,1.655746,0.818851,0.052903
323.8006,1.70222,0.84676,1.57191,0.798041,0.139119,1.594753,0.824401,0.109768,1.591554,0.8209,0.113647,1.602974,0.746119,0.141344,,,,1.655746,0.818851,0.05421
323.9999,1.704275,0.848627,1.57191,0.798041,0.141702,1.596381,0.826133,0.110213,1.594794,0.824398,0.11213,1.602974,0.746119,0.144117,,,,1.660507,0.824072,0.050186
324.2041,1.704275,0.848627,1.57191,0.798041,0.141702,1.596381,0.826133,0.110213,1.594794,0.824398,0.11213,1.602974,0.746119,0.144117,,,,1.660507,0.824072,0.050186
324.3991,1.704275,0.848627,1.57191,0.798041,0.141702,1.596381,0.826133,0.110213,1.594794,0.824398,0.11213,1.602974,0.746119,0.144117,,,,1.660507,0.824072,0.050186
324.5982,1.706774,0.850867,1.57191,0.798041,0.14484,1.599637,0.829563,0.109235,1.598034,0.827843,0.111151,1.602974,0.746119,0.147466,,,,1.662121,0.8258,0.051208
324.8816,1.706864,0.850947,1.57191,0.798041,0.144953,1.599637,0.829563,0.109339,1.598034,0.827843,0.111256,1.602974,0.746119,0.147587,,,,1.662121,0.8258,0.051326
325.0077,1.707315,0.851347,1.57191,0.798041,0.145519,1.599637,0.829563,0.109859,1.598034,0.827843,0.11178,1.602974,0.746119,0.148188,,,,1.662121,0.8258,0.051915
325.2088,1.70793,0.851892,1.57191,0.798041,0.146292,1.601246,0.831222,0.108668,1.599635,0.82951,0.110584,1.602974,0.746119,0.149009,,,,1.663707,0.827481,0.050513
325.4141,1.70793,0.851892,1.57191,0.798041,0.146292,1.601246,0.831222,0.108668,1.599635,0.82951,0.110584,1.602974,0.746119,0.149009,,,,1.663707,0.827481,0.050513
325.6124,1.708191,0.852122,1.57191,0.798041,0.14662,1.601246,0.831222,0.108969,1.599635,0.82951,0.110887,1.602974,0.746119,0.149356,,,,1.663707,0.827481,0.050854
325.9116,1.708627,0.852506,1.57191,0.798041,0.147167,1.601246,0.831222,0.109471,1.599635,0.82951,0.111392,1.602974,0.746119,0.149936,,,,1.663707,0.827481,0.051421
326.03,1.710114,0.853808,1.57191,0.798041,0.14903,1.601246,0.831222,0.111186,1.599635,0.82951,0.113119,1.602974,0.746119,0.151907,,,,1.663707,0.827481,0.053354
326.2009,1.710978,0.85456,1.57191,0.798041,0.150114,1.601246,0.831222,0.112187,1.599635,0.82951,0.114127,1.602974,0.746119,0.15305,,,,1.663707,0.827481,0.054478
326.4196,1.71299,0.856293,1.57191,0.798041,0.152633,1.604375,0.834416,0.110796,1.602749,0.832719,0.112733,1.602974,0.746119,0.155697,,,,1.666793,0.830717,0.052804
326.6004,1.713169,0.856446,1.57191,0.798041,0.152856,1.604375,0.834416,0.111001,1.602749,0.832719,0.11294,1.655061,0.82196,0.067571,,,,1.666793,0.830717,0.053035
326.7983,1.713169,0.856446,1.57191,0.798041,0.152856,1.604375,0.834416,0.111001,1.602749,0.832719,0.11294,1.655061,0.82196,0.067571,,,,1.666793,0.830717,0.053035
327.0374,1.713973,0.857132,1.57191,0.798041,0.153862,1.606003,0.836042,0.11001,1.604369,0.834352,0.111946,1.655061,0.82196,0.068612,,,,1.655062,0.821958,0.068612
327.2025,1.714868,0.857891,1.57191,0.798041,0.15498,1.606003,0.836042,0.111036,1.604369,0.834352,0.112978,1.655061,0.82196,0.069771,,,,1.655062,0.821958,0.069771
327.4013,1.715862,0.858731,1.57191,0.798041,0.156222,1.606003,0.836042,0.112178,1.604369,0.834352,0.114128,1.655061,0.82196,0.071056,,,,1.655062,0.821958,0.071056
327.5984,1.716881,0.859585,1.57191,0.798041,0.157494,1.607639,0.837659,0.111421,1.605998,0.835976,0.113369,1.655061,0.82196,0.07237,,,,1.656578,0.823688,0.070179
327.8431,1.716881,0.859585,1.57191,0.798041,0.157494,1.607639,0.837659,0.111421,1.605998,0.835976,0.113369,1.655061,0.82196,0.07237,,,,1.656578,0.823688,0.070179
328.0035,1.716881,0.859585,1.57191,0.798041,0.157494,1.607639,0.837659,0.111421,1.605998,0.835976,0.113369,1.655061,0.82196,0.07237,,,,1.656578,0.823688,0.070179
328.1999,1.716881,0.859585,1.57191,0.798041,0.157494,1.607639,0.837659,0.111421,1.605998,0.835976,0.113369,1.655061,0.82196,0.07237,,,,1.656578,0.823688,0.070179
328.3995,1.718496,0.860929,1.57191,0.798041,0.159507,1.609332,0.839314,0.111283,1.609241,0.839176,0.1114,1.655061,0.82196,0.074449,,,,1.659599,0.827099,0.067922
328.6017,1.718496,0.860929,1.57191,0.798041,0.159507,1.609332,0.839314,0.111283,1.609241,0.839176,0.1114,1.655061,0.82196,0.074449,,,,1.659599,0.827099,0.067922
328.8521,1.718496,0.860929,1.57191,0.798041,0.159507,1.609332,0.839314,0.111283,1.609241,0.839176,0.1114,1.655061,0.82196,0.074449,,,,1.659599,0.827099,0.067922
328.9998,1.721835,0.863663,1.613291,0.841917,0.110701,1.613287,0.841921,0.110704,1.613278,0.84191,0.110715,1.655061,0.82196,0.078727,,,,1.661132,0.828791,0.070007
329.2034,1.721835,0.863663,1.613291,0.841917,0.110701,1.613287,0.841921,0.110704,1.613278,0.84191,0.110715,1.655061,0.82196,0.078727,,,,1.661132,0.828791,0.070007
329.3986,1.721835,0.863663,1.613291,0.841917,0.110701,1.613287,0.841921,0.110704,1.613278,0.84191,0.110715,1.655061,0.82196,0.078727,,,,1.661132,0.828791,0.070007
329.601,1.723397,0.864922,1.613291,0.841917,0.112483,1.613287,0.841921,0.112486,1.613278,0.84191,0.112497,1.655061,0.82196,0.080719,,,,1.661132,0.828791,0.071989
329.979,1.723397,0.864922,1.613291,0.841917,0.112483,1.613287,0.841921,0.112486,1.613278,0.84191,0.112497,1.655061,0.82196,0.080719,,,,1.661132,0.828791,0.071989
329.9992,1.725067,0.866256,1.613291,0.841917,0.114395,1.614921,0.843519,0.112469,1.614911,0.843508,0.11248,1.655061,0.82196,0.082844,,,,1.662676,0.830476,0.071923
330.2,1.725253,0.866403,1.613291,0.841917,0.114609,1.614921,0.843519,0.112681,1.614911,0.843508,0.112692,1.655061,0.82196,0.08308,,,,1.662676,0.830476,0.072158
330.3984,1.725894,0.86691,1.613291,0.841917,0.115343,1.618212,0.846702,0.109562,1.618202,0.846691,0.109573,1.655061,0.82196,0.083892,,,,1.665788,0.833834,0.068606
330.6009,1.725894,0.86691,1.613291,0.841917,0.115343,1.618212,0.846702,0.109562,1.618202,0.846691,0.109573,1.655061,0.82196,0.083892,,,,1.665788,0.833834,0.068606
330.8535,1.725894,0.86691,1.613291,0.841917,0.115343,1.618212,0.846702,0.109562,1.618202,0.846691,0.109573,1.655061,0.82196,0.083892,,,,1.665788,0.833834,0.068606
331.0056,1.726643,0.8675,1.613291,0.841917,0.116202,1.618212,0.846702,0.110407,1.618202,0.846691,0.110419,1.655061,0.82196,0.08484,,,,1.665788,0.833834,0.069546
331.2024,1.728134,0.868667,1.613291,0.841917,0.117917,1.618212,0.846702,0.112095,1.618202,0.846691,0.112106,1.655061,0.82196,0.086725,,,,1.665788,0.833834,0.071417
331.4016,1.728736,0.869136,1.613291,0.841917,0.11861,1.618212,0.846702,0.112778,1.618202,0.846691,0.112789,1.655061,0.82196,0.087485,,,,1.665788,0.833834,0.072171
331.5982,1.73136,0.871158,1.613291,0.841917,0.121635,1.620018,0.848408,0.113643,1.620008,0.848398,0.113654,1.655061,0.82196,0.090785,,,,1.669226,0.837458,0.070685
331.7994,1.73136,0.871158,1.613291,0.841917,0.121635,1.620018,0.848408,0.113643,1.620008,0.848398,0.113654,1.655061,0.82196,0.090785,,,,1.669226,0.837458,0.070685
332.0007,1.73136,0.871158,1.613291,0.841917,0.121635,1.620018,0.848408,0.113643,1.620008,0.848398,0.113654,1.655061,0.82196,0.090785,,,,1.669226,0.837458,0.070685
332.2015,1.734149,0.873276,1.613291,0.841917,0.12486,1.623691,0.851841,0.112519,1.621832,0.850103,0.114682,1.655061,0.82196,0.094278,,,,1.669226,0.837458,0.074148
332.4254,1.734976,0.873897,1.613291,0.841917,0.125817,1.625572,0.853559,0.111279,1.625575,0.853562,0.111275,1.655061,0.82196,0.09531,,,,1.672774,0.841115,0.070312
332.5984,1.734976,0.873897,1.613291,0.841917,0.125817,1.625572,0.853559,0.111279,1.625575,0.853562,0.111275,1.655061,0.82196,0.09531,,,,1.672774,0.841115,0.070312
332.7986,1.735391,0.874207,1.613291,0.841917,0.126298,1.627494,0.855295,0.109542,1.627497,0.855298,0.109539,1.655061,0.82196,0.095827,,,,1.674599,0.842953,0.068356
333.0027,1.735817,0.874525,1.613291,0.841917,0.12679,1.627494,0.855295,0.110016,1.627497,0.855298,0.110012,1.655061,0.82196,0.096357,,,,1.674599,0.842953,0.068879
333.1989,1.738085,0.876207,1.613291,0.841917,0.129418,1.627494,0.855295,0.11255,1.627497,0.855298,0.112546,1.655061,0.82196,0.099175,,,,1.674599,0.842953,0.071667
333.4112,1.738807,0.876738,1.613291,0.841917,0.130257,1.627494,0.855295,0.113359,1.627497,0.855298,0.113356,1.655061,0.82196,0.100071,,,,1.674599,0.842953,0.072554
333.6015,1.741032,0.878361,1.613291,0.841917,0.132838,1.629357,0.856958,0.113708,1.629359,0.856961,0.113704,1.655061,0.82196,0.102821,,,,1.676368,0.844716,0.072893
333.8784,1.741032,0.878361,1.613291,0.841917,0.132838,1.629357,0.856958,0.113708,1.629359,0.856961,0.113704,1.655061,0.82196,0.102821,,,,1.676368,0.844716,0.072893
334.0122,1.745201,0.88135,1.613291,0.841917,0.137678,1.635174,0.862059,0.111706,1.635176,0.862062,0.111703,1.655061,0.82196,0.107946,,,,1.681899,0.850126,0.070584
334.2046,1.745201,0.88135,1.613291,0.841917,0.137678,1.635174,0.862059,0.111706,1.635176,0.862062,0.111703,1.655061,0.82196,0.107946,,,,1.681899,0.850126,0.070584
334.4025,1.746498,0.882266,1.613291,0.841917,0.139184,1.635174,0.862059,0.113144,1.635176,0.862062,0.113141,1.655061,0.82196,0.109534,,,,1.681899,0.850126,0.072154
334.6031,1.746498,0.882266,1.613291,0.841917,0.139184,1.635174,0.862059,0.113144,1.635176,0.862062,0.113141,1.655061,0.82196,0.109534,,,,1.681899,0.850126,0.072154
334.9563,1.746498,0.882266,1.613291,0.841917,0.139184,1.635174,0.862059,0.113144,1.635176,0.862062,0.113141,1.655061,0.82196,0.109534,,,,1.681899,0.850126,0.072154
334.9999,1.748866,0.883923,1.613291,0.841917,0.141933,1.637148,0.863746,0.113526,1.639351,0.86563,0.111032,1.655061,0.82196,0.112423,,,,1.683778,0.851918,0.072531
335.2007,1.749555,0.884401,1.613291,0.841917,0.142733,1.637148,0.863746,0.114289,1.639351,0.86563,0.111791,1.655061,0.82196,0.113261,,,,1.683778,0.851918,0.073361
335.4043,1.752436,0.886381,1.613291,0.841917,0.146076,1.641343,0.86729,0.112721,1.641458,0.867391,0.11259,1.655061,0.82196,0.116756,,,,1.687774,0.855685,0.071578
335.6172,1.752551,0.88646,1.613291,0.841917,0.14621,1.641343,0.86729,0.112848,1.641458,0.867391,0.112717,1.655061,0.82196,0.116896,,,,1.687774,0.855685,0.071716
335.7991,1.754165,0.887556,1.613291,0.841917,0.148082,1.641343,0.86729,0.114628,1.643576,0.86914,0.112112,1.655061,0.82196,0.118847,,,,1.687774,0.855685,0.073645
336.0033,1.756678,0.889244,1.613291,0.841917,0.150995,1.645509,0.87073,0.1127,1.645668,0.870848,0.112523,1.655061,0.82196,0.121874,,,,1.691746,0.859347,0.071484
336.2005,1.756678,0.889244,1.613291,0.841917,0.150995,1.645509,0.87073,0.1127,1.645668,0.870848,0.112523,1.655061,0.82196,0.121874,,,,1.691746,0.859347,0.071484
336.404,1.757481,0.889779,1.613291,0.841917,0.151926,1.645509,0.87073,0.113581,1.645668,0.870848,0.113404,1.655061,0.82196,0.122838,,,,1.691746,0.859347,0.072437
336.5982,1.75817,0.890236,1.613291,0.841917,0.152724,1.647615,0.872429,0.11198,1.647774,0.872547,0.111804,1.655061,0.82196,0.123666,,,,1.693756,0.861159,0.070673
336.7991,1.75817,0.890236,1.613291,0.841917,0.152724,1.647615,0.872429,0.11198,1.647774,0.872547,0.111804,1.655061,0.82196,0.123666,,,,1.693756,0.861159,0.070673
337.0119,1.759107,0.890855,1.613291,0.841917,0.153809,1.647615,0.872429,0.113005,1.647774,0.872547,0.112829,1.655061,0.82196,0.124789,,,,1.693756,0.861159,0.071782
337.2017,1.760289,0.89163,1.613291,0.841917,0.155176,1.647615,0.872429,0.114298,1.649942,0.874276,0.111703,1.655061,0.82196,0.126202,,,,1.693756,0.861159,0.073179
337.3985,1.760289,0.89163,1.613291,0.841917,0.155176,1.647615,0.872429,0.114298,1.649942,0.874276,0.111703,1.655061,0.82196,0.126202,,,,1.693756,0.861159,0.073179
337.5983,1.761234,0.892247,1.656162,0.87363,0.106709,1.647615,0.872429,0.115335,1.649942,0.874276,0.112734,1.655061,0.82196,0.127331,,,,1.693756,0.861159,0.074295
337.8019,1.763246,0.89355,1.656162,0.87363,0.108922,1.656137,0.873639,0.108945,1.656141,0.873639,0.10894,1.655061,0.82196,0.129728,,,,1.695827,0.863003,0.074017
338.0018,1.764602,0.894419,1.656162,0.87363,0.110415,1.656137,0.873639,0.110438,1.656141,0.873639,0.110434,1.655061,0.82196,0.131338,,,,1.695827,0.863003,0.075611
338.1985,1.767663,0.896358,1.656162,0.87363,0.113794,1.660309,0.876843,0.109114,1.658222,0.875247,0.111458,1.655061,0.82196,0.134961,,,,1.699889,0.866558,0.074036
338.4024,1.7689,0.897131,1.656162,0.87363,0.115162,1.660309,0.876843,0.11047,1.658222,0.875247,0.112821,1.655061,0.82196,0.136419,,,,1.699889,0.866558,0.07548
338.5993,1.769456,0.897476,1.656162,0.87363,0.115776,1.660309,0.876843,0.11108,1.660313,0.876843,0.111075,1.655061,0.82196,0.137073,,,,1.703776,0.869898,0.071234
338.9248,1.769456,0.897476,1.656162,0.87363,0.115776,1.660309,0.876843,0.11108,1.660313,0.876843,0.111075,1.655061,0.82196,0.137073,,,,1.703776,0.869898,0.071234
338.9984,1.77153,0.898756,1.656162,0.87363,0.118072,1.660309,0.876843,0.113359,1.660313,0.876843,0.113354,1.655061,0.82196,0.139509,,,,1.703776,0.869898,0.073643
339.2017,1.773295,0.899835,1.656162,0.87363,0.120029,1.664625,0.880096,0.110448,1.66236,0.878385,0.11299,1.655061,0.82196,0.141577,,,,1.705846,0.871635,0.073107
339.4597,1.775896,0.901403,1.656162,0.87363,0.122913,1.666806,0.8817,0.110855,1.666702,0.881618,0.110972,1.655061,0.82196,0.144612,,,,1.70793,0.873363,0.073523
339.6078,1.776374,0.901689,1.656162,0.87363,0.123444,1.666806,0.8817,0.111377,1.666702,0.881618,0.111493,1.655061,0.82196,0.145168,,,,1.70793,0.873363,0.074074
340.035,1.776374,0.901689,1.656162,0.87363,0.123444,1.666806,0.8817,0.111377,1.666702,0.881618,0.111493,1.655061,0.82196,0.145168,,,,1.70793,0.873363,0.074074
340.2008,1.779821,0.903726,1.656162,0.87363,0.127269,1.669013,0.883302,0.112674,1.66891,0.88322,0.112791,1.655061,0.82196,0.149167,,,,1.71004,0.875092,0.075428
340.4005,1.781585,0.904753,1.656162,0.87363,0.129227,1.671308,0.884948,0.112041,1.671205,0.884865,0.112157,1.655061,0.82196,0.151205,,,,1.712236,0.876868,0.074745
340.627,1.781585,0.904753,1.656162,0.87363,0.129227,1.671308,0.884948,0.112041,1.671205,0.884865,0.112157,1.655061,0.82196,0.151205,,,,1.712236,0.876868,0.074745
340.8821,1.781838,0.9049,1.656162,0.87363,0.129507,1.671308,0.884948,0.112316,1.671205,0.884865,0.112432,1.655061,0.82196,0.151497,,,,1.712236,0.876868,0.075035
340.9986,1.783143,0.905653,1.656162,0.87363,0.130957,1.671308,0.884948,0.113735,1.671205,0.884865,0.113852,1.655061,0.82196,0.153002,,,,1.712236,0.876868,0.076527
341.2054,1.783975,0.90613,1.656162,0.87363,0.131881,1.671308,0.884948,0.114641,1.671205,0.884865,0.114757,1.655061,0.82196,0.15396,,,,1.712236,0.876868,0.077478
341.3983,1.785533,0.907016,1.656162,0.87363,0.13361,1.675691,0.88805,0.111468,1.675588,0.887966,0.111583,1.655061,0.82196,0.155749,,,,1.71643,0.880219,0.074117
341.5988,1.786502,0.907563,1.656162,0.87363,0.134685,1.675691,0.88805,0.112516,1.675588,0.887966,0.112632,1.655061,0.82196,0.156859,,,,1.71643,0.880219,0.075218
341.7986,1.787794,0.908287,1.656162,0.87363,0.136118,1.675691,0.88805,0.113916,1.675588,0.887966,0.114031,1.655061,0.82196,0.158337,,,,1.71643,0.880219,0.076685
342.0075,1.78884,0.908869,1.656162,0.87363,0.137278,1.677935,0.889597,0.112567,1.679879,0.890922,0.11043,1.655061,0.82196,0.159531,,,,1.720541,0.883421,0.072886
342.2025,1.790269,0.909658,1.656162,0.87363,0.138862,1.677935,0.889597,0.114111,1.679879,0.890922,0.111969,1.655061,0.82196,0.161159,,,,1.720541,0.883421,0.074501
342.4107,1.791766,0.910478,1.656162,0.87363,0.140521,1.68009,0.891062,0.113352,1.682189,0.892472,0.111046,1.655061,0.82196,0.162861,,,,1.720541,0.883421,0.076191
342.6265,1.793622,0.911484,1.656162,0.87363,0.142577,1.684664,0.894133,0.110331,1.684486,0.893993,0.110528,1.655061,0.82196,0.164966,,,,1.722757,0.885103,0.075616
342.8018,1.793622,0.911484,1.656162,0.87363,0.142577,1.684664,0.894133,0.110331,1.684486,0.893993,0.110528,1.655061,0.82196,0.164966,,,,1.722757,0.885103,0.075616
343.0167,1.794501,0.911957,1.656162,0.87363,0.14355,1.684664,0.894133,0.111274,1.684486,0.893993,0.111472,1.655061,0.82196,0.165961,,,,1.722757,0.885103,0.076606
343.1995,1.795857,0.912681,1.656162,0.87363,0.14505,1.684664,0.894133,0.112729,1.684486,0.893993,0.112927,1.655061,0.82196,0.167493,,,,1.722757,0.885103,0.078129
343.4006,1.79907,0.914374,1.656162,0.87363,0.148603,1.689246,0.897127,0.111171,1.689069,0.896986,0.111367,1.655061,0.82196,0.171111,,,,1.729361,0.890011,0.073844
343.6308,1.79969,0.914696,1.656162,0.87363,0.149287,1.689246,0.897127,0.111833,1.689069,0.896986,0.11203,1.655061,0.82196,0.171807,,,,1.729361,0.890011,0.074536
343.8034,1.79969,0.914696,1.656162,0.87363,0.149287,1.689246,0.897127,0.111833,1.689069,0.896986,0.11203,1.655061,0.82196,0.171807,,,,1.729361,0.890011,0.074536
343.9992,1.80403,0.91692,1.656162,0.87363,0.154075,1.693866,0.900042,0.11145,1.693684,0.899918,0.111648,1.655061,0.82196,0.176662,,,,1.733797,0.893207,0.074128
344.2137,1.805294,0.917556,1.656162,0.87363,0.155467,1.693866,0.900042,0.112796,1.693684,0.899918,0.112995,1.655061,0.82196,0.17807,,,,1.733797,0.893207,0.075529
344.3986,1.806185,0.918002,1.656162,0.87363,0.156448,1.696238,0.901508,0.111177,1.696057,0.901383,0.111375,1.655061,0.82196,0.179061,,,,1.73608,0.894809,0.073842
344.5982,1.808306,0.919052,1.656162,0.87363,0.15878,1.696238,0.901508,0.113433,1.696057,0.901383,0.113631,1.655061,0.82196,0.181414,,,,1.73608,0.894809,0.076186
345.014,1.808306,0.919052,1.656162,0.87363,0.15878,1.696238,0.901508,0.113433,1.696057,0.901383,0.113631,1.655061,0.82196,0.181414,,,,1.73608,0.894809,0.076186
345.1985,1.812774,0.921222,1.70317,0.895745,0.112527,1.703152,0.895787,0.112535,1.703149,0.895789,0.112537,1.655061,0.82196,0.186351,,,,1.740929,0.898141,0.075462
345.4149,1.815005,0.922284,1.70317,0.895745,0.114941,1.705695,0.897265,0.112137,1.705692,0.897267,0.112139,1.655061,0.82196,0.188804,,,,1.740929,0.898141,0.077911
345.6018,1.817228,0.923326,1.70317,0.895745,0.117346,1.710604,0.900076,0.109129,1.710601,0.900078,0.109132,1.655061,0.82196,0.191242,,,,1.745622,0.9013,0.074917
345.9598,1.817228,0.923326,1.70317,0.895745,0.117346,1.710604,0.900076,0.109129,1.710601,0.900078,0.109132,1.655061,0.82196,0.191242,,,,1.745622,0.9013,0.074917
346.0136,1.818239,0.923796,1.70317,0.895745,0.118439,1.710604,0.900076,0.110217,1.710601,0.900078,0.11022,1.655061,0.82196,0.192348,,,,1.745622,0.9013,0.076022
346.1988,1.819489,0.924371,1.70317,0.895745,0.11979,1.710604,0.900076,0.111563,1.710601,0.900078,0.111565,1.655061,0.82196,0.193713,,,,1.747878,0.902775,0.074797
346.4148,1.821457,0.925268,1.70317,0.895745,0.121915,1.710604,0.900076,0.113679,1.710601,0.900078,0.113681,1.655061,0.82196,0.195857,,,,1.747878,0.902775,0.07694
346.6022,1.821457,0.925268,1.70317,0.895745,0.121915,1.710604,0.900076,0.113679,1.710601,0.900078,0.113681,1.655061,0.82196,0.195857,,,,1.747878,0.902775,0.07694
347.0357,1.821457,0.925268,1.70317,0.895745,0.121915,1.710604,0.900076,0.113679,1.710601,0.900078,0.113681,1.655061,0.82196,0.195857,,,,1.747878,0.902775,0.07694
347.2024,1.825649,0.92714,1.70317,0.895745,0.126439,1.715681,0.902894,0.112609,1.715678,0.902896,0.112612,1.745771,0.901543,0.083879,,,,1.745772,0.901542,0.083878
347.4178,1.827819,0.92809,1.70317,0.895745,0.128778,1.715681,0.902894,0.114935,1.715678,0.902896,0.114937,1.745771,0.901543,0.086236,,,,1.745772,0.901542,0.086235
347.6077,1.830282,0.929151,1.70317,0.895745,0.131428,1.723396,0.907002,0.109156,1.723393,0.907004,0.109159,1.745771,0.901543,0.088906,,,,1.75066,0.904788,0.083266
347.8007,1.830282,0.929151,1.70317,0.895745,0.131428,1.723396,0.907002,0.109156,1.723393,0.907004,0.109159,1.745771,0.901543,0.088906,,,,1.75066,0.904788,0.083266
348.0077,1.832276,0.929998,1.70317,0.895745,0.133573,1.723396,0.907002,0.111282,1.723393,0.907004,0.111285,1.745771,0.901543,0.091065,,,,1.75066,0.904788,0.085421
348.1988,1.83299,0.930299,1.70317,0.895745,0.13434,1.723396,0.907002,0.112042,1.723393,0.907004,0.112045,1.745771,0.901543,0.091837,,,,1.75066,0.904788,0.086192
348.4034,1.83299,0.930299,1.70317,0.895745,0.13434,1.723396,0.907002,0.112042,1.723393,0.907004,0.112045,1.745771,0.901543,0.091837,,,,1.75066,0.904788,0.086192
348.6079,1.833709,0.9306,1.70317,0.895745,0.135113,1.723396,0.907002,0.112809,1.723393,0.907004,0.112811,1.745771,0.901543,0.092615,,,,1.75066,0.904788,0.086968
348.7982,1.835171,0.931208,1.70317,0.895745,0.136682,1.723396,0.907002,0.114365,1.723393,0.907004,0.114368,1.745771,0.901543,0.094193,,,,1.75066,0.904788,0.088544
349.0043,1.837659,0.93223,1.70317,0.895745,0.13935,1.728921,0.909835,0.111021,1.728918,0.909838,0.111023,1.745771,0.901543,0.096877,,,,1.755876,0.908155,0.085253
349.2016,1.840154,0.933238,1.70317,0.895745,0.142022,1.728921,0.909835,0.113668,1.728918,0.909838,0.113671,1.745771,0.901543,0.099562,,,,1.755876,0.908155,0.08793
349.3995,1.840154,0.933238,1.70317,0.895745,0.142022,1.728921,0.909835,0.113668,1.728918,0.909838,0.113671,1.745771,0.901543,0.099562,,,,1.755876,0.908155,0.08793
349.6032,1.840594,0.933414,1.70317,0.895745,0.142494,1.728921,0.909835,0.114136,1.728918,0.909838,0.114138,1.745771,0.901543,0.100036,,,,1.755876,0.908155,0.088403
349.9512,1.840594,0.933414,1.70317,0.895745,0.142494,1.728921,0.909835,0.114136,1.728918,0.909838,0.114138,1.745771,0.901543,0.100036,,,,1.755876,0.908155,0.088403
349.9982,1.844597,0.934992,1.70317,0.895745,0.146772,1.734483,0.912594,0.112369,1.73448,0.912596,0.112372,1.745771,0.901543,0.104333,,,,1.761138,0.911451,0.086715
350.2368,1.846271,0.935639,1.70317,0.895745,0.148558,1.734483,0.912594,0.114139,1.73448,0.912596,0.114141,1.745771,0.901543,0.106126,,,,1.761138,0.911451,0.088502
350.4087,1.847505,0.936112,1.70317,0.895745,0.149874,1.737333,0.91396,0.112377,1.73733,0.913962,0.112379,1.745771,0.901543,0.107447,,,,1.763839,0.913092,0.086775
350.6071,1.847505,0.936112,1.70317,0.895745,0.149874,1.737333,0.91396,0.112377,1.73733,0.913962,0.112379,1.745771,0.901543,0.107447,,,,1.763839,0.913092,0.086775
350.7987,1.849532,0.93688,1.70317,0.895745,0.152033,1.737333,0.91396,0.114516,1.73733,0.913962,0.114519,1.745771,0.901543,0.109613,,,,1.763839,0.913092,0.088933
350.9982,1.85016,0.937116,1.70317,0.895745,0.152701,1.737333,0.91396,0.115179,1.73733,0.913962,0.115181,1.745771,0.901543,0.110284,,,,1.763839,0.913092,0.089602
351.1998,1.852524,0.937995,1.70317,0.895745,0.155215,1.743288,0.916764,0.11128,1.743285,0.916766,0.111282,1.745771,0.901543,0.112805,,,,1.769488,0.916471,0.08578
351.4029,1.855224,0.938981,1.70317,0.895745,0.158082,1.74631,0.918135,0.11089,1.746307,0.918138,0.110893,1.745771,0.901543,0.115679,,,,1.77236,0.918135,0.085446
351.5987,1.857594,0.939832,1.70317,0.895745,0.160594,1.749317,0.919474,0.110174,1.749314,0.919477,0.110176,1.745771,0.901543,0.118196,,,,1.775219,0.919765,0.084784
352.0868,1.857594,0.939832,1.70317,0.895745,0.160594,1.749317,0.919474,0.110174,1.749314,0.919477,0.110176,1.745771,0.901543,0.118196,,,,1.775219,0.919765,0.084784
352.2115,1.861045,0.941045,1.70317,0.895745,0.164246,1.751965,0.920631,0.110974,1.749314,0.919477,0.113794,1.745771,0.901543,0.121855,,,,1.777739,0.921178,0.085642
352.3985,1.863137,0.941762,1.70317,0.895745,0.166454,1.754838,0.92186,0.110112,1.755041,0.921979,0.109891,1.745771,0.901543,0.124066,,,,1.780476,0.922686,0.084833
352.6043,1.863137,0.941762,1.70317,0.895745,0.166454,1.754838,0.92186,0.110112,1.755041,0.921979,0.109891,1.745771,0.901543,0.124066,,,,1.780476,0.922686,0.084833
352.9645,1.863137,0.941762,1.70317,0.895745,0.166454,1.754838,0.92186,0.110112,1.755041,0.921979,0.109891,1.745771,0.901543,0.124066,,,,1.780476,0.922686,0.084833
352.9982,1.865008,0.942394,1.70317,0.895745,0.168427,1.754838,0.92186,0.112068,1.755041,0.921979,0.111846,1.745771,0.901543,0.126041,,,,1.780476,0.922686,0.086799
353.1996,1.867442,0.943201,1.76246,0.915456,0.108586,1.754838,0.92186,0.114609,1.755041,0.921979,0.114387,1.745771,0.901543,0.128605,,,,1.783422,0.924279,0.086125
353.3983,1.871285,0.944444,1.76246,0.915456,0.112619,1.762458,0.915509,0.112608,1.762459,0.915514,0.112605,1.745771,0.901543,0.132643,,,,1.786379,0.925849,0.086918
353.6003,1.87415,0.945344,1.76246,0.915456,0.115619,1.765182,0.916596,0.112696,1.765183,0.916601,0.112693,1.745771,0.901543,0.135645,,,,1.786379,0.925849,0.089909
353.806,1.87415,0.945344,1.76246,0.915456,0.115619,1.765182,0.916596,0.112696,1.765183,0.916601,0.112693,1.745771,0.901543,0.135645,,,,1.786379,0.925849,0.089909
353.9982,1.876447,0.946047,1.76246,0.915456,0.11802,1.765182,0.916596,0.115097,1.765183,0.916601,0.115094,1.745771,0.901543,0.138046,,,,1.78898,0.927204,0.089473
354.1998,1.878246,0.946588,1.76246,0.915456,0.119898,1.771,0.918866,0.110771,1.771002,0.918871,0.110768,1.745771,0.901543,0.139924,,,,1.794541,0.930047,0.085324
354.3982,1.878246,0.946588,1.76246,0.915456,0.119898,1.771,0.918866,0.110771,1.771002,0.918871,0.110768,1.745771,0.901543,0.139924,,,,1.794541,0.930047,0.085324
354.6027,1.880097,0.947134,1.76246,0.915456,0.121827,1.771,0.918866,0.112699,1.771002,0.918871,0.112697,1.745771,0.901543,0.141852,,,,1.794541,0.930047,0.087245
354.8922,1.880097,0.947134,1.76246,0.915456,0.121827,1.771,0.918866,0.112699,1.771002,0.918871,0.112697,1.745771,0.901543,0.141852,,,,1.794541,0.930047,0.087245
354.9996,1.881343,0.947497,1.76246,0.915456,0.123124,1.773975,0.919974,0.110839,1.771002,0.918871,0.113994,1.745771,0.901543,0.143148,,,,1.79739,0.931448,0.085473
355.2028,1.884931,0.948519,1.76246,0.915456,0.126855,1.776959,0.921059,0.111409,1.773977,0.919979,0.114566,1.745771,0.901543,0.146875,,,,1.80025,0.932827,0.086123
355.406,1.885712,0.948737,1.76246,0.915456,0.127666,1.776959,0.921059,0.11222,1.773977,0.919979,0.115377,1.745771,0.901543,0.147685,,,,1.80025,0.932827,0.086931
355.6025,1.888128,0.9494,1.76246,0.915456,0.130171,1.776959,0.921059,0.114725,1.776961,0.921064,0.114722,1.745771,0.901543,0.150186,,,,1.80025,0.932827,0.089427
355.9601,1.888128,0.9494,1.76246,0.915456,0.130171,1.776959,0.921059,0.114725,1.776961,0.921064,0.114722,1.745771,0.901543,0.150186,,,,1.80025,0.932827,0.089427
356.0011,1.890304,0.949984,1.76246,0.915456,0.132425,1.776959,0.921059,0.116978,1.776961,0.921064,0.116975,1.745771,0.901543,0.152435,,,,1.80025,0.932827,0.091674
356.2067,1.892025,0.950437,1.76246,0.915456,0.134203,1.782926,0.923177,0.112452,1.779848,0.922089,0.115703,1.745771,0.901543,0.15421,,,,1.805974,0.935533,0.087332
356.4039,1.894122,0.950979,1.76246,0.915456,0.136369,1.782926,0.923177,0.114618,1.786053,0.924238,0.111328,1.745771,0.901543,0.156371,,,,1.805974,0.935533,0.089491
356.6118,1.894122,0.950979,1.76246,0.915456,0.136369,1.782926,0.923177,0.114618,1.786053,0.924238,0.111328,1.745771,0.901543,0.156371,,,,1.805974,0.935533,0.089491
356.9507,1.894122,0.950979,1.76246,0.915456,0.136369,1.782926,0.923177,0.114618,1.786053,0.924238,0.111328,1.745771,0.901543,0.156371,,,,1.805974,0.935533,0.089491
357.0026,1.89544,0.951314,1.76246,0.915456,0.13773,1.782926,0.923177,0.115979,1.786053,0.924238,0.112688,1.745771,0.901543,0.157728,,,,1.805974,0.935533,0.090847
357.2017,1.897031,0.951711,1.76246,0.915456,0.139369,1.782926,0.923177,0.117619,1.788817,0.925149,0.111426,1.745771,0.901543,0.159363,,,,1.811274,0.93794,0.086856
357.4049,1.900363,0.95252,1.76246,0.915456,0.142796,1.788441,0.92504,0.115246,1.791588,0.926039,0.111952,1.745771,0.901543,0.16278,,,,1.813942,0.939101,0.087456
357.6015,1.900363,0.95252,1.76246,0.915456,0.142796,1.788441,0.92504,0.115246,1.791588,0.926039,0.111952,1.745771,0.901543,0.16278,,,,1.813942,0.939101,0.087456
358.064,1.900363,0.95252,1.76246,0.915456,0.142796,1.788441,0.92504,0.115246,1.791588,0.926039,0.111952,1.745771,0.901543,0.16278,,,,1.813942,0.939101,0.087456
358.206,1.907596,0.954174,1.76246,0.915456,0.150211,1.794192,0.926855,0.116648,1.794567,0.926968,0.116257,1.745771,0.901543,0.170168,,,,1.816813,0.940323,0.091833
358.4129,1.908876,0.954452,1.76246,0.915456,0.15152,1.799626,0.928502,0.11229,1.8,0.928619,0.111899,1.745771,0.901543,0.171472,,,,1.822055,0.942508,0.087639
358.5995,1.908876,0.954452,1.76246,0.915456,0.15152,1.799626,0.928502,0.11229,1.8,0.928619,0.111899,1.745771,0.901543,0.171472,,,,1.822055,0.942508,0.087639
358.9891,1.908876,0.954452,1.76246,0.915456,0.15152,1.799626,0.928502,0.11229,1.8,0.928619,0.111899,1.745771,0.901543,0.171472,,,,1.822055,0.942508,0.087639
359.0019,1.909737,0.954636,1.76246,0.915456,0.152399,1.799626,0.928502,0.11317,1.8,0.928619,0.112779,1.745771,0.901543,0.172347,,,,1.822055,0.942508,0.088517
359.1984,1.911559,0.955019,1.807352,0.934155,0.106275,1.799626,0.928502,0.115031,1.8,0.928619,0.11464,1.745771,0.901543,0.174199,,,,1.822055,0.942508,0.090374
359.4051,1.913354,0.955388,1.807352,0.934155,0.108108,1.807304,0.934113,0.108163,1.8,0.928619,0.116472,1.745771,0.901543,0.176021,,,,1.824963,0.943664,0.089166
359.6077,1.915902,0.955898,1.807352,0.934155,0.110706,1.807304,0.934113,0.110761,1.807312,0.934118,0.110753,1.745771,0.901543,0.178603,,,,1.824963,0.943664,0.091758
360.0111,1.915902,0.955898,1.807352,0.934155,0.110706,1.807304,0.934113,0.110761,1.807312,0.934118,0.110753,1.745771,0.901543,0.178603,,,,1.824963,0.943664,0.091758
360.2442,1.918883,0.956474,1.807352,0.934155,0.113743,1.807304,0.934113,0.113798,1.807312,0.934118,0.113789,1.745771,0.901543,0.181618,,,,1.824963,0.943664,0.09479
360.4231,1.921376,0.956939,1.807352,0.934155,0.116278,1.814148,0.935975,0.109257,1.814156,0.93598,0.109249,1.745771,0.901543,0.184135,,,,1.831575,0.946231,0.090437
360.6046,1.922623,0.957166,1.807352,0.934155,0.117546,1.814148,0.935975,0.110525,1.814156,0.93598,0.110517,1.745771,0.901543,0.185393,,,,1.831575,0.946231,0.091702
360.8037,1.925541,0.957682,1.807352,0.934155,0.120508,1.817587,0.936849,0.109946,1.814156,0.93598,0.11348,1.745771,0.901543,0.188332,,,,1.834903,0.94746,0.091213
361.0112,1.925853,0.957736,1.807352,0.934155,0.120825,1.820584,0.937585,0.107181,1.817594,0.936854,0.110254,1.745771,0.901543,0.188646,,,,1.834903,0.94746,0.091529
361.1985,1.926642,0.95787,1.807352,0.934155,0.121625,1.820584,0.937585,0.107981,1.817594,0.936854,0.111055,1.745771,0.901543,0.189439,,,,1.834903,0.94746,0.092328
361.4364,1.928637,0.958203,1.807352,0.934155,0.123647,1.820584,0.937585,0.110003,1.820591,0.93759,0.109995,1.745771,0.901543,0.191443,,,,1.837807,0.948505,0.091347
361.6188,1.932609,0.958836,1.807352,0.934155,0.127666,1.823863,0.938359,0.110658,1.82387,0.938364,0.11065,1.745771,0.901543,0.195425,,,,1.840987,0.949617,0.092085
361.9775,1.932609,0.958836,1.807352,0.934155,0.127666,1.823863,0.938359,0.110658,1.82387,0.938364,0.11065,1.745771,0.901543,0.195425,,,,1.840987,0.949617,0.092085
362.0014,1.933582,0.958984,1.807352,0.934155,0.128649,1.823863,0.938359,0.111641,1.82387,0.938364,0.111633,1.745771,0.901543,0.196399,,,,1.840987,0.949617,0.093068
362.2013,1.938524,0.959702,1.807352,0.934155,0.133637,1.8272,0.939117,0.113211,1.830453,0.939859,0.109878,1.745771,0.901543,0.201336,,,,1.844226,0.95072,0.094724
362.4057,1.938524,0.959702,1.807352,0.934155,0.133637,1.8272,0.939117,0.113211,1.830453,0.939859,0.109878,1.745771,0.901543,0.201336,,,,1.844226,0.95072,0.094724
362.6052,1.938998,0.959768,1.807352,0.934155,0.134115,1.8272,0.939117,0.113689,1.830453,0.939859,0.110356,1.745771,0.901543,0.201809,,,,1.844226,0.95072,0.095202
362.9346,1.939451,0.95983,1.807352,0.934155,0.134572,1.8272,0.939117,0.114147,1.830453,0.939859,0.110813,1.745771,0.901543,0.202261,,,,1.844226,0.95072,0.09566
362.9988,1.942276,0.960204,1.807352,0.934155,0.137416,1.836615,0.941116,0.107372,1.836727,0.941143,0.107257,1.745771,0.901543,0.205074,,,,1.853381,0.953692,0.089134
363.2022,1.94346,0.960355,1.807352,0.934155,0.138607,1.836615,0.941116,0.108563,1.836727,0.941143,0.108448,1.745771,0.901543,0.206251,,,,1.853381,0.953692,0.090325
363.4001,1.94346,0.960355,1.807352,0.934155,0.138607,1.836615,0.941116,0.108563,1.836727,0.941143,0.108448,1.745771,0.901543,0.206251,,,,1.853381,0.953692,0.090325
363.602,1.949524,0.961073,1.807352,0.934155,0.144698,1.840134,0.94179,0.111077,1.840246,0.941817,0.110961,1.745771,0.901543,0.212271,,,,1.860348,0.955768,0.089334
363.8929,1.949524,0.961073,1.807352,0.934155,0.144698,1.840134,0.94179,0.111077,1.840246,0.941817,0.110961,1.745771,0.901543,0.212271,,,,1.860348,0.955768,0.089334
363.9987,1.956306,0.961779,1.807352,0.934155,0.151494,1.843761,0.942452,0.114192,1.843873,0.94248,0.114077,1.745771,0.901543,0.218982,,,,1.860348,0.955768,0.096146
364.2108,1.959936,0.962116,1.807352,0.934155,0.155125,1.851403,0.943783,0.110071,1.84767,0.943141,0.113859,1.745771,0.901543,0.222567,,,,1.86781,0.957889,0.092223
364.4022,1.961363,0.962241,1.807352,0.934155,0.156552,1.855372,0.944404,0.107482,1.855596,0.944451,0.107253,1.745771,0.901543,0.223974,,,,1.871691,0.958922,0.089733
364.6018,1.961363,0.962241,1.807352,0.934155,0.156552,1.855372,0.944404,0.107482,1.855596,0.944451,0.107253,1.745771,0.901543,0.223974,,,,1.871691,0.958922,0.089733
364.8166,1.961363,0.962241,1.807352,0.934155,0.156552,1.855372,0.944404,0.107482,1.855596,0.944451,0.107253,1.745771,0.901543,0.223974,,,,1.871691,0.958922,0.089733
364.9982,1.962287,0.96232,1.807352,0.934155,0.157474,1.855372,0.944404,0.108406,1.855596,0.944451,0.108177,1.745771,0.901543,0.224884,,,,1.871691,0.958922,0.090659
365.2034,1.963147,0.962391,1.865016,0.932423,0.102605,1.855372,0.944404,0.109266,1.855596,0.944451,0.109037,1.745771,0.901543,0.225732,,,,1.871691,0.958922,0.091521
365.4069,1.966932,0.962682,1.865016,0.932423,0.106313,1.864972,0.932497,0.106334,1.864974,0.932497,0.106332,1.745771,0.901543,0.229456,,,,1.874957,0.959762,0.092021
365.5986,1.968481,0.96279,1.865016,0.932423,0.10783,1.868318,0.93292,0.104523,1.864974,0.932497,0.107849,1.745771,0.901543,0.230979,,,,1.874957,0.959762,0.093573
365.8462,1.968481,0.96279,1.865016,0.932423,0.10783,1.868318,0.93292,0.104523,1.864974,0.932497,0.107849,1.745771,0.901543,0.230979,,,,1.874957,0.959762,0.093573
365.9983,1.973136,0.963078,1.865016,0.932423,0.112382,1.868318,0.93292,0.10907,1.864974,0.932497,0.112402,1.745771,0.901543,0.235545,,,,1.878231,0.960572,0.094938
366.1992,1.974171,0.963135,1.865016,0.932423,0.113393,1.868318,0.93292,0.110081,1.871674,0.933345,0.106738,1.745771,0.901543,0.236559,,,,1.878231,0.960572,0.095974
366.4142,1.977031,0.963278,1.865016,0.932423,0.116188,1.875108,0.933718,0.106123,1.875072,0.933715,0.106158,1.745771,0.901543,0.239359,,,,1.884882,0.962157,0.092156
366.6006,1.978652,0.96335,1.865016,0.932423,0.11777,1.878612,0.934068,0.104237,1.875072,0.933715,0.107736,1.745771,0.901543,0.240943,,,,1.884882,0.962157,0.093778
366.7993,1.97972,0.963394,1.865016,0.932423,0.118812,1.878612,0.934068,0.105275,1.875072,0.933715,0.108775,1.745771,0.901543,0.241987,,,,1.884882,0.962157,0.094847
367.0007,1.97972,0.963394,1.865016,0.932423,0.118812,1.878612,0.934068,0.105275,1.875072,0.933715,0.108775,1.745771,0.901543,0.241987,,,,1.884882,0.962157,0.094847
367.1985,1.984607,0.96356,1.865016,0.932423,0.123578,1.878612,0.934068,0.110021,1.882119,0.934419,0.10655,1.745771,0.901543,0.246756,,,,1.888321,0.962913,0.096288
367.4059,1.986259,0.963603,1.865016,0.932423,0.125188,1.885768,0.934717,0.10456,1.8857,0.934714,0.104627,1.880585,0.961192,0.105701,,,,1.880589,0.961187,0.105697
367.6093,1.991728,0.963696,1.865016,0.932423,0.130515,1.88932,0.934976,0.106359,1.889251,0.934974,0.106426,1.880585,0.961192,0.111171,,,,1.887484,0.962972,0.104247
367.8182,1.991728,0.963696,1.865016,0.932423,0.130515,1.88932,0.934976,0.106359,1.889251,0.934974,0.106426,1.880585,0.961192,0.111171,,,,1.887484,0.962972,0.104247
367.9994,1.993883,0.963713,1.865016,0.932423,0.132611,1.892826,0.935199,0.105002,1.892757,0.935198,0.105069,1.880585,0.961192,0.113325,,,,1.8909,0.963791,0.102982
368.1983,1.997335,0.963715,1.865016,0.932423,0.135969,1.896401,0.935394,0.104832,1.896332,0.935394,0.104899,1.880585,0.961192,0.116777,,,,1.8909,0.963791,0.106435
368.3995,1.99789,0.963712,1.865016,0.932423,0.136509,1.896401,0.935394,0.105366,1.896332,0.935394,0.105433,1.880585,0.961192,0.117332,,,,1.8909,0.963791,0.10699
368.6009,2.004033,0.963636,1.865016,0.932423,0.142478,1.900039,0.93556,0.107717,1.896332,0.935394,0.111342,1.880585,0.961192,0.123472,,,,1.898,0.965423,0.106048
368.9848,2.004033,0.963636,1.865016,0.932423,0.142478,1.900039,0.93556,0.107717,1.896332,0.935394,0.111342,1.880585,0.961192,0.123472,,,,1.898,0.965423,0.106048
369.0014,2.008899,0.963511,1.865016,0.932423,0.147203,1.903681,0.935693,0.108833,1.903613,0.935728,0.10889,1.880585,0.961192,0.128334,,,,1.901565,0.966176,0.107366
369.1993,2.010015,0.963474,1.865016,0.932423,0.148287,1.903681,0.935693,0.109903,1.903613,0.935728,0.10996,1.880585,0.961192,0.12945,,,,1.901565,0.966176,0.108483
369.4071,2.012087,0.963398,1.865016,0.932423,0.150298,1.903681,0.935693,0.111891,1.903613,0.935728,0.111948,1.880585,0.961192,0.131521,,,,1.901565,0.966176,0.110557
369.5983,2.015892,0.963232,1.865016,0.932423,0.15399,1.91107,0.935896,0.108329,1.911001,0.935933,0.108385,1.880585,0.961192,0.135323,,,,1.908811,0.967637,0.107172
369.8016,2.016083,0.963223,1.865016,0.932423,0.154175,1.91107,0.935896,0.10851,1.911001,0.935933,0.108567,1.880585,0.961192,0.135513,,,,1.908811,0.967637,0.107363
369.9988,2.016083,0.963223,1.865016,0.932423,0.154175,1.91107,0.935896,0.10851,1.911001,0.935933,0.108567,1.880585,0.961192,0.135513,,,,1.908811,0.967637,0.107363
370.2069,2.017414,0.963156,1.920041,0.938373,0.100477,1.91107,0.935896,0.109783,1.911001,0.935933,0.10984,1.880585,0.961192,0.136843,,,,1.908811,0.967637,0.108696
370.4054,2.022725,0.962847,1.920041,0.938373,0.10556,1.91999,0.938353,0.105614,1.919985,0.938351,0.10562,1.880585,0.961192,0.142149,,,,1.912478,0.968308,0.110382
370.6001,2.02834,0.962444,1.920041,0.938373,0.110942,1.927323,0.938371,0.103847,1.930536,0.938362,0.100725,1.880585,0.961192,0.147761,,,,1.919708,0.969531,0.108864
370.8018,2.02834,0.962444,1.920041,0.938373,0.110942,1.927323,0.938371,0.103847,1.930536,0.938362,0.100725,1.880585,0.961192,0.147761,,,,1.919708,0.969531,0.108864
371.0066,2.033588,0.961989,1.920041,0.938373,0.115976,1.937256,0.938197,0.099227,1.937154,0.938193,0.099326,1.880585,0.961192,0.153005,,,,1.929534,0.970992,0.104442
371.1984,2.033925,0.961957,1.920041,0.938373,0.1163,1.937256,0.938197,0.099547,1.937154,0.938193,0.099646,1.880585,0.961192,0.153342,,,,1.929534,0.970992,0.104781
371.3985,2.033925,0.961957,1.920041,0.938373,0.1163,1.937256,0.938197,0.099547,1.937154,0.938193,0.099646,1.880585,0.961192,0.153342,,,,1.929534,0.970992,0.104781
371.613,2.03694,0.96166,1.920041,0.938373,0.119196,1.937256,0.938197,0.102408,1.937154,0.938193,0.102508,1.880585,0.961192,0.156355,,,,1.929534,0.970992,0.10781
371.9558,2.037313,0.961621,1.920041,0.938373,0.119554,1.937256,0.938197,0.102763,1.937154,0.938193,0.102863,1.880585,0.961192,0.156729,,,,1.929534,0.970992,0.108186
372.0036,2.04024,0.961309,1.920041,0.938373,0.122368,1.937256,0.938197,0.105546,1.940746,0.938052,0.102177,1.880585,0.961192,0.159655,,,,1.929534,0.970992,0.111129
372.2143,2.043825,0.9609,1.920041,0.938373,0.125817,1.940847,0.938056,0.105481,1.940746,0.938052,0.105581,1.880585,0.961192,0.16324,,,,1.9331,0.971444,0.111226
372.3986,2.047421,0.960464,1.920041,0.938373,0.129282,1.949626,0.937633,0.100425,1.944735,0.937858,0.105145,1.880585,0.961192,0.166838,,,,1.937067,0.97191,0.110946
372.6039,2.047421,0.960464,1.920041,0.938373,0.129282,1.949626,0.937633,0.100425,1.944735,0.937858,0.105145,1.880585,0.961192,0.166838,,,,1.937067,0.97191,0.110946
372.9166,2.047421,0.960464,1.920041,0.938373,0.129282,1.949626,0.937633,0.100425,1.944735,0.937858,0.105145,1.880585,0.961192,0.166838,,,,1.937067,0.97191,0.110946
373.0011,2.054652,0.959509,1.920041,0.938373,0.13626,1.954199,0.937331,0.102873,1.95856,0.93698,0.098698,1.880585,0.961192,0.174075,,,,1.94618,0.972898,0.109295
373.2502,2.054652,0.959509,1.920041,0.938373,0.13626,1.954199,0.937331,0.102873,1.95856,0.93698,0.098698,1.880585,0.961192,0.174075,,,,1.94618,0.972898,0.109295
373.3993,2.055124,0.959443,1.920041,0.938373,0.136717,1.954199,0.937331,0.103319,1.95856,0.93698,0.099142,1.880585,0.961192,0.174548,,,,1.94618,0.972898,0.109772
373.6047,2.055124,0.959443,1.920041,0.938373,0.136717,1.954199,0.937331,0.103319,1.95856,0.93698,0.099142,1.880585,0.961192,0.174548,,,,1.94618,0.972898,0.109772
373.7994,2.055361,0.95941,1.920041,0.938373,0.136946,1.954199,0.937331,0.103544,1.95856,0.93698,0.099366,1.880585,0.961192,0.174785,,,,1.94618,0.972898,0.110011
374.01,2.058531,0.958956,1.920041,0.938373,0.140011,1.954199,0.937331,0.10655,1.95856,0.93698,0.102358,1.880585,0.961192,0.17796,,,,1.94618,0.972898,0.113213
374.2142,2.061314,0.958542,1.920041,0.938373,0.142705,1.96412,0.936585,0.099643,1.95856,0.93698,0.104992,1.880585,0.961192,0.180748,,,,1.950848,0.973319,0.11145
374.3983,2.06361,0.95819,1.920041,0.938373,0.14493,1.96412,0.936585,0.101808,1.95856,0.93698,0.107169,1.880585,0.961192,0.183049,,,,1.950848,0.973319,0.113772
374.5984,2.066212,0.95778,1.920041,0.938373,0.147453,1.96412,0.936585,0.104268,1.963517,0.936562,0.104863,1.880585,0.961192,0.185658,,,,1.955806,0.973723,0.111551
374.9533,2.066995,0.957654,1.920041,0.938373,0.148213,1.96412,0.936585,0.105009,1.963517,0.936562,0.105605,1.880585,0.961192,0.186443,,,,1.955806,0.973723,0.112343
375.0011,2.072071,0.956813,1.920041,0.938373,0.153144,1.969244,0.936108,0.10489,1.968641,0.936084,0.105486,1.880585,0.961192,0.191536,,,,1.960939,0.974095,0.112467
375.1982,2.080735,0.955275,1.920041,0.938373,0.16158,1.979957,0.934964,0.102804,1.979353,0.934937,0.103401,1.880585,0.961192,0.200237,,,,1.971788,0.974782,0.11068
375.4158,2.080735,0.955275,1.920041,0.938373,0.16158,1.979957,0.934964,0.102804,1.979353,0.934937,0.103401,1.880585,0.961192,0.200237,,,,1.971788,0.974782,0.11068
375.604,2.084023,0.954657,1.920041,0.938373,0.164788,1.979957,0.934964,0.105913,1.979353,0.934937,0.106511,1.880585,0.961192,0.203543,,,,1.971788,0.974782,0.114025
375.8103,2.084865,0.954496,1.920041,0.938373,0.165611,1.991155,0.933613,0.096009,1.984717,0.934289,0.102166,1.880585,0.961192,0.20439,,,,1.977185,0.975024,0.10962
376.0022,2.090486,0.95339,1.920041,0.938373,0.171105,1.991155,0.933613,0.10128,1.984717,0.934289,0.107479,1.880585,0.961192,0.210045,,,,1.977185,0.975024,0.115348
376.202,2.090486,0.95339,1.920041,0.938373,0.171105,1.991155,0.933613,0.10128,1.984717,0.934289,0.107479,1.880585,0.961192,0.210045,,,,1.977185,0.975024,0.115348
376.4051,2.091889,0.953106,1.920041,0.938373,0.172478,1.991155,0.933613,0.102602,1.99031,0.933562,0.103442,1.880585,0.961192,0.211459,,,,1.982821,0.975226,0.111288
376.6072,2.098955,0.951624,1.977607,0.929844,0.123287,1.977801,0.929855,0.123095,1.97774,0.929856,0.123154,1.880585,0.961192,0.218579,,,,1.988466,0.975377,0.113013
376.8098,2.099528,0.9515,1.977607,0.929844,0.123829,1.977801,0.929855,0.123636,1.97774,0.929856,0.123696,1.880585,0.961192,0.219157,,,,1.988466,0.975377,0.113599
377.0003,2.1027,0.950804,1.977607,0.929844,0.126837,1.977801,0.929855,0.126644,1.97774,0.929856,0.126703,1.880585,0.961192,0.222357,,,,1.988466,0.975377,0.116846
377.2029,2.108197,0.949559,1.977607,0.929844,0.13207,1.98357,0.929057,0.126303,1.989279,0.928265,0.12081,1.880585,0.961192,0.227909,,,,2.000112,0.975582,0.111173
377.3982,2.109068,0.949357,1.977607,0.929844,0.132901,1.98357,0.929057,0.127129,1.995083,0.927355,0.116089,1.880585,0.961192,0.228789,,,,2.005988,0.975577,0.106363
377.6101,2.116223,0.94765,1.977607,0.929844,0.139756,1.995038,0.927365,0.122871,2.000801,0.926404,0.117362,1.880585,0.961192,0.236027,,,,2.011784,0.975519,0.108094
377.802,2.116223,0.94765,1.977607,0.929844,0.139756,1.995038,0.927365,0.122871,2.000801,0.926404,0.117362,1.880585,0.961192,0.236027,,,,2.011784,0.975519,0.108094
377.9988,2.116223,0.94765,1.977607,0.929844,0.139756,1.995038,0.927365,0.122871,2.000801,0.926404,0.117362,1.880585,0.961192,0.236027,,,,2.011784,0.975519,0.108094
378.1993,2.116223,0.94765,1.977607,0.929844,0.139756,1.995038,0.927365,0.122871,2.000801,0.926404,0.117362,1.880585,0.961192,0.236027,,,,2.011784,0.975519,0.108094
378.4075,2.124223,0.945639,1.977607,0.929844,0.147464,2.000757,0.926413,0.124954,2.000801,0.926404,0.124912,1.880585,0.961192,0.244134,,,,2.01758,0.975408,0.11072
378.603,2.127389,0.944812,1.977607,0.929844,0.150529,2.006536,0.925396,0.122404,2.012358,0.924374,0.116833,1.880585,0.961192,0.247347,,,,2.023445,0.975241,0.108307
378.9058,2.127389,0.944812,1.977607,0.929844,0.150529,2.006536,0.925396,0.122404,2.012358,0.924374,0.116833,1.880585,0.961192,0.247347,,,,2.023445,0.975241,0.108307
378.9982,2.136507,0.942335,1.977607,0.929844,0.15939,2.012243,0.924337,0.125561,2.018056,0.923263,0.119976,1.880585,0.961192,0.256615,,,,2.029245,0.975022,0.112132
379.202,2.137932,0.941935,1.977607,0.929844,0.16078,2.012243,0.924337,0.126915,2.018056,0.923263,0.121321,1.880585,0.961192,0.258066,,,,2.035076,0.974748,0.107962
379.3999,2.142458,0.940633,1.977607,0.929844,0.165204,2.012243,0.924337,0.131231,2.023775,0.922093,0.120123,1.880585,0.961192,0.262679,,,,2.035076,0.974748,0.11267
379.6015,2.144016,0.940174,1.977607,0.929844,0.16673,2.021177,0.922593,0.124091,2.023775,0.922093,0.121593,1.880585,0.961192,0.264268,,,,2.03962,0.974493,0.109892
380.0953,2.144016,0.940174,1.977607,0.929844,0.16673,2.021177,0.922593,0.124091,2.023775,0.922093,0.121593,1.880585,0.961192,0.264268,,,,2.03962,0.974493,0.109892
380.1984,2.15204,0.937709,1.977607,0.929844,0.17461,2.030063,0.920621,0.123168,2.037105,0.919143,0.116424,1.880585,0.961192,0.272468,,,,2.0487,0.973842,0.109475
380.4013,2.156192,0.936364,1.977607,0.929844,0.178704,2.030063,0.920621,0.127108,2.040563,0.918291,0.117033,1.880585,0.961192,0.276723,,,,2.0487,0.973842,0.113839
380.6007,2.158083,0.935732,1.977607,0.929844,0.180572,2.030063,0.920621,0.128909,2.040563,0.918291,0.118807,1.880585,0.961192,0.278663,,,,2.0487,0.973842,0.115832
380.8795,2.158083,0.935732,1.977607,0.929844,0.180572,2.030063,0.920621,0.128909,2.040563,0.918291,0.118807,1.880585,0.961192,0.278663,,,,2.0487,0.973842,0.115832
380.9984,2.158592,0.93556,1.977607,0.929844,0.181075,2.036872,0.919,0.122841,2.043951,0.917416,0.116067,1.880585,0.961192,0.279186,,,,2.052247,0.973533,0.112921
381.2075,2.158592,0.93556,1.977607,0.929844,0.181075,2.036872,0.919,0.122841,2.043951,0.917416,0.116067,1.880585,0.961192,0.279186,,,,2.052247,0.973533,0.112921
381.4076,2.158761,0.935502,1.977607,0.929844,0.181243,2.036872,0.919,0.123001,2.043951,0.917416,0.116226,1.880585,0.961192,0.27936,,,,2.052247,0.973533,0.1131
381.6022,2.163686,0.933785,1.977607,0.929844,0.186121,2.040524,0.918046,0.124163,2.047596,0.916432,0.11738,1.880585,0.961192,0.284424,,,,2.05573,0.973191,0.114923
381.9039,2.163686,0.933785,1.977607,0.929844,0.186121,2.040524,0.918046,0.124163,2.047596,0.916432,0.11738,1.880585,0.961192,0.284424,,,,2.05573,0.973191,0.114923
382.0006,2.171007,0.931091,2.05392,0.90928,0.119101,2.057918,0.908086,0.115405,2.053895,0.909311,0.119121,1.880585,0.961192,0.291978,,,,2.064029,0.972283,0.114635
382.2014,2.173308,0.930211,2.05392,0.90928,0.121209,2.057918,0.908086,0.117491,2.053895,0.909311,0.121228,1.880585,0.961192,0.294357,,,,2.064029,0.972283,0.117098
382.4029,2.176618,0.928917,2.05392,0.90928,0.124259,2.0622,0.906735,0.116548,2.062487,0.906702,0.116273,1.880585,0.961192,0.297787,,,,2.072931,0.971111,0.111943
382.5988,2.178447,0.928188,2.05392,0.90928,0.125955,2.0622,0.906735,0.11821,2.062487,0.906702,0.117935,1.880585,0.961192,0.299685,,,,2.072931,0.971111,0.113912
382.807,2.178675,0.928097,2.05392,0.90928,0.126167,2.066782,0.905235,0.114205,2.067068,0.9052,0.113932,1.880585,0.961192,0.299922,,,,2.077696,0.970376,0.109473
383.0553,2.178675,0.928097,2.05392,0.90928,0.126167,2.066782,0.905235,0.114205,2.067068,0.9052,0.113932,1.880585,0.961192,0.299922,,,,2.077696,0.970376,0.109473
383.1984,2.178675,0.928097,2.05392,0.90928,0.126167,2.066782,0.905235,0.114205,2.067068,0.9052,0.113932,1.880585,0.961192,0.299922,,,,2.077696,0.970376,0.109473
383.3997,2.179821,0.927635,2.05392,0.90928,0.127232,2.066782,0.905235,0.115237,2.067068,0.9052,0.114964,1.880585,0.961192,0.301112,,,,2.077696,0.970376,0.110708
383.6043,2.183628,0.926074,2.05392,0.90928,0.130791,2.066782,0.905235,0.11869,2.067068,0.9052,0.118415,1.880585,0.961192,0.305071,,,,2.077696,0.970376,0.114823
383.9106,2.183628,0.926074,2.05392,0.90928,0.130791,2.066782,0.905235,0.11869,2.067068,0.9052,0.118415,1.880585,0.961192,0.305071,,,,2.077696,0.970376,0.114823
384.027,2.191363,0.922777,2.05392,0.90928,0.138104,2.076469,0.901879,0.116779,2.071894,0.903557,0.121005,1.880585,0.961192,0.313143,,,,2.0878,0.96864,0.113263
384.2013,2.193764,0.92172,2.05392,0.90928,0.140396,2.076469,0.901879,0.118961,2.081598,0.900128,0.114225,1.880585,0.961192,0.315656,,,,2.0878,0.96864,0.115887
384.402,2.194243,0.921507,2.05392,0.90928,0.140855,2.076469,0.901879,0.119398,2.081598,0.900128,0.114656,1.880585,0.961192,0.316159,,,,2.0878,0.96864,0.116412
384.6316,2.200362,0.91873,2.05392,0.90928,0.146747,2.086404,0.898244,0.115785,2.086545,0.898254,0.115645,1.880585,0.961192,0.322584,,,,2.098194,0.96667,0.112856
385.0959,2.201324,0.918284,2.05392,0.90928,0.147679,2.086404,0.898244,0.116654,2.086545,0.898254,0.116514,1.880585,0.961192,0.323596,,,,2.098194,0.96667,0.113917
385.1999,2.202269,0.917843,2.05392,0.90928,0.148596,2.086404,0.898244,0.117511,2.086545,0.898254,0.11737,1.880585,0.961192,0.324591,,,,2.098194,0.96667,0.114959
385.3988,2.202269,0.917843,2.05392,0.90928,0.148596,2.086404,0.898244,0.117511,2.086545,0.898254,0.11737,1.880585,0.961192,0.324591,,,,2.098194,0.96667,0.114959
385.601,2.206588,0.915792,2.05392,0.90928,0.152807,2.086404,0.898244,0.121458,2.086545,0.898254,0.121318,1.880585,0.961192,0.329149,,,,2.098194,0.96667,0.119741
385.8061,2.209278,0.914484,2.05392,0.90928,0.155445,2.091175,0.896372,0.119484,2.091316,0.896382,0.119343,1.880585,0.961192,0.331995,,,,2.103206,0.9656,0.117746
386.0121,2.210173,0.914044,2.089674,0.895645,0.121895,2.091175,0.896372,0.120303,2.091316,0.896382,0.120162,1.880585,0.961192,0.332943,,,,2.103206,0.9656,0.118743
386.2036,2.216727,0.910737,2.089674,0.895645,0.127946,2.089814,0.895605,0.127812,2.094259,0.89372,0.123644,2.067652,0.965609,0.158852,,,,2.112726,0.963449,0.116596
386.4004,2.216933,0.910631,2.089674,0.895645,0.128138,2.089814,0.895605,0.128004,2.094259,0.89372,0.123834,2.067652,0.965609,0.159082,,,,2.112726,0.963449,0.116828
386.6021,2.222381,0.907758,2.089674,0.895645,0.133258,2.094114,0.893782,0.129026,2.098538,0.891849,0.12486,2.067652,0.965609,0.165189,,,,2.067675,0.965595,0.165164
386.7982,2.222381,0.907758,2.089674,0.895645,0.133258,2.094114,0.893782,0.129026,2.098538,0.891849,0.12486,2.067652,0.965609,0.165189,,,,2.067675,0.965595,0.165164
386.9984,2.223585,0.907108,2.089674,0.895645,0.1344,2.102308,0.890192,0.122451,2.102596,0.890016,0.12219,2.067652,0.965609,0.166545,,,,2.067675,0.965595,0.166519
387.202,2.223585,0.907108,2.089674,0.895645,0.1344,2.102308,0.890192,0.122451,2.102596,0.890016,0.12219,2.067652,0.965609,0.166545,,,,2.067675,0.965595,0.166519
387.4522,2.228417,0.904441,2.089674,0.895645,0.139021,2.102308,0.890192,0.126911,2.102596,0.890016,0.126644,2.067652,0.965609,0.172007,,,,2.067675,0.965595,0.171982
387.602,2.229715,0.90371,2.089674,0.895645,0.140273,2.106678,0.888148,0.124017,2.11134,0.885937,0.119701,2.067652,0.965609,0.173481,,,,2.077162,0.963835,0.163974
387.8016,2.232741,0.90198,2.089674,0.895645,0.143207,2.106678,0.888148,0.126819,2.11134,0.885937,0.122456,2.067652,0.965609,0.176926,,,,2.077162,0.963835,0.167424
387.9986,2.237277,0.899321,2.089674,0.895645,0.147649,2.115475,0.883833,0.122783,2.120087,0.88152,0.118535,2.067652,0.965609,0.182117,,,,2.086735,0.961748,0.162972
388.1998,2.237277,0.899321,2.089674,0.895645,0.147649,2.115475,0.883833,0.122783,2.120087,0.88152,0.118535,2.067652,0.965609,0.182117,,,,2.086735,0.961748,0.162972
388.4182,2.239978,0.897702,2.089674,0.895645,0.150318,2.115475,0.883833,0.125274,2.120087,0.88152,0.120979,2.067652,0.965609,0.185223,,,,2.086735,0.961748,0.166088
388.6073,2.244972,0.894639,2.089674,0.895645,0.155301,2.120208,0.881402,0.125464,2.124792,0.879035,0.121189,2.067652,0.965609,0.190995,,,,2.086735,0.961748,0.171879
388.7984,2.245465,0.894332,2.089674,0.895645,0.155797,2.125265,0.878728,0.121209,2.129817,0.876303,0.117045,2.067652,0.965609,0.191566,,,,2.097866,0.959108,0.161187
389.026,2.245465,0.894332,2.089674,0.895645,0.155797,2.125265,0.878728,0.121209,2.129817,0.876303,0.117045,2.067652,0.965609,0.191566,,,,2.097866,0.959108,0.161187
389.1997,2.249626,0.891708,2.089674,0.895645,0.16,2.125265,0.878728,0.125037,2.129817,0.876303,0.120795,2.067652,0.965609,0.196407,,,,2.097866,0.959108,0.166054
389.3984,2.252282,0.890001,2.089674,0.895645,0.162706,2.125265,0.878728,0.127517,2.134726,0.873557,0.118701,2.067652,0.965609,0.199511,,,,2.103306,0.957678,0.163628
389.6096,2.256882,0.886983,2.125759,0.86404,0.133116,2.125786,0.864133,0.133072,2.134726,0.873557,0.122892,2.067652,0.965609,0.204915,,,,2.103306,0.957678,0.169067
389.9949,2.257846,0.88634,2.125759,0.86404,0.133957,2.125786,0.864133,0.133914,2.134726,0.873557,0.123782,2.067652,0.965609,0.206051,,,,2.103306,0.957678,0.170211
390.0038,2.260009,0.884886,2.125759,0.86404,0.135859,2.130705,0.861295,0.131438,2.12589,0.864062,0.135726,2.067652,0.965609,0.208608,,,,2.10878,0.956166,0.167185
390.2157,2.263621,0.882419,2.125759,0.86404,0.139081,2.130705,0.861295,0.134583,2.12589,0.864062,0.138949,2.067652,0.965609,0.212895,,,,2.10878,0.956166,0.171506
390.3992,2.269102,0.878577,2.125759,0.86404,0.144078,2.135599,0.858389,0.135021,2.130817,0.861213,0.139371,2.067652,0.965609,0.219446,,,,2.114247,0.954583,0.172502
390.61,2.269102,0.878577,2.125759,0.86404,0.144078,2.135599,0.858389,0.135021,2.130817,0.861213,0.139371,2.067652,0.965609,0.219446,,,,2.114247,0.954583,0.172502
390.7994,2.270516,0.877567,2.125759,0.86404,0.145388,2.140489,0.855402,0.131903,2.140578,0.855404,0.131815,2.067652,0.965609,0.221144,,,,2.11973,0.952919,0.168565
390.9982,2.270516,0.877567,2.125759,0.86404,0.145388,2.140489,0.855402,0.131903,2.140578,0.855404,0.131815,2.067652,0.965609,0.221144,,,,2.11973,0.952919,0.168565
391.2018,2.270516,0.877567,2.125759,0.86404,0.145388,2.140489,0.855402,0.131903,2.140578,0.855404,0.131815,2.067652,0.965609,0.221144,,,,2.11973,0.952919,0.168565
391.4076,2.271458,0.87689,2.125759,0.86404,0.146265,2.140489,0.855402,0.13272,2.140578,0.855404,0.132632,2.067652,0.965609,0.222279,,,,2.11973,0.952919,0.169711
391.606,2.276686,0.873068,2.125759,0.86404,0.151197,2.150278,0.849251,0.128632,2.140578,0.855404,0.13725,2.067652,0.965609,0.228602,,,,2.130751,0.949424,0.164704
391.899,2.276686,0.873068,2.125759,0.86404,0.151197,2.150278,0.849251,0.128632,2.140578,0.855404,0.13725,2.067652,0.965609,0.228602,,,,2.130751,0.949424,0.164704
392.0124,2.280009,0.870585,2.125759,0.86404,0.154389,2.150278,0.849251,0.131473,2.14547,0.852324,0.135773,2.067652,0.965609,0.232647,,,,2.130751,0.949424,0.1688
392.1984,2.284742,0.866973,2.125759,0.86404,0.15901,2.150278,0.849251,0.135626,2.14547,0.852324,0.14004,2.067652,0.965609,0.238447,,,,2.130751,0.949424,0.174675
392.3995,2.284742,0.866973,2.125759,0.86404,0.15901,2.150278,0.849251,0.135626,2.14547,0.852324,0.14004,2.067652,0.965609,0.238447,,,,2.130751,0.949424,0.174675
392.5988,2.286861,0.865326,2.125759,0.86404,0.161107,2.155131,0.846038,0.133134,2.155303,0.845968,0.132975,2.067652,0.965609,0.241058,,,,2.141824,0.94562,0.165779
392.8004,2.292065,0.861207,2.125759,0.86404,0.16633,2.164928,0.839383,0.128996,2.160197,0.842634,0.133169,2.067652,0.965609,0.247509,,,,2.147377,0.943562,0.166484
393.0051,2.292065,0.861207,2.125759,0.86404,0.16633,2.164928,0.839383,0.128996,2.160197,0.842634,0.133169,2.067652,0.965609,0.247509,,,,2.147377,0.943562,0.166484
393.2171,2.293014,0.860444,2.125759,0.86404,0.167294,2.164928,0.839383,0.129806,2.160197,0.842634,0.134006,2.067652,0.965609,0.248692,,,,2.147377,0.943562,0.167687
393.3998,2.294435,0.859295,2.125759,0.86404,0.168743,2.169803,0.835909,0.126808,2.160197,0.842634,0.135268,2.067652,0.965609,0.250466,,,,2.147377,0.943562,0.169491
393.6127,2.294435,0.859295,2.125759,0.86404,0.168743,2.169803,0.835909,0.126808,2.160197,0.842634,0.135268,2.067652,0.965609,0.250466,,,,2.147377,0.943562,0.169491
393.8655,2.294435,0.859295,2.125759,0.86404,0.168743,2.169803,0.835909,0.126808,2.160197,0.842634,0.135268,2.067652,0.965609,0.250466,,,,2.147377,0.943562,0.169491
394.0025,2.295603,0.858345,2.125759,0.86404,0.169939,2.169803,0.835909,0.127785,2.160197,0.842634,0.136314,2.067652,0.965609,0.251927,,,,2.147377,0.943562,0.170977
394.2132,2.3,0.854712,2.125759,0.86404,0.174491,2.169803,0.835909,0.131548,2.169867,0.835887,0.131488,2.067652,0.965609,0.257456,,,,2.152966,0.941418,0.170696
394.4004,2.3,0.854712,2.125759,0.86404,0.174491,2.169803,0.835909,0.131548,2.169867,0.835887,0.131488,2.067652,0.965609,0.257456,,,,2.152966,0.941418,0.170696
394.603,2.302298,0.852779,2.167386,0.834374,0.136161,2.169803,0.835909,0.133565,2.169867,0.835887,0.133504,2.067652,0.965609,0.260363,,,,2.152966,0.941418,0.173658
394.8126,2.302985,0.852197,2.167386,0.834374,0.136765,2.169803,0.835909,0.134175,2.169867,0.835887,0.134114,2.067652,0.965609,0.261235,,,,2.152966,0.941418,0.174546
395.0004,2.309837,0.846268,2.167386,0.834374,0.142947,2.167546,0.83429,0.142794,2.167491,0.834329,0.142846,2.067652,0.965609,0.269992,,,,2.163924,0.937066,0.171858
395.2013,2.314604,0.842011,2.167386,0.834374,0.147416,2.17229,0.830689,0.142764,2.177016,0.827103,0.138393,2.067652,0.965609,0.276155,,,,2.174924,0.932384,0.166367
395.3983,2.314604,0.842011,2.167386,0.834374,0.147416,2.17229,0.830689,0.142764,2.177016,0.827103,0.138393,2.067652,0.965609,0.276155,,,,2.174924,0.932384,0.166367
395.5984,2.317101,0.839736,2.167386,0.834374,0.149811,2.177006,0.827016,0.140672,2.177016,0.827103,0.140653,2.067652,0.965609,0.279407,,,,2.174924,0.932384,0.1697
395.7986,2.317101,0.839736,2.167386,0.834374,0.149811,2.177006,0.827016,0.140672,2.177016,0.827103,0.140653,2.067652,0.965609,0.279407,,,,2.174924,0.932384,0.1697
396.0015,2.317101,0.839736,2.167386,0.834374,0.149811,2.177006,0.827016,0.140672,2.177016,0.827103,0.140653,2.067652,0.965609,0.279407,,,,2.174924,0.932384,0.1697
396.2094,2.321046,0.836079,2.167386,0.834374,0.153669,2.177006,0.827016,0.144325,2.177016,0.827103,0.144309,2.067652,0.965609,0.284581,,,,2.174924,0.932384,0.175004
396.405,2.322908,0.834327,2.167386,0.834374,0.155522,2.186821,0.819174,0.136927,2.186834,0.819264,0.136905,2.067652,0.965609,0.287037,,,,2.186358,0.927178,0.165127
396.5984,2.330092,0.827404,2.167386,0.834374,0.162854,2.191673,0.8151,0.138965,2.191687,0.815192,0.138943,2.067652,0.965609,0.296605,,,,2.192058,0.924413,0.168713
396.7992,2.330092,0.827404,2.167386,0.834374,0.162854,2.191673,0.8151,0.138965,2.191687,0.815192,0.138943,2.067652,0.965609,0.296605,,,,2.192058,0.924413,0.168713
396.9983,2.330092,0.827404,2.167386,0.834374,0.162854,2.191673,0.8151,0.138965,2.191687,0.815192,0.138943,2.067652,0.965609,0.296605,,,,2.192058,0.924413,0.168713
397.2246,2.333768,0.823758,2.167386,0.834374,0.16672,2.191673,0.8151,0.142359,2.191687,0.815192,0.142339,2.067652,0.965609,0.301561,,,,2.192058,0.924413,0.173819
397.3988,2.337034,0.82046,2.167386,0.834374,0.170217,2.201553,0.806594,0.136189,2.20157,0.806689,0.136162,2.067652,0.965609,0.305997,,,,2.197699,0.92159,0.172167
397.6172,2.337034,0.82046,2.167386,0.834374,0.170217,2.201553,0.806594,0.136189,2.20157,0.806689,0.136162,2.067652,0.965609,0.305997,,,,2.197699,0.92159,0.172167
397.8087,2.338425,0.819038,2.167386,0.834374,0.171725,2.206434,0.802183,0.133063,2.206452,0.80228,0.133033,2.067652,0.965609,0.307897,,,,2.209393,0.91556,0.161139
397.9981,2.34169,0.815662,2.167386,0.834374,0.175305,2.206434,0.802183,0.135926,2.206452,0.80228,0.135899,2.067652,0.965609,0.312379,,,,2.209393,0.91556,0.165777
398.2058,2.345507,0.811644,2.167386,0.834374,0.179565,2.211468,0.797521,0.13478,2.211488,0.797619,0.134751,2.067652,0.965609,0.317661,,,,2.215414,0.912269,0.164468
398.3981,2.353333,0.803169,2.209655,0.792096,0.144103,2.211468,0.797521,0.141977,2.209748,0.792078,0.144013,2.067652,0.965609,0.328634,,,,2.221418,0.908895,0.169055
398.6055,2.355452,0.800817,2.209655,0.792096,0.146057,2.209817,0.792015,0.145901,2.209748,0.792078,0.145966,2.067652,0.965609,0.33164,,,,2.227392,0.905447,0.165369
398.7995,2.360004,0.795685,2.209655,0.792096,0.150391,2.214911,0.787016,0.145352,2.219941,0.782084,0.140722,2.067652,0.965609,0.338147,,,,2.233532,0.901809,0.165098
398.9996,2.361196,0.794323,2.209655,0.792096,0.151557,2.214911,0.787016,0.146467,2.219941,0.782084,0.141784,2.067652,0.965609,0.339862,,,,2.233532,0.901809,0.166886
399.2001,2.362837,0.792434,2.209655,0.792096,0.153183,2.214911,0.787016,0.148026,2.219941,0.782084,0.143271,2.067652,0.965609,0.342233,,,,2.233532,0.901809,0.16936
399.3988,2.363764,0.791361,2.209655,0.792096,0.15411,2.219839,0.782068,0.144225,2.224815,0.777084,0.13968,2.067652,0.965609,0.343575,,,,2.233532,0.901809,0.17076
399.5983,2.366476,0.788191,2.209655,0.792096,0.156869,2.219839,0.782068,0.146765,2.224815,0.777084,0.142096,2.067652,0.965609,0.347524,,,,2.233532,0.901809,0.17488
399.8215,2.366476,0.788191,2.209655,0.792096,0.156869,2.219839,0.782068,0.146765,2.224815,0.777084,0.142096,2.067652,0.965609,0.347524,,,,2.233532,0.901809,0.17488
400.0005,2.368483,0.785816,2.209655,0.792096,0.158952,2.224587,0.77719,0.144155,2.22951,0.772154,0.139643,2.067652,0.965609,0.350464,,,,2.239499,0.898181,0.171064
400.2058,2.369149,0.785022,2.209655,0.792096,0.159651,2.224587,0.77719,0.144775,2.22951,0.772154,0.140231,2.067652,0.965609,0.351443,,,,2.239499,0.898181,0.172088
400.402,2.373976,0.779187,2.209655,0.792096,0.164827,2.224587,0.77719,0.149403,2.22951,0.772154,0.144637,2.067652,0.965609,0.358591,,,,2.245274,0.894577,0.172856
400.6205,2.376578,0.775978,2.209655,0.792096,0.167699,2.224587,0.77719,0.151996,2.22951,0.772154,0.147117,2.067652,0.965609,0.362484,,,,2.245274,0.894577,0.176936
401.0124,2.376578,0.775978,2.209655,0.792096,0.167699,2.224587,0.77719,0.151996,2.22951,0.772154,0.147117,2.067652,0.965609,0.362484,,,,2.245274,0.894577,0.176936
401.201,2.385255,0.764937,2.209655,0.792096,0.177688,2.238307,0.762545,0.146968,2.247284,0.752511,0.13853,2.067652,0.965609,0.375687,,,,2.262159,0.883498,0.170908
401.4438,2.385851,0.764158,2.209655,0.792096,0.178397,2.238307,0.762545,0.147553,2.247284,0.752511,0.139055,2.067652,0.965609,0.376607,,,,2.262159,0.883498,0.171877
401.5983,2.389617,0.759173,2.209655,0.792096,0.182948,2.246907,0.752857,0.14285,2.247284,0.752511,0.142488,2.067652,0.965609,0.382462,,,,2.272823,0.876144,0.165297
401.8371,2.389813,0.758909,2.209655,0.792096,0.183189,2.246907,0.752857,0.143035,2.251475,0.747573,0.138802,2.067652,0.965609,0.382769,,,,2.272823,0.876144,0.165623
402.0214,2.39419,0.752969,2.247073,0.739567,0.147726,2.246907,0.752857,0.147283,2.251475,0.747573,0.142817,2.067652,0.965609,0.389669,,,,2.278197,0.872257,0.166385
402.2006,2.396359,0.749968,2.247073,0.739567,0.149648,2.246907,0.752857,0.14948,2.251475,0.747573,0.144904,2.067652,0.965609,0.393127,,,,2.278197,0.872257,0.17005
402.4085,2.396556,0.749693,2.247073,0.739567,0.149826,2.246907,0.752857,0.149683,2.251475,0.747573,0.145097,2.067652,0.965609,0.393443,,,,2.278197,0.872257,0.170385
402.5986,2.399689,0.745285,2.247073,0.739567,0.152724,2.247098,0.73964,0.152696,2.247216,0.739519,0.152582,2.067652,0.965609,0.398486,,,,2.278197,0.872257,0.175734
402.8036,2.401625,0.742521,2.247073,0.739567,0.15458,2.251214,0.73441,0.150629,2.247216,0.739519,0.154437,2.067652,0.965609,0.401629,,,,2.283545,0.868298,0.172518
403.0011,2.404499,0.738354,2.247073,0.739567,0.157431,2.251214,0.73441,0.153336,2.247216,0.739519,0.157287,2.067652,0.965609,0.406338,,,,2.283545,0.868298,0.177525
403.1988,2.404499,0.738354,2.247073,0.739567,0.157431,2.259324,0.723868,0.145896,2.25543,0.729056,0.149359,2.067652,0.965609,0.406338,,,,2.294148,0.860266,0.164438
403.399,2.404499,0.738354,2.247073,0.739567,0.157431,2.259324,0.723868,0.145896,2.25543,0.729056,0.149359,2.067652,0.965609,0.406338,,,,2.294148,0.860266,0.164438
403.6035,2.408146,0.732961,2.247073,0.739567,0.161208,2.259324,0.723868,0.149099,2.25543,0.729056,0.152766,2.067652,0.965609,0.412384,,,,2.294148,0.860266,0.170886
403.8075,2.409113,0.731511,2.247073,0.739567,0.16224,2.259324,0.723868,0.149984,2.25543,0.729056,0.153703,2.067652,0.965609,0.414001,,,,2.294148,0.860266,0.172612
404.0054,2.414423,0.723396,2.247073,0.739567,0.16813,2.263394,0.718328,0.151114,2.259554,0.723557,0.154869,2.067652,0.965609,0.422986,,,,2.299534,0.855995,0.175448
404.2017,2.42086,0.713195,2.247073,0.739567,0.175777,2.275453,0.701282,0.145894,2.267642,0.712401,0.15322,2.067652,0.965609,0.434129,,,,2.31566,0.84273,0.166872
404.4097,2.42086,0.713195,2.247073,0.739567,0.175777,2.275453,0.701282,0.145894,2.267642,0.712401,0.15322,2.067652,0.965609,0.434129,,,,2.31566,0.84273,0.166872
404.6019,2.42086,0.713195,2.247073,0.739567,0.175777,2.275453,0.701282,0.145894,2.267642,0.712401,0.15322,2.067652,0.965609,0.434129,,,,2.31566,0.84273,0.166872
404.7984,2.423839,0.708335,2.247073,0.739567,0.179504,2.275453,0.701282,0.148553,2.271679,0.706643,0.152169,2.067652,0.965609,0.439384,,,,2.31566,0.84273,0.172525
404.9988,2.423839,0.708335,2.247073,0.739567,0.179504,2.275453,0.701282,0.148553,2.271679,0.706643,0.152169,2.067652,0.965609,0.439384,,,,2.31566,0.84273,0.172525
405.199,2.42532,0.705884,2.247073,0.739567,0.181402,2.275453,0.701282,0.149938,2.271679,0.706643,0.153643,2.067652,0.965609,0.442022,,,,2.31566,0.84273,0.175363
405.4045,2.427582,0.702102,2.247073,0.739567,0.184356,2.275453,0.701282,0.152131,2.271679,0.706643,0.155969,2.067652,0.965609,0.446078,,,,2.31566,0.84273,0.17973
405.5989,2.427582,0.702102,2.247073,0.739567,0.184356,2.275453,0.701282,0.152131,2.271679,0.706643,0.155969,2.067652,0.965609,0.446078,,,,2.31566,0.84273,0.17973
406.0101,2.427582,0.702102,2.247073,0.739567,0.184356,2.275453,0.701282,0.152131,2.271679,0.706643,0.155969,2.067652,0.965609,0.446078,,,,2.31566,0.84273,0.17973
406.2124,2.433857,0.691331,2.279603,0.692881,0.154262,2.279654,0.692824,0.154211,2.279595,0.692903,0.15427,2.302318,0.853617,0.2089,,,,2.326455,0.833299,0.178017
406.4154,2.436087,0.6874,2.279603,0.692881,0.156581,2.283491,0.686693,0.152598,2.283436,0.686773,0.152653,2.302318,0.853617,0.21336,,,,2.302336,0.853605,0.213339
406.6108,2.439319,0.681598,2.279603,0.692881,0.160114,2.290721,0.674886,0.14875,2.290671,0.67497,0.148796,2.302318,0.853617,0.219909,,,,2.312557,0.844267,0.206227
406.8137,2.439319,0.681598,2.279603,0.692881,0.160114,2.290721,0.674886,0.14875,2.290671,0.67497,0.148796,2.302318,0.853617,0.219909,,,,2.312557,0.844267,0.206227
406.9981,2.440837,0.678828,2.279603,0.692881,0.161846,2.294225,0.668905,0.146948,2.294178,0.66899,0.146989,2.302318,0.853617,0.223022,,,,2.317583,0.839493,0.202496
407.2362,2.444302,0.672397,2.279603,0.692881,0.165968,2.294225,0.668905,0.150118,2.294178,0.66899,0.150163,2.302318,0.853617,0.230218,,,,2.317583,0.839493,0.209711
407.4001,2.444789,0.671481,2.279603,0.692881,0.166567,2.294225,0.668905,0.150586,2.294178,0.66899,0.150632,2.302318,0.853617,0.231239,,,,2.317583,0.839493,0.210736
407.5982,2.447526,0.666273,2.279603,0.692881,0.170019,2.297623,0.662973,0.14994,2.297578,0.663061,0.149983,2.302318,0.853617,0.23703,,,,2.322493,0.834736,0.209794
407.8035,2.449434,0.662583,2.279603,0.692881,0.172513,2.297623,0.662973,0.151812,2.297578,0.663061,0.151857,2.302318,0.853617,0.241116,,,,2.322493,0.834736,0.213895
408.0063,2.451013,0.659492,2.279603,0.692881,0.174632,2.297623,0.662973,0.15343,2.297578,0.663061,0.153476,2.302318,0.853617,0.24453,,,,2.322493,0.834736,0.21732
408.1984,2.454673,0.65219,2.279603,0.692881,0.179737,2.304382,0.650914,0.150297,2.300925,0.657096,0.153826,2.302318,0.853617,0.252557,,,,2.327361,0.829932,0.218633
408.4035,2.455462,0.650592,2.279603,0.692881,0.180872,2.307715,0.644704,0.147864,2.307709,0.64474,0.147869,2.302318,0.853617,0.254307,,,,2.3373,0.819938,0.206495
408.6005,2.457651,0.646109,2.279603,0.692881,0.184089,2.307715,0.644704,0.149943,2.307709,0.64474,0.149948,2.302318,0.853617,0.259206,,,,2.3373,0.819938,0.211425
408.8126,2.457651,0.646109,2.279603,0.692881,0.184089,2.307715,0.644704,0.149943,2.307709,0.64474,0.149948,2.302318,0.853617,0.259206,,,,2.3373,0.819938,0.211425
409.0048,2.459793,0.641654,2.279603,0.692881,0.187331,2.307715,0.644704,0.152109,2.307709,0.64474,0.152116,2.302318,0.853617,0.264059,,,,2.3373,0.819938,0.216309
409.2088,2.459793,0.641654,2.279603,0.692881,0.187331,2.307715,0.644704,0.152109,2.307709,0.64474,0.152116,2.302318,0.853617,0.264059,,,,2.3373,0.819938,0.216309
409.4078,2.461604,0.637834,2.279603,0.692881,0.190144,2.310992,0.638465,0.150613,2.314199,0.632403,0.147505,2.302318,0.853617,0.268206,,,,2.346954,0.809881,0.206749
409.6002,2.464432,0.631768,2.279603,0.692881,0.19467,2.317365,0.626068,0.147177,2.31734,0.626181,0.147197,2.302318,0.853617,0.274769,,,,2.351695,0.804772,0.206495
409.8279,2.464432,0.631768,2.279603,0.692881,0.19467,2.317365,0.626068,0.147177,2.31734,0.626181,0.147197,2.302318,0.853617,0.274769,,,,2.351695,0.804772,0.206495
410.0002,2.469514,0.620535,2.279603,0.692881,0.203224,2.323473,0.613544,0.146208,2.320429,0.619933,0.149086,2.302318,0.853617,0.286848,,,,2.361043,0.79444,0.204961
410.2084,2.471059,0.617031,2.279603,0.692881,0.205933,2.323473,0.613544,0.147627,2.320429,0.619933,0.150658,2.302318,0.853617,0.290596,,,,2.361043,0.79444,0.208752
410.3983,2.472581,0.613538,2.279603,0.692881,0.208652,2.3264,0.607345,0.146311,2.326401,0.60759,0.146301,2.302318,0.853617,0.294325,,,,2.365579,0.789299,0.20577
410.5982,2.474333,0.609464,2.279603,0.692881,0.211845,2.3264,0.607345,0.147948,2.326401,0.60759,0.147944,2.302318,0.853617,0.298664,,,,2.365579,0.789299,0.210163
410.7983,2.474602,0.608835,2.279603,0.692881,0.21234,2.3264,0.607345,0.148209,2.326401,0.60759,0.148206,2.302318,0.853617,0.299333,,,,2.365579,0.789299,0.21084
411.0073,2.475404,0.606947,2.32985,0.599422,0.145749,2.329841,0.599436,0.145756,2.32984,0.59944,0.145758,2.302318,0.853617,0.301339,,,,2.370017,0.784187,0.206205
411.2007,2.478577,0.599364,2.32985,0.599422,0.148728,2.332582,0.593228,0.146125,2.332581,0.593232,0.146125,2.302318,0.853617,0.309374,,,,2.374427,0.779028,0.20767
411.3987,2.482362,0.590059,2.32985,0.599422,0.152799,2.332582,0.593228,0.149814,2.335305,0.586931,0.14709,2.302318,0.853617,0.319184,,,,2.378848,0.773777,0.210873
411.6048,2.482878,0.588768,2.32985,0.599422,0.153398,2.338045,0.580592,0.145063,2.33799,0.580593,0.145118,2.302318,0.853617,0.320541,,,,2.383241,0.768478,0.205483
411.9103,2.482878,0.588768,2.32985,0.599422,0.153398,2.338045,0.580592,0.145063,2.33799,0.580593,0.145118,2.302318,0.853617,0.320541,,,,2.383241,0.768478,0.205483
412.0042,2.485422,0.582319,2.32985,0.599422,0.15651,2.340674,0.57425,0.144973,2.34062,0.574251,0.145027,2.302318,0.853617,0.327307,,,,2.387584,0.76316,0.205611
412.1983,2.485422,0.582319,2.32985,0.599422,0.15651,2.340674,0.57425,0.144973,2.34062,0.574251,0.145027,2.302318,0.853617,0.327307,,,,2.387584,0.76316,0.205611
412.4031,2.487406,0.5772,2.32985,0.599422,0.159116,2.340674,0.57425,0.146762,2.34062,0.574251,0.146816,2.302318,0.853617,0.332662,,,,2.387584,0.76316,0.211059
412.6045,2.489873,0.570723,2.32985,0.599422,0.162577,2.340674,0.57425,0.149241,2.34062,0.574251,0.149295,2.302318,0.853617,0.33942,,,,2.391858,0.757852,0.211245
412.9514,2.489873,0.570723,2.32985,0.599422,0.162577,2.340674,0.57425,0.149241,2.34062,0.574251,0.149295,2.302318,0.853617,0.33942,,,,2.391858,0.757852,0.211245
413.0034,2.494482,0.558275,2.32985,0.599422,0.169697,2.345811,0.561498,0.148706,2.34837,0.554957,0.146149,2.302318,0.853617,0.352355,,,,2.396171,0.752425,0.217622
413.2044,2.495551,0.555319,2.32985,0.599422,0.17147,2.348337,0.555048,0.147214,2.350855,0.548492,0.144857,2.302318,0.853617,0.355416,,,,2.400444,0.746974,0.213955
413.3996,2.495669,0.554991,2.32985,0.599422,0.171669,2.348337,0.555048,0.147332,2.350855,0.548492,0.14496,2.302318,0.853617,0.355756,,,,2.400444,0.746974,0.214302
413.605,2.497554,0.54971,2.32985,0.599422,0.174917,2.350821,0.548582,0.146738,2.350855,0.548492,0.146704,2.302318,0.853617,0.361216,,,,2.404683,0.741495,0.213089
413.7984,2.499177,0.545099,2.32985,0.599422,0.177827,2.350821,0.548582,0.148397,2.350855,0.548492,0.14836,2.302318,0.853617,0.365974,,,,2.404683,0.741495,0.217947
413.9991,2.501347,0.538834,2.32985,0.599422,0.181885,2.355705,0.535619,0.145678,2.35574,0.535529,0.145644,2.302318,0.853617,0.372425,,,,2.413089,0.730484,0.210995
414.1983,2.503036,0.53388,2.32985,0.599422,0.185174,2.358071,0.529109,0.145043,2.35574,0.535529,0.147305,2.302318,0.853617,0.377517,,,,2.417227,0.724929,0.209435
414.4056,2.50326,0.533219,2.32985,0.599422,0.185617,2.358071,0.529109,0.145247,2.35574,0.535529,0.147538,2.302318,0.853617,0.378196,,,,2.417227,0.724929,0.210129
414.5996,2.506209,0.524378,2.32985,0.599422,0.191662,2.358071,0.529109,0.148214,2.358107,0.529019,0.148175,2.302318,0.853617,0.38726,,,,2.421307,0.719387,0.21269
414.816,2.506209,0.524378,2.32985,0.599422,0.191662,2.358071,0.529109,0.148214,2.358107,0.529019,0.148175,2.302318,0.853617,0.38726,,,,2.421307,0.719387,0.21269
415.0133,2.508122,0.518522,2.32985,0.599422,0.19577,2.360385,0.522627,0.147794,2.360422,0.522537,0.147755,2.302318,0.853617,0.393248,,,,2.425297,0.7139,0.212209
415.2163,2.508859,0.516241,2.32985,0.599422,0.197392,2.364884,0.509789,0.144119,2.364922,0.5097,0.144085,2.302318,0.853617,0.395578,,,,2.429267,0.708377,0.207969
415.4037,2.509989,0.512713,2.32985,0.599422,0.199921,2.364884,0.509789,0.145134,2.364922,0.5097,0.145098,2.302318,0.853617,0.399177,,,,2.429267,0.708377,0.211661
415.5997,2.509989,0.512713,2.32985,0.599422,0.199921,2.364884,0.509789,0.145134,2.364922,0.5097,0.145098,2.302318,0.853617,0.399177,,,,2.429267,0.708377,0.211661
415.997,2.509989,0.512713,2.32985,0.599422,0.199921,2.364884,0.509789,0.145134,2.364922,0.5097,0.145098,2.302318,0.853617,0.399177,,,,2.429267,0.708377,0.211661
416.003,2.510397,0.511432,2.32985,0.599422,0.200847,2.367024,0.503465,0.143594,2.369204,0.497052,0.141923,2.302318,0.853617,0.400484,,,,2.433135,0.702935,0.206502
416.1989,2.513411,0.501808,2.32985,0.599422,0.207902,2.369131,0.49713,0.144356,2.369204,0.497052,0.144286,2.302318,0.853617,0.41028,,,,2.436974,0.697473,0.210065
416.4155,2.514011,0.499862,2.32985,0.599422,0.20935,2.369131,0.49713,0.144906,2.369204,0.497052,0.144835,2.302318,0.853617,0.412258,,,,2.436974,0.697473,0.212096
416.6057,2.515529,0.494889,2.32985,0.599422,0.213082,2.369131,0.49713,0.146415,2.369204,0.497052,0.146341,2.302318,0.853617,0.417306,,,,2.436974,0.697473,0.217281
416.9126,2.516332,0.492228,2.32985,0.599422,0.215096,2.369131,0.49713,0.147283,2.369204,0.497052,0.147208,2.302318,0.853617,0.420005,,,,2.436974,0.697473,0.220053
417.004,2.518868,0.483701,2.32985,0.599422,0.221628,2.37342,0.484004,0.145448,2.373494,0.483927,0.145374,2.302318,0.853617,0.428639,,,,2.444854,0.686135,0.21554
417.1983,2.519838,0.480386,2.32985,0.599422,0.224199,2.37342,0.484004,0.146463,2.373494,0.483927,0.146387,2.302318,0.853617,0.431992,,,,2.444854,0.686135,0.218987
417.399,2.523228,0.468595,2.374383,0.473696,0.148932,2.374395,0.473666,0.148919,2.37627,0.467015,0.146966,2.302318,0.853617,0.443895,,,,2.452695,0.674603,0.217748
417.6008,2.523228,0.468595,2.374383,0.473696,0.148932,2.374395,0.473666,0.148919,2.37627,0.467015,0.146966,2.302318,0.853617,0.443895,,,,2.452695,0.674603,0.217748
417.8497,2.523228,0.468595,2.374383,0.473696,0.148932,2.374395,0.473666,0.148919,2.37627,0.467015,0.146966,2.302318,0.853617,0.443895,,,,2.452695,0.674603,0.217748
418.0012,2.525595,0.460158,2.374383,0.473696,0.151817,2.37818,0.460245,0.147415,2.378135,0.460297,0.14746,2.302318,0.853617,0.452397,,,,2.460437,0.663005,0.213056
418.1983,2.527808,0.452117,2.374383,0.473696,0.154935,2.38184,0.44683,0.146064,2.383576,0.440141,0.144729,2.302318,0.853617,0.460487,,,,2.468058,0.651374,0.208023
418.3985,2.527808,0.452117,2.374383,0.473696,0.154935,2.38184,0.44683,0.146064,2.383576,0.440141,0.144729,2.302318,0.853617,0.460487,,,,2.468058,0.651374,0.208023
418.5984,2.529301,0.446638,2.374383,0.473696,0.157264,2.38184,0.44683,0.147462,2.383576,0.440141,0.14587,2.302318,0.853617,0.465997,,,,2.468058,0.651374,0.2137
418.7988,2.529301,0.446638,2.374383,0.473696,0.157264,2.38184,0.44683,0.147462,2.383576,0.440141,0.14587,2.302318,0.853617,0.465997,,,,2.468058,0.651374,0.2137
418.9995,2.531419,0.438863,2.374383,0.473696,0.160853,2.38184,0.44683,0.149792,2.383576,0.440141,0.147849,2.302318,0.853617,0.473823,,,,2.468058,0.651374,0.221757
419.1983,2.532572,0.43463,2.374383,0.473696,0.162942,2.385635,0.432681,0.14695,2.387313,0.425976,0.145517,2.302318,0.853617,0.478086,,,,2.476034,0.639087,0.21213
419.3982,2.532572,0.43463,2.374383,0.473696,0.162942,2.385635,0.432681,0.14695,2.387313,0.425976,0.145517,2.302318,0.853617,0.478086,,,,2.476034,0.639087,0.21213
419.5996,2.534311,0.42825,2.374383,0.473696,0.16626,2.385635,0.432681,0.148742,2.387313,0.425976,0.147015,2.302318,0.853617,0.484518,,,,2.476034,0.639087,0.218743
419.8507,2.534311,0.42825,2.374383,0.473696,0.16626,2.385635,0.432681,0.148742,2.387313,0.425976,0.147015,2.302318,0.853617,0.484518,,,,2.476034,0.639087,0.218743
420.0,2.535788,0.422848,2.374383,0.473696,0.169225,2.385635,0.432681,0.150474,2.387313,0.425976,0.148507,2.302318,0.853617,0.48997,,,,2.476034,0.639087,0.224343
420.2131,2.537778,0.415616,2.374383,0.473696,0.173411,2.387541,0.425574,0.150567,2.391155,0.411414,0.146683,2.302318,0.853617,0.497279,,,,2.48004,0.632915,0.22484
420.4008,2.537778,0.415616,2.374383,0.473696,0.173411,2.389492,0.418301,0.148311,2.391155,0.411414,0.146683,2.302318,0.853617,0.497279,,,,2.48414,0.626599,0.217695
420.6138,2.538479,0.413085,2.374383,0.473696,0.174932,2.389492,0.418301,0.149078,2.391155,0.411414,0.147333,2.302318,0.853617,0.49984,,,,2.48414,0.626599,0.22032
420.805,2.53858,0.412721,2.374383,0.473696,0.175153,2.389492,0.418301,0.149192,2.391155,0.411414,0.14743,2.302318,0.853617,0.500209,,,,2.48414,0.626599,0.220698
421.0088,2.540329,0.406457,2.374383,0.473696,0.179051,2.391453,0.411051,0.148947,2.395144,0.396543,0.145523,2.302318,0.853617,0.506558,,,,2.49255,0.613702,0.212681
421.1992,2.542415,0.399081,2.374383,0.473696,0.183854,2.395501,0.396196,0.146942,2.395144,0.396543,0.147293,2.302318,0.853617,0.514052,,,,2.496801,0.607285,0.213142
421.4007,2.542415,0.399081,2.374383,0.473696,0.183854,2.395501,0.396196,0.146942,2.395144,0.396543,0.147293,2.302318,0.853617,0.514052,,,,2.496801,0.607285,0.213142
421.6287,2.545582,0.388081,2.374383,0.473696,0.191414,2.397565,0.388841,0.14802,2.397193,0.389123,0.148393,2.302318,0.853617,0.525263,,,,2.496801,0.607285,0.224565
421.9281,2.545797,0.387345,2.374383,0.473696,0.191936,2.397565,0.388841,0.14824,2.397193,0.389123,0.148615,2.302318,0.853617,0.526015,,,,2.496801,0.607285,0.225331
421.9991,2.546552,0.384767,2.374383,0.473696,0.19378,2.397565,0.388841,0.149043,2.401354,0.374262,0.145577,2.302318,0.853617,0.528649,,,,2.501044,0.600932,0.220903
422.1995,2.548507,0.378171,2.374383,0.473696,0.198606,2.399676,0.381419,0.148866,2.401354,0.374262,0.147204,2.302318,0.853617,0.535404,,,,2.505354,0.594531,0.220621
422.4233,2.54949,0.374895,2.374383,0.473696,0.201058,2.399676,0.381419,0.149956,2.401354,0.374262,0.148137,2.302318,0.853617,0.538766,,,,2.505354,0.594531,0.224026
422.6145,2.54949,0.374895,2.374383,0.473696,0.201058,2.399676,0.381419,0.149956,2.401354,0.374262,0.148137,2.302318,0.853617,0.538766,,,,2.505354,0.594531,0.224026
422.8928,2.54949,0.374895,2.374383,0.473696,0.201058,2.399676,0.381419,0.149956,2.401354,0.374262,0.148137,2.302318,0.853617,0.538766,,,,2.505354,0.594531,0.224026
423.0153,2.551466,0.368403,2.39555,0.375704,0.156087,2.39983,0.361025,0.151816,2.39985,0.360924,0.151801,2.480836,0.567067,0.210845,,,,2.513983,0.581917,0.216779
423.2074,2.553259,0.362624,2.39555,0.375704,0.158251,2.39983,0.361025,0.153437,2.39985,0.360924,0.153419,2.480836,0.567067,0.216892,,,,2.513983,0.581917,0.222783
423.4005,2.556118,0.353624,2.39555,0.375704,0.162079,2.402035,0.353738,0.154083,2.39985,0.360924,0.156438,2.480836,0.567067,0.22633,,,,2.480801,0.567075,0.226349
423.5991,2.556932,0.351111,2.39555,0.375704,0.163245,2.402035,0.353738,0.154919,2.402054,0.353637,0.154898,2.480836,0.567067,0.228971,,,,2.480801,0.567075,0.22899
423.9748,2.556932,0.351111,2.39555,0.375704,0.163245,2.402035,0.353738,0.154919,2.402054,0.353637,0.154898,2.480836,0.567067,0.228971,,,,2.480801,0.567075,0.22899
423.9987,2.559168,0.344318,2.39555,0.375704,0.166601,2.402035,0.353738,0.157416,2.402054,0.353637,0.15739,2.480836,0.567067,0.236121,,,,2.483345,0.5599,0.228528
424.1988,2.559887,0.342167,2.39555,0.375704,0.167724,2.40429,0.346476,0.155657,2.40431,0.346375,0.155634,2.480836,0.567067,0.238388,,,,2.48594,0.552752,0.223191
424.3985,2.559887,0.342167,2.39555,0.375704,0.167724,2.40429,0.346476,0.155657,2.40431,0.346375,0.155634,2.480836,0.567067,0.238388,,,,2.48594,0.552752,0.223191
424.6148,2.560129,0.341446,2.39555,0.375704,0.168107,2.40429,0.346476,0.155921,2.40431,0.346375,0.155897,2.480836,0.567067,0.239149,,,,2.48594,0.552752,0.223952
424.8203,2.560367,0.340741,2.39555,0.375704,0.168484,2.40429,0.346476,0.156182,2.40431,0.346375,0.156158,2.480836,0.567067,0.239893,,,,2.48594,0.552752,0.224696
425.0134,2.560842,0.339336,2.39555,0.375704,0.169245,2.40429,0.346476,0.156715,2.40431,0.346375,0.15669,2.480836,0.567067,0.241376,,,,2.48594,0.552752,0.226178
425.2017,2.563371,0.331983,2.39555,0.375704,0.173423,2.406603,0.339216,0.156935,2.408852,0.332121,0.154519,2.480836,0.567067,0.249152,,,,2.488591,0.545609,0.226336
425.3984,2.564351,0.329187,2.39555,0.375704,0.175093,2.411249,0.324996,0.15316,2.41124,0.325033,0.153167,2.480836,0.567067,0.252114,,,,2.4939,0.531622,0.214344
425.5998,2.564351,0.329187,2.39555,0.375704,0.175093,2.411249,0.324996,0.15316,2.41124,0.325033,0.153167,2.480836,0.567067,0.252114,,,,2.4939,0.531622,0.214344
426.016,2.564351,0.329187,2.39555,0.375704,0.175093,2.411249,0.324996,0.15316,2.41124,0.325033,0.153167,2.480836,0.567067,0.252114,,,,2.4939,0.531622,0.214344
426.201,2.571505,0.309637,2.39555,0.375704,0.187949,2.416144,0.311002,0.155367,2.416149,0.311044,0.155362,2.480836,0.567067,0.27293,,,,2.499448,0.517875,0.220352
426.4015,2.572266,0.307642,2.39555,0.375704,0.18937,2.418608,0.304239,0.153696,2.418619,0.304283,0.153684,2.480836,0.567067,0.275065,,,,2.499448,0.517875,0.222487
426.5999,2.573147,0.305354,2.39555,0.375704,0.191023,2.418608,0.304239,0.154543,2.418619,0.304283,0.154532,2.480836,0.567067,0.277516,,,,2.499448,0.517875,0.224937
426.8381,2.573147,0.305354,2.39555,0.375704,0.191023,2.418608,0.304239,0.154543,2.418619,0.304283,0.154532,2.480836,0.567067,0.277516,,,,2.499448,0.517875,0.224937
427.013,2.573399,0.304704,2.39555,0.375704,0.191497,2.418608,0.304239,0.154792,2.418619,0.304283,0.15478,2.480836,0.567067,0.278212,,,,2.499448,0.517875,0.225633
427.2008,2.575691,0.298872,2.39555,0.375704,0.195841,2.418608,0.304239,0.157175,2.421098,0.297685,0.154598,2.480836,0.567067,0.284474,,,,2.50489,0.504871,0.217826
427.3986,2.577501,0.294368,2.39555,0.375704,0.199303,2.421081,0.297639,0.156455,2.421098,0.297685,0.156439,2.480836,0.567067,0.289325,,,,2.50489,0.504871,0.222674
427.6073,2.579308,0.28996,2.39555,0.375704,0.202778,2.421081,0.297639,0.158414,2.421098,0.297685,0.158399,2.480836,0.567067,0.294083,,,,2.50489,0.504871,0.227431
427.8278,2.579828,0.288707,2.39555,0.375704,0.203782,2.421081,0.297639,0.158999,2.421098,0.297685,0.158984,2.480836,0.567067,0.295438,,,,2.50489,0.504871,0.228785
428.0151,2.581786,0.284053,2.39555,0.375704,0.207566,2.423603,0.291098,0.15834,2.423626,0.291146,0.158319,2.480836,0.567067,0.300479,,,,2.510439,0.492294,0.220124
428.2004,2.582839,0.281589,2.39555,0.375704,0.209606,2.423603,0.291098,0.15952,2.423626,0.291146,0.159499,2.480836,0.567067,0.303153,,,,2.510439,0.492294,0.222796
428.3991,2.585242,0.276069,2.39555,0.375704,0.214267,2.428609,0.278479,0.156651,2.428645,0.278532,0.156617,2.480836,0.567067,0.309161,,,,2.513303,0.48614,0.222047
428.6052,2.585242,0.276069,2.39555,0.375704,0.214267,2.428609,0.278479,0.156651,2.428645,0.278532,0.156617,2.480836,0.567067,0.309161,,,,2.513303,0.48614,0.222047
428.7982,2.585901,0.27458,2.39555,0.375704,0.215545,2.428609,0.278479,0.15734,2.428645,0.278532,0.157306,2.480836,0.567067,0.310785,,,,2.513303,0.48614,0.22367
428.9998,2.586693,0.272803,2.426213,0.265259,0.160658,2.428609,0.278479,0.158186,2.428645,0.278532,0.158152,2.480836,0.567067,0.312725,,,,2.513303,0.48614,0.225607
429.2065,2.588832,0.268077,2.426213,0.265259,0.162644,2.426259,0.26526,0.162598,2.426259,0.26526,0.162598,2.480836,0.567067,0.317896,,,,2.518974,0.47427,0.217705
429.3986,2.590325,0.264839,2.426213,0.265259,0.164113,2.426259,0.26526,0.164067,2.426259,0.26526,0.164067,2.480836,0.567067,0.321449,,,,2.518974,0.47427,0.221251
429.6239,2.592253,0.26073,2.426213,0.265259,0.166102,2.428827,0.259205,0.163433,2.428828,0.259205,0.163432,2.480836,0.567067,0.325969,,,,2.521933,0.468395,0.219248
429.8257,2.59267,0.259851,2.426213,0.265259,0.166545,2.428827,0.259205,0.163844,2.428828,0.259205,0.163843,2.480836,0.567067,0.326938,,,,2.521933,0.468395,0.220214
429.9985,2.595058,0.254885,2.426213,0.265259,0.169164,2.428827,0.259205,0.166287,2.428828,0.259205,0.166287,2.480836,0.567067,0.332422,,,,2.524953,0.462552,0.219182
430.2013,2.596756,0.251423,2.426213,0.265259,0.171104,2.431459,0.253177,0.165306,2.43146,0.253177,0.165305,2.480836,0.567067,0.336257,,,,2.524953,0.462552,0.223005
430.3993,2.598473,0.247978,2.426213,0.265259,0.173125,2.434135,0.247219,0.164339,2.436797,0.241297,0.161814,2.480836,0.567067,0.340083,,,,2.531054,0.451046,0.213967
430.5984,2.59934,0.24626,2.426213,0.265259,0.174166,2.434135,0.247219,0.165207,2.436797,0.241297,0.162619,2.480836,0.567067,0.341995,,,,2.531054,0.451046,0.215871
430.8245,2.59934,0.24626,2.426213,0.265259,0.174166,2.434135,0.247219,0.165207,2.436797,0.241297,0.162619,2.480836,0.567067,0.341995,,,,2.531054,0.451046,0.215871
430.9985,2.599617,0.245713,2.426213,0.265259,0.174503,2.434135,0.247219,0.165489,2.436797,0.241297,0.16288,2.480836,0.567067,0.342604,,,,2.531054,0.451046,0.216478
431.2056,2.599617,0.245713,2.426213,0.265259,0.174503,2.434135,0.247219,0.165489,2.436797,0.241297,0.16288,2.480836,0.567067,0.342604,,,,2.531054,0.451046,0.216478
431.4168,2.601858,0.241348,2.426213,0.265259,0.177265,2.434135,0.247219,0.167825,2.436797,0.241297,0.165061,2.480836,0.567067,0.347475,,,,2.531054,0.451046,0.221328
431.5997,2.604403,0.236502,2.426213,0.265259,0.180496,2.436867,0.241308,0.167605,2.439471,0.235669,0.164933,2.480836,0.567067,0.352905,,,,2.534091,0.445605,0.220608
431.7996,2.604403,0.236502,2.426213,0.265259,0.180496,2.436867,0.241308,0.167605,2.439471,0.235669,0.164933,2.480836,0.567067,0.352905,,,,2.534091,0.445605,0.220608
432.0007,2.606555,0.232492,2.426213,0.265259,0.183295,2.442163,0.230162,0.164408,2.442181,0.230126,0.164391,2.480836,0.567067,0.357415,,,,2.537157,0.440251,0.219043
432.1985,2.60902,0.227996,2.426213,0.265259,0.186566,2.444931,0.224654,0.164123,2.442181,0.230126,0.166852,2.480836,0.567067,0.362491,,,,2.540279,0.434935,0.218058
432.4213,2.60902,0.227996,2.426213,0.265259,0.186566,2.444931,0.224654,0.164123,2.442181,0.230126,0.166852,2.480836,0.567067,0.362491,,,,2.540279,0.434935,0.218058
432.6032,2.61233,0.222116,2.426213,0.265259,0.191052,2.444931,0.224654,0.167418,2.444949,0.224618,0.1674,2.480836,0.567067,0.369163,,,,2.543366,0.429811,0.218846
432.9078,2.612617,0.221614,2.426213,0.265259,0.191446,2.444931,0.224654,0.167714,2.444949,0.224618,0.167695,2.480836,0.567067,0.369734,,,,2.543366,0.429811,0.219412
432.999,2.613626,0.219861,2.426213,0.265259,0.192834,2.447676,0.219339,0.165951,2.447695,0.219304,0.165933,2.480836,0.567067,0.371732,,,,2.543366,0.429811,0.221395
433.2029,2.613626,0.219861,2.426213,0.265259,0.192834,2.447676,0.219339,0.165951,2.447695,0.219304,0.165933,2.480836,0.567067,0.371732,,,,2.543366,0.429811,0.221395
433.4207,2.616421,0.21509,2.450664,0.206247,0.165993,2.450688,0.206304,0.165966,2.450688,0.206303,0.165966,2.480836,0.567067,0.377188,,,,2.549286,0.420231,0.215847
433.6022,2.618701,0.211288,2.450664,0.206247,0.168112,2.450688,0.206304,0.168086,2.450688,0.206303,0.168086,2.480836,0.567067,0.381556,,,,2.549286,0.420231,0.220171
433.8087,2.618701,0.211288,2.450664,0.206247,0.168112,2.450688,0.206304,0.168086,2.450688,0.206303,0.168086,2.480836,0.567067,0.381556,,,,2.549286,0.420231,0.220171
434.002,2.622332,0.205389,2.450664,0.206247,0.17167,2.453423,0.201366,0.168958,2.453423,0.201365,0.168957,2.480836,0.567067,0.388371,,,,2.555436,0.410764,0.215996
434.1984,2.623216,0.203981,2.450664,0.206247,0.172567,2.453423,0.201366,0.169814,2.453423,0.201365,0.169814,2.480836,0.567067,0.390005,,,,2.555436,0.410764,0.217609
434.4002,2.623216,0.203981,2.450664,0.206247,0.172567,2.453423,0.201366,0.169814,2.453423,0.201365,0.169814,2.480836,0.567067,0.390005,,,,2.555436,0.410764,0.217609
434.5987,2.625646,0.200167,2.450664,0.206247,0.175087,2.456213,0.196459,0.169473,2.456214,0.196459,0.169473,2.480836,0.567067,0.394444,,,,2.555436,0.410764,0.221993
434.8008,2.626361,0.199059,2.450664,0.206247,0.175844,2.461636,0.187174,0.165153,2.461637,0.187173,0.165153,2.480836,0.567067,0.395736,,,,2.558483,0.406302,0.218075
434.9985,2.627946,0.196631,2.450664,0.206247,0.177543,2.461636,0.187174,0.166579,2.461637,0.187173,0.166578,2.480836,0.567067,0.398578,,,,2.558483,0.406302,0.220878
435.2173,2.629926,0.193645,2.450664,0.206247,0.179704,2.461636,0.187174,0.168414,2.461637,0.187173,0.168414,2.480836,0.567067,0.402084,,,,2.558483,0.406302,0.224337
435.4002,2.632939,0.189202,2.450664,0.206247,0.18307,2.464372,0.18273,0.168691,2.464372,0.182729,0.168691,2.480836,0.567067,0.407329,,,,2.564468,0.397751,0.219502
435.6392,2.634096,0.187527,2.450664,0.206247,0.184384,2.464372,0.18273,0.169791,2.464372,0.182729,0.169791,2.480836,0.567067,0.409315,,,,2.564468,0.397751,0.221455
435.7995,2.6369,0.183537,2.450664,0.206247,0.187615,2.469622,0.174423,0.167525,2.467156,0.178325,0.169823,2.480836,0.567067,0.414066,,,,2.570291,0.389836,0.216785
436.0028,2.637738,0.182364,2.450664,0.206247,0.188592,2.469622,0.174423,0.168303,2.467156,0.178325,0.17063,2.480836,0.567067,0.415469,,,,2.570291,0.389836,0.21816
436.1981,2.64155,0.177137,2.450664,0.206247,0.193093,2.472346,0.170334,0.169342,2.472553,0.170113,0.169143,2.480836,0.567067,0.421752,,,,2.573296,0.385949,0.219684
436.4055,2.642101,0.176397,2.450664,0.206247,0.19375,2.472346,0.170334,0.169864,2.472553,0.170113,0.169664,2.480836,0.567067,0.422646,,,,2.573296,0.385949,0.220559
436.5987,2.642101,0.176397,2.450664,0.206247,0.19375,2.472346,0.170334,0.169864,2.472553,0.170113,0.169664,2.480836,0.567067,0.422646,,,,2.573296,0.385949,0.220559
436.9249,2.642101,0.176397,2.450664,0.206247,0.19375,2.472346,0.170334,0.169864,2.472553,0.170113,0.169664,2.480836,0.567067,0.422646,,,,2.573296,0.385949,0.220559
437.0044,2.646504,0.170613,2.46977,0.157684,0.177205,2.469846,0.157786,0.177123,2.469839,0.15777,0.177131,2.480836,0.567067,0.429676,,,,2.576288,0.382173,0.222907
437.201,2.647041,0.169923,2.46977,0.157684,0.177693,2.469846,0.157786,0.177611,2.469839,0.15777,0.177619,2.480836,0.567067,0.43052,,,,2.576288,0.382173,0.223732
437.4029,2.650442,0.165636,2.46977,0.157684,0.180846,2.472436,0.154119,0.178377,2.472429,0.154103,0.178386,2.480836,0.567067,0.43579,,,,2.582004,0.375221,0.220476
437.6,2.650442,0.165636,2.46977,0.157684,0.180846,2.472436,0.154119,0.178377,2.472429,0.154103,0.178386,2.480836,0.567067,0.43579,,,,2.582004,0.375221,0.220476
437.8601,2.650442,0.165636,2.46977,0.157684,0.180846,2.472436,0.154119,0.178377,2.472429,0.154103,0.178386,2.480836,0.567067,0.43579,,,,2.582004,0.375221,0.220476
438.0001,2.655211,0.159844,2.46977,0.157684,0.185453,2.480167,0.143626,0.175794,2.477623,0.147022,0.17805,2.480836,0.567067,0.442986,,,,2.587742,0.368573,0.219363
438.1982,2.65725,0.157446,2.46977,0.157684,0.18748,2.480167,0.143626,0.177622,2.477623,0.147022,0.17993,2.480836,0.567067,0.445994,,,,2.587742,0.368573,0.222275
438.401,2.659424,0.154941,2.46977,0.157684,0.189673,2.482638,0.140465,0.177378,2.482487,0.14064,0.177514,2.480836,0.567067,0.449156,,,,2.590587,0.365397,0.221428
438.5991,2.659424,0.154941,2.46977,0.157684,0.189673,2.482638,0.140465,0.177378,2.482487,0.14064,0.177514,2.480836,0.567067,0.449156,,,,2.590587,0.365397,0.221428
438.8015,2.659424,0.154941,2.46977,0.157684,0.189673,2.482638,0.140465,0.177378,2.482487,0.14064,0.177514,2.480836,0.567067,0.449156,,,,2.590587,0.365397,0.221428
439.003,2.662124,0.151901,2.46977,0.157684,0.19244,2.482638,0.140465,0.17985,2.482487,0.14064,0.17999,2.480836,0.567067,0.453021,,,,2.596002,0.359498,0.217873
439.2032,2.663801,0.150051,2.46977,0.157684,0.194181,2.485142,0.137341,0.17911,2.484991,0.137515,0.179249,2.480836,0.567067,0.455389,,,,2.596002,0.359498,0.220147
439.408,2.664055,0.149773,2.46977,0.157684,0.194446,2.485142,0.137341,0.179345,2.484991,0.137515,0.179484,2.480836,0.567067,0.455745,,,,2.596002,0.359498,0.22049
439.6229,2.665204,0.148525,2.46977,0.157684,0.195648,2.485142,0.137341,0.180409,2.484991,0.137515,0.180549,2.480836,0.567067,0.457349,,,,2.596002,0.359498,0.222032
439.8227,2.665332,0.148387,2.46977,0.157684,0.195782,2.487649,0.13429,0.178241,2.484991,0.137515,0.180669,2.480836,0.567067,0.457527,,,,2.598742,0.356654,0.218653
440.0045,2.670085,0.143374,2.46977,0.157684,0.200825,2.492641,0.128359,0.178078,2.494498,0.126207,0.176424,2.480836,0.567067,0.464038,,,,2.60422,0.351169,0.217984
440.205,2.67211,0.141308,2.46977,0.157684,0.203001,2.492641,0.128359,0.179936,2.494498,0.126207,0.178253,2.480836,0.567067,0.466751,,,,2.60422,0.351169,0.22057
440.4114,2.67211,0.141308,2.46977,0.157684,0.203001,2.492641,0.128359,0.179936,2.494498,0.126207,0.178253,2.480836,0.567067,0.466751,,,,2.60422,0.351169,0.22057
440.603,2.673899,0.139518,2.499816,0.11166,0.176298,2.499758,0.111941,0.17631,2.499777,0.111895,0.176299,2.480836,0.567067,0.469118,,,,2.609244,0.346319,0.216672
440.8297,2.673899,0.139518,2.499816,0.11166,0.176298,2.499758,0.111941,0.17631,2.499777,0.111895,0.176299,2.480836,0.567067,0.469118,,,,2.609244,0.346319,0.216672
441.0011,2.676185,0.137276,2.499816,0.11166,0.17822,2.50208,0.109334,0.176333,2.499777,0.111895,0.178225,2.480836,0.567067,0.472104,,,,2.609244,0.346319,0.2195
441.1993,2.677869,0.135659,2.499816,0.11166,0.179663,2.50208,0.109334,0.177749,2.499777,0.111895,0.17967,2.480836,0.567067,0.474273,,,,2.613981,0.34196,0.215968
441.3991,2.679523,0.134097,2.499816,0.11166,0.181103,2.506419,0.104578,0.175603,2.504061,0.10709,0.177529,2.480836,0.567067,0.476381,,,,2.613981,0.34196,0.217951
441.6009,2.67985,0.133792,2.499816,0.11166,0.18139,2.506419,0.104578,0.175875,2.506169,0.104836,0.176078,2.480836,0.567067,0.476795,,,,2.613981,0.34196,0.218341
441.8026,2.67985,0.133792,2.499816,0.11166,0.18139,2.506419,0.104578,0.175875,2.506169,0.104836,0.176078,2.480836,0.567067,0.476795,,,,2.613981,0.34196,0.218341
442.0052,2.679959,0.133691,2.499816,0.11166,0.181485,2.506419,0.104578,0.175965,2.506169,0.104836,0.176169,2.480836,0.567067,0.476933,,,,2.613981,0.34196,0.21847
442.1982,2.682807,0.131084,2.499816,0.11166,0.18402,2.510245,0.100578,0.175238,2.508083,0.102837,0.176993,2.480836,0.567067,0.480493,,,,2.616302,0.339925,0.219175
442.4028,2.682807,0.131084,2.499816,0.11166,0.18402,2.510245,0.100578,0.175238,2.508083,0.102837,0.176993,2.597528,0.236748,0.135784,,,,2.616302,0.339925,0.219175
442.6037,2.684965,0.129167,2.499816,0.11166,0.185976,2.512205,0.098624,0.17544,2.510021,0.100861,0.17722,2.597528,0.236748,0.138632,,,,2.597458,0.23684,0.138748
442.8061,2.685639,0.128578,2.499816,0.11166,0.186592,2.514112,0.096766,0.174452,2.510021,0.100861,0.177793,2.597528,0.236748,0.139514,,,,2.597458,0.23684,0.139629
443.0032,2.686122,0.12816,2.499816,0.11166,0.187036,2.514112,0.096766,0.174851,2.510021,0.100861,0.178205,2.597528,0.236748,0.140144,,,,2.597458,0.23684,0.140259
443.2186,2.686986,0.127417,2.499816,0.11166,0.187833,2.514112,0.096766,0.17557,2.510021,0.100861,0.178947,2.597528,0.236748,0.141265,,,,2.597458,0.23684,0.141381
443.4177,2.688879,0.125818,2.499816,0.11166,0.189592,2.514112,0.096766,0.177165,2.511907,0.098981,0.178995,2.597528,0.236748,0.143702,,,,2.598795,0.234536,0.14119
443.6016,2.689065,0.125663,2.499816,0.11166,0.189766,2.514112,0.096766,0.177323,2.511907,0.098981,0.179155,2.597528,0.236748,0.14394,,,,2.598795,0.234536,0.141428
443.7982,2.689437,0.125354,2.499816,0.11166,0.190115,2.517773,0.093284,0.174634,2.515528,0.095458,0.17646,2.597528,0.236748,0.144416,,,,2.601382,0.230197,0.136916
444.0108,2.689437,0.125354,2.499816,0.11166,0.190115,2.517773,0.093284,0.174634,2.515528,0.095458,0.17646,2.597528,0.236748,0.144416,,,,2.601382,0.230197,0.136916
444.2059,2.689437,0.125354,2.499816,0.11166,0.190115,2.517773,0.093284,0.174634,2.515528,0.095458,0.17646,2.597528,0.236748,0.144416,,,,2.601382,0.230197,0.136916
444.4033,2.691333,0.123803,2.499816,0.11166,0.191902,2.519408,0.091799,0.174879,2.515528,0.095458,0.178076,2.597528,0.236748,0.14682,,,,2.601382,0.230197,0.139323
444.5996,2.692083,0.123202,2.499816,0.11166,0.192614,2.519408,0.091799,0.175507,2.515528,0.095458,0.178721,2.597528,0.236748,0.147761,,,,2.601382,0.230197,0.140267
444.8037,2.69346,0.122114,2.515176,0.097996,0.179908,2.515235,0.097846,0.17987,2.515219,0.097873,0.179882,2.597528,0.236748,0.149479,,,,2.602556,0.228327,0.139802
445.0155,2.694673,0.121172,2.515176,0.097996,0.180987,2.516944,0.096311,0.179459,2.515219,0.097873,0.180961,2.597528,0.236748,0.15098,,,,2.603802,0.226396,0.139031
445.2016,2.695823,0.120294,2.515176,0.097996,0.182018,2.516944,0.096311,0.18048,2.516927,0.096337,0.180493,2.597528,0.236748,0.152392,,,,2.603802,0.226396,0.140448
445.4138,2.697503,0.119039,2.515176,0.097996,0.183537,2.518524,0.094926,0.180597,2.518506,0.09495,0.180611,2.597528,0.236748,0.154435,,,,2.605069,0.22448,0.14022
445.6069,2.697583,0.11898,2.515176,0.097996,0.18361,2.518524,0.094926,0.180668,2.518506,0.09495,0.180683,2.597528,0.236748,0.154533,,,,2.605069,0.22448,0.140318
445.9624,2.697583,0.11898,2.515176,0.097996,0.18361,2.518524,0.094926,0.180668,2.518506,0.09495,0.180683,2.597528,0.236748,0.154533,,,,2.605069,0.22448,0.140318
446.0,2.697826,0.118801,2.515176,0.097996,0.183832,2.520122,0.093556,0.179489,2.520104,0.09358,0.179504,2.597528,0.236748,0.154826,,,,2.606249,0.222741,0.138528
446.2161,2.697908,0.118741,2.515176,0.097996,0.183906,2.520122,0.093556,0.179561,2.520104,0.09358,0.179576,2.597528,0.236748,0.154925,,,,2.606249,0.222741,0.138626
446.3983,2.699919,0.11729,2.515176,0.097996,0.185747,2.521664,0.092265,0.180003,2.521645,0.092288,0.180019,2.597528,0.236748,0.157334,,,,2.608544,0.21944,0.137054
446.5981,2.702312,0.115621,2.515176,0.097996,0.187964,2.52323,0.090984,0.180768,2.523211,0.091007,0.180785,2.597528,0.236748,0.160161,,,,2.609738,0.217806,0.137883
446.7986,2.702312,0.115621,2.515176,0.097996,0.187964,2.52323,0.090984,0.180768,2.523211,0.091007,0.180785,2.597528,0.236748,0.160161,,,,2.609738,0.217806,0.137883
447.0082,2.702312,0.115621,2.515176,0.097996,0.187964,2.52323,0.090984,0.180768,2.523211,0.091007,0.180785,2.597528,0.236748,0.160161,,,,2.609738,0.217806,0.137883
447.2274,2.7038,0.114614,2.515176,0.097996,0.189355,2.52323,0.090984,0.18211,2.523211,0.091007,0.182126,2.597528,0.236748,0.161897,,,,2.609738,0.217806,0.139629
447.3984,2.705062,0.113779,2.515176,0.097996,0.190541,2.526169,0.088638,0.180652,2.526148,0.088658,0.18067,2.597528,0.236748,0.163355,,,,2.61199,0.214794,0.137355
447.6008,2.705062,0.113779,2.515176,0.097996,0.190541,2.526169,0.088638,0.180652,2.526148,0.088658,0.18067,2.597528,0.236748,0.163355,,,,2.61199,0.214794,0.137355
447.8072,2.70536,0.113585,2.515176,0.097996,0.190822,2.526169,0.088638,0.18092,2.526148,0.088658,0.180938,2.597528,0.236748,0.163698,,,,2.61199,0.214794,0.1377
448.0012,2.70536,0.113585,2.515176,0.097996,0.190822,2.526169,0.088638,0.18092,2.526148,0.088658,0.180938,2.597528,0.236748,0.163698,,,,2.61199,0.214794,0.1377
448.2016,2.70705,0.112501,2.515176,0.097996,0.192421,2.528855,0.08659,0.180069,2.527642,0.087518,0.181139,2.597528,0.236748,0.165627,,,,2.614073,0.212135,0.136278
448.4109,2.70705,0.112501,2.515176,0.097996,0.192421,2.528855,0.08659,0.180069,2.527642,0.087518,0.181139,2.597528,0.236748,0.165627,,,,2.614073,0.212135,0.136278
448.5986,2.707791,0.112036,2.532986,0.087093,0.176576,2.528855,0.08659,0.180736,2.527642,0.087518,0.18181,2.597528,0.236748,0.166466,,,,2.614073,0.212135,0.137124
448.839,2.707791,0.112036,2.532986,0.087093,0.176576,2.528855,0.08659,0.180736,2.527642,0.087518,0.18181,2.597528,0.236748,0.166466,,,,2.614073,0.212135,0.137124
449.0028,2.709536,0.110965,2.532986,0.087093,0.178157,2.532974,0.087047,0.178174,2.534305,0.086103,0.176985,2.597528,0.236748,0.168425,,,,2.616166,0.209581,0.135805
449.2,2.710346,0.11048,2.532986,0.087093,0.178895,2.532974,0.087047,0.178913,2.534305,0.086103,0.17772,2.597528,0.236748,0.169326,,,,2.616166,0.209581,0.136714
449.3985,2.711637,0.109722,2.532986,0.087093,0.180079,2.534227,0.086149,0.178969,2.535568,0.085219,0.177767,2.597528,0.236748,0.170753,,,,2.616166,0.209581,0.138154
449.5984,2.711637,0.109722,2.532986,0.087093,0.180079,2.534227,0.086149,0.178969,2.535568,0.085219,0.177767,2.597528,0.236748,0.170753,,,,2.616166,0.209581,0.138154
449.8013,2.711754,0.109655,2.532986,0.087093,0.180187,2.535419,0.085315,0.178007,2.536768,0.084397,0.1768,2.597528,0.236748,0.170881,,,,2.617169,0.208411,0.136744
449.9985,2.711754,0.109655,2.532986,0.087093,0.180187,2.535419,0.085315,0.178007,2.536768,0.084397,0.1768,2.597528,0.236748,0.170881,,,,2.617169,0.208411,0.136744
450.2197,2.711754,0.109655,2.532986,0.087093,0.180187,2.535419,0.085315,0.178007,2.536768,0.084397,0.1768,2.597528,0.236748,0.170881,,,,2.617169,0.208411,0.136744
450.4003,2.712351,0.109313,2.532986,0.087093,0.180736,2.535419,0.085315,0.178552,2.536768,0.084397,0.177342,2.597528,0.236748,0.171534,,,,2.617169,0.208411,0.137404
450.6028,2.713341,0.108755,2.532986,0.087093,0.181651,2.535419,0.085315,0.17946,2.53784,0.08368,0.177283,2.597528,0.236748,0.172611,,,,2.61887,0.206469,0.135915
450.8205,2.713662,0.108577,2.532986,0.087093,0.181949,2.535419,0.085315,0.179755,2.53784,0.08368,0.177576,2.597528,0.236748,0.172959,,,,2.61887,0.206469,0.136266
451.0077,2.714848,0.107932,2.532986,0.087093,0.183052,2.536483,0.084587,0.179886,2.53784,0.08368,0.178661,2.597528,0.236748,0.174234,,,,2.61887,0.206469,0.137555
451.1983,2.715975,0.107335,2.532986,0.087093,0.184106,2.539428,0.082646,0.178265,2.540805,0.08177,0.177026,2.597528,0.236748,0.175435,,,,2.619766,0.205489,0.137442
451.416,2.716429,0.1071,2.532986,0.087093,0.184531,2.539428,0.082646,0.178683,2.540805,0.08177,0.177442,2.597528,0.236748,0.175915,,,,2.621266,0.203882,0.135731
451.599,2.716429,0.1071,2.532986,0.087093,0.184531,2.539428,0.082646,0.178683,2.540805,0.08177,0.177442,2.597528,0.236748,0.175915,,,,2.621266,0.203882,0.135731
451.8445,2.716429,0.1071,2.532986,0.087093,0.184531,2.539428,0.082646,0.178683,2.540805,0.08177,0.177442,2.597528,0.236748,0.175915,,,,2.621266,0.203882,0.135731
451.9993,2.717099,0.106759,2.532986,0.087093,0.185161,2.540384,0.082049,0.178434,2.541768,0.081183,0.177187,2.597528,0.236748,0.176619,,,,2.621266,0.203882,0.136444
452.2047,2.717918,0.106351,2.532986,0.087093,0.185932,2.540384,0.082049,0.179189,2.542595,0.08069,0.177191,2.597528,0.236748,0.177474,,,,2.622053,0.203074,0.136182
452.3986,2.718157,0.106234,2.539878,0.080234,0.180165,2.540384,0.082049,0.17941,2.542595,0.08069,0.177411,2.597528,0.236748,0.177722,,,,2.622053,0.203074,0.136433
452.6005,2.719319,0.105679,2.539878,0.080234,0.181236,2.5399,0.080246,0.181213,2.539907,0.08023,0.181208,2.597528,0.236748,0.17892,,,,2.623446,0.201673,0.135671
452.7984,2.719319,0.105679,2.539878,0.080234,0.181236,2.5399,0.080246,0.181213,2.539907,0.08023,0.181208,2.597528,0.236748,0.17892,,,,2.623446,0.201673,0.135671
452.9983,2.719786,0.105462,2.539878,0.080234,0.181668,2.5399,0.080246,0.181645,2.539907,0.08023,0.18164,2.597528,0.236748,0.179397,,,,2.623446,0.201673,0.136155
453.2051,2.720504,0.105135,2.539878,0.080234,0.182334,2.541425,0.07938,0.180921,2.541433,0.079364,0.180916,2.597528,0.236748,0.180125,,,,2.624707,0.200454,0.13514
453.4088,2.72054,0.105119,2.539878,0.080234,0.182367,2.541425,0.07938,0.180954,2.541433,0.079364,0.180949,2.597528,0.236748,0.180161,,,,2.624707,0.200454,0.135177
453.6023,2.72072,0.105038,2.539878,0.080234,0.182534,2.542196,0.078962,0.180418,2.541433,0.079364,0.181116,2.597528,0.236748,0.180343,,,,2.624707,0.200454,0.135361
453.8395,2.72072,0.105038,2.539878,0.080234,0.182534,2.542196,0.078962,0.180418,2.541433,0.079364,0.181116,2.597528,0.236748,0.180343,,,,2.624707,0.200454,0.135361
453.9997,2.721212,0.104822,2.539878,0.080234,0.182992,2.542196,0.078962,0.180873,2.541433,0.079364,0.181572,2.597528,0.236748,0.180837,,,,2.624707,0.200454,0.135863
454.2093,2.721436,0.104725,2.539878,0.080234,0.183202,2.542813,0.078636,0.180518,2.542204,0.078947,0.181076,2.597528,0.236748,0.181062,,,,2.625731,0.199504,0.134695
454.4461,2.721738,0.104596,2.539878,0.080234,0.183484,2.542813,0.078636,0.180798,2.542204,0.078947,0.181357,2.597528,0.236748,0.181362,,,,2.625731,0.199504,0.135
454.5985,2.722341,0.104343,2.539878,0.080234,0.184049,2.543418,0.078323,0.180805,2.543407,0.078311,0.180818,2.597528,0.236748,0.181959,,,,2.626238,0.199051,0.134927
454.9358,2.722341,0.104343,2.539878,0.080234,0.184049,2.543418,0.078323,0.180805,2.543407,0.078311,0.180818,2.597528,0.236748,0.181959,,,,2.626238,0.199051,0.134927
455.0007,2.722341,0.104343,2.539878,0.080234,0.184049,2.543418,0.078323,0.180805,2.543407,0.078311,0.180818,2.597528,0.236748,0.181959,,,,2.626238,0.199051,0.134927
455.2149,2.722951,0.104096,2.539878,0.080234,0.184621,2.544545,0.077755,0.18034,2.543407,0.078311,0.181386,2.597528,0.236748,0.182558,,,,2.627188,0.198219,0.134275
455.4044,2.723224,0.103988,2.539878,0.080234,0.184878,2.544545,0.077755,0.180594,2.544535,0.077742,0.180606,2.597528,0.236748,0.182824,,,,2.627188,0.198219,0.134545
455.6018,2.723224,0.103988,2.539878,0.080234,0.184878,2.544545,0.077755,0.180594,2.544535,0.077742,0.180606,2.597528,0.236748,0.182824,,,,2.627188,0.198219,0.134545
455.8013,2.723246,0.103979,2.539878,0.080234,0.184899,2.544545,0.077755,0.180615,2.544535,0.077742,0.180627,2.597528,0.236748,0.182845,,,,2.627188,0.198219,0.134567
456.0134,2.723379,0.103927,2.539878,0.080234,0.185024,2.545052,0.077511,0.180274,2.544535,0.077742,0.180752,2.597528,0.236748,0.182975,,,,2.627188,0.198219,0.134698
456.2013,2.723379,0.103927,2.539878,0.080234,0.185024,2.545052,0.077511,0.180274,2.544535,0.077742,0.180752,2.597528,0.236748,0.182975,,,,2.627188,0.198219,0.134698
456.4042,2.723867,0.103741,2.539878,0.080234,0.185484,2.545535,0.077284,0.180284,2.545497,0.07728,0.180322,2.597528,0.236748,0.183445,,,,2.628005,0.197531,0.134112
456.6011,2.723867,0.103741,2.539878,0.080234,0.185484,2.545535,0.077284,0.180284,2.545497,0.07728,0.180322,2.597528,0.236748,0.183445,,,,2.628005,0.197531,0.134112
456.873,2.723867,0.103741,2.539878,0.080234,0.185484,2.545535,0.077284,0.180284,2.545497,0.07728,0.180322,2.597528,0.236748,0.183445,,,,2.628005,0.197531,0.134112
457.0022,2.724574,0.103482,2.539878,0.080234,0.186152,2.545535,0.077284,0.180945,2.545972,0.077062,0.180545,2.597528,0.236748,0.184121,,,,2.628411,0.197201,0.134279
457.2159,2.724574,0.103482,2.539878,0.080234,0.186152,2.545535,0.077284,0.180945,2.545972,0.077062,0.180545,2.597528,0.236748,0.184121,,,,2.628411,0.197201,0.134279
457.4043,2.724574,0.103482,2.539878,0.080234,0.186152,2.545535,0.077284,0.180945,2.545972,0.077062,0.180545,2.597528,0.236748,0.184121,,,,2.628411,0.197201,0.134279
457.6007,2.725047,0.103315,2.539878,0.080234,0.186602,2.546478,0.076857,0.180519,2.546819,0.076687,0.180206,2.597528,0.236748,0.184568,,,,2.629137,0.196627,0.133813
457.9494,2.725079,0.103304,2.539878,0.080234,0.186632,2.546478,0.076857,0.180549,2.546819,0.076687,0.180236,2.597528,0.236748,0.184598,,,,2.629137,0.196627,0.133843
457.9984,2.725111,0.103294,2.539878,0.080234,0.186662,2.546478,0.076857,0.180579,2.546819,0.076687,0.180266,2.597528,0.236748,0.184628,,,,2.629137,0.196627,0.133873
458.2001,2.72524,0.10325,2.539878,0.080234,0.186785,2.547251,0.076519,0.179985,2.546819,0.076687,0.180387,2.597528,0.236748,0.184749,,,,2.629472,0.19637,0.133577
458.4011,2.72524,0.10325,2.539878,0.080234,0.186785,2.547251,0.076519,0.179985,2.546819,0.076687,0.180387,2.597528,0.236748,0.184749,,,,2.629472,0.19637,0.133577
458.5997,2.725425,0.103188,2.539878,0.080234,0.186961,2.547251,0.076519,0.180158,2.546819,0.076687,0.180561,2.597528,0.236748,0.184921,,,,2.629472,0.19637,0.133753
458.8017,2.72557,0.10314,2.539878,0.080234,0.187099,2.547579,0.076383,0.179992,2.547208,0.076522,0.180338,2.597528,0.236748,0.185056,,,,2.629755,0.196156,0.133539
458.9986,2.725738,0.103086,2.55174,0.08154,0.175327,2.547579,0.076383,0.18015,2.547208,0.076522,0.180496,2.597528,0.236748,0.185212,,,,2.629755,0.196156,0.133697
459.2014,2.7259,0.103036,2.55174,0.08154,0.175481,2.547579,0.076383,0.180302,2.551713,0.08149,0.175514,2.597528,0.236748,0.18536,,,,2.629755,0.196156,0.133848
459.4004,2.725984,0.10301,2.55174,0.08154,0.175561,2.551718,0.081498,0.175589,2.551713,0.08149,0.175595,2.597528,0.236748,0.185436,,,,2.630111,0.195893,0.133487
459.5998,2.726146,0.102962,2.55174,0.08154,0.175716,2.551925,0.081419,0.175548,2.552127,0.081333,0.175358,2.597528,0.236748,0.185583,,,,2.630111,0.195893,0.133637
459.8042,2.726146,0.102962,2.55174,0.08154,0.175716,2.551925,0.081419,0.175548,2.552127,0.081333,0.175358,2.597528,0.236748,0.185583,,,,2.630111,0.195893,0.133637
460.0072,2.726172,0.102955,2.55174,0.08154,0.175742,2.551925,0.081419,0.175573,2.552127,0.081333,0.175383,2.597528,0.236748,0.185607,,,,2.630111,0.195893,0.133661
460.2021,2.726197,0.102948,2.55174,0.08154,0.175765,2.551925,0.081419,0.175596,2.552127,0.081333,0.175407,2.597528,0.236748,0.185629,,,,2.630111,0.195893,0.133684
460.4002,2.726197,0.102948,2.55174,0.08154,0.175765,2.551925,0.081419,0.175596,2.552127,0.081333,0.175407,2.597528,0.236748,0.185629,,,,2.630111,0.195893,0.133684
460.6077,2.726201,0.102947,2.55174,0.08154,0.175769,2.551925,0.081419,0.1756,2.552127,0.081333,0.17541,2.597528,0.236748,0.185633,,,,2.630111,0.195893,0.133687
460.9624,2.726201,0.102947,2.55174,0.08154,0.175769,2.551925,0.081419,0.1756,2.552127,0.081333,0.17541,2.597528,0.236748,0.185633,,,,2.630111,0.195893,0.133687
461.0056,2.726206,0.102946,2.55174,0.08154,0.175774,2.551925,0.081419,0.175606,2.552127,0.081333,0.175416,2.597528,0.236748,0.185637,,,,2.630111,0.195893,0.133692
461.2003,2.726206,0.102946,2.55174,0.08154,0.175774,2.551925,0.081419,0.175606,2.552127,0.081333,0.175416,2.597528,0.236748,0.185637,,,,2.630111,0.195893,0.133692
461.4042,2.726213,0.102945,2.55174,0.08154,0.175781,2.551925,0.081419,0.175612,2.552127,0.081333,0.175422,2.597528,0.236748,0.185642,,,,2.630111,0.195893,0.133697
461.6015,2.726215,0.102945,2.55174,0.08154,0.175783,2.551925,0.081419,0.175615,2.552127,0.081333,0.175425,2.597528,0.236748,0.185644,,,,2.630111,0.195893,0.133699
461.9646,2.726215,0.102945,2.55174,0.08154,0.175783,2.551925,0.081419,0.175615,2.552127,0.081333,0.175425,2.597528,0.236748,0.185644,,,,2.630111,0.195893,0.133699
462.0049,2.726215,0.102945,2.55174,0.08154,0.175783,2.551925,0.081419,0.175615,2.552127,0.081333,0.175425,2.597528,0.236748,0.185644,,,,2.630111,0.195893,0.133699
462.2017,2.726047,0.102991,2.55174,0.08154,0.175622,2.551925,0.081419,0.175453,2.552127,0.081333,0.175263,2.597528,0.236748,0.185494,,,,2.630111,0.195893,0.133546
462.3988,2.726047,0.102991,2.55174,0.08154,0.175622,2.551925,0.081419,0.175453,2.552127,0.081333,0.175263,2.597528,0.236748,0.185494,,,,2.630111,0.195893,0.133546
462.6009,2.726025,0.102997,2.55174,0.08154,0.175601,2.551925,0.081419,0.175433,2.552127,0.081333,0.175243,2.597528,0.236748,0.185474,,,,2.630111,0.195893,0.133526
462.8431,2.726025,0.102997,2.55174,0.08154,0.175601,2.551925,0.081419,0.175433,2.552127,0.081333,0.175243,2.597528,0.236748,0.185474,,,,2.630111,0.195893,0.133526
463.0045,2.726025,0.102997,2.55174,0.08154,0.175601,2.551925,0.081419,0.175433,2.552127,0.081333,0.175243,2.597528,0.236748,0.185474,,,,2.630111,0.195893,0.133526
463.1984,2.725984,0.103008,2.55174,0.08154,0.175561,2.551925,0.081419,0.175393,2.552127,0.081333,0.175203,2.597528,0.236748,0.185438,,,,2.630111,0.195893,0.133489
463.4004,2.725884,0.103034,2.55174,0.08154,0.175465,2.551925,0.081419,0.175297,2.552127,0.081333,0.175107,2.597528,0.236748,0.18535,,,,2.630111,0.195893,0.133399
463.5995,2.725729,0.103072,2.55174,0.08154,0.175317,2.551925,0.081419,0.175148,2.552127,0.081333,0.174958,2.70493,0.120201,0.026945,,,,2.704826,0.120301,0.027089
463.9627,2.725729,0.103072,2.55174,0.08154,0.175317,2.551925,0.081419,0.175148,2.552127,0.081333,0.174958,2.70493,0.120201,0.026945,,,,2.704826,0.120301,0.027089
464.0021,2.725679,0.103084,2.55174,0.08154,0.175268,2.551925,0.081419,0.1751,2.552127,0.081333,0.17491,2.70493,0.120201,0.026899,,,,2.704826,0.120301,0.027042
464.2185,2.725616,0.103099,2.55174,0.08154,0.175207,2.551925,0.081419,0.175039,2.552127,0.081333,0.174849,2.70493,0.120201,0.02684,,,,2.704826,0.120301,0.026984
464.4014,2.725546,0.103115,2.55174,0.08154,0.17514,2.551925,0.081419,0.174972,2.552127,0.081333,0.174782,2.70493,0.120201,0.026776,,,,2.704826,0.120301,0.02692
464.602,2.725538,0.103117,2.55174,0.08154,0.175132,2.551925,0.081419,0.174964,2.552127,0.081333,0.174774,2.70493,0.120201,0.026769,,,,2.704826,0.120301,0.026912
464.9432,2.725534,0.103118,2.55174,0.08154,0.175128,2.551925,0.081419,0.17496,2.552127,0.081333,0.17477,2.70493,0.120201,0.026765,,,,2.704826,0.120301,0.026909
464.9984,2.725493,0.103127,2.55174,0.08154,0.175088,2.551925,0.081419,0.17492,2.552127,0.081333,0.17473,2.70493,0.120201,0.026727,,,,2.704826,0.120301,0.026871
465.2078,2.725493,0.103127,2.55174,0.08154,0.175088,2.551925,0.081419,0.17492,2.552127,0.081333,0.17473,2.70493,0.120201,0.026727,,,,2.704826,0.120301,0.026871
465.4037,2.725307,0.103167,2.55174,0.08154,0.174909,2.551925,0.081419,0.17474,2.552127,0.081333,0.174551,2.70493,0.120201,0.026559,,,,2.704826,0.120301,0.026702
465.5998,2.725272,0.103175,2.55174,0.08154,0.174876,2.551925,0.081419,0.174707,2.552127,0.081333,0.174518,2.70493,0.120201,0.026528,,,,2.704826,0.120301,0.026671
465.8898,2.725272,0.103175,2.55174,0.08154,0.174876,2.551925,0.081419,0.174707,2.552127,0.081333,0.174518,2.70493,0.120201,0.026528,,,,2.704826,0.120301,0.026671
466.0046,2.725079,0.103215,2.559592,0.077888,0.167413,2.551925,0.081419,0.17452,2.552127,0.081333,0.174331,2.70493,0.120201,0.026353,,,,2.704826,0.120301,0.026497
466.2063,2.724963,0.103238,2.559592,0.077888,0.167302,2.551925,0.081419,0.174408,2.55952,0.077924,0.167369,2.70493,0.120201,0.02625,,,,2.704826,0.120301,0.026394
466.4025,2.72489,0.103253,2.559592,0.077888,0.167232,2.551925,0.081419,0.174337,2.55952,0.077924,0.167298,2.70493,0.120201,0.026184,,,,2.704826,0.120301,0.026328
466.6005,2.724879,0.103255,2.559592,0.077888,0.167222,2.551925,0.081419,0.174327,2.55952,0.077924,0.167288,2.70493,0.120201,0.026175,,,,2.704826,0.120301,0.026319
466.9184,2.724753,0.10328,2.559592,0.077888,0.167101,2.551925,0.081419,0.174205,2.55952,0.077924,0.167167,2.70493,0.120201,0.026063,,,,2.704826,0.120301,0.026207
467.0037,2.724426,0.103342,2.559592,0.077888,0.166787,2.559253,0.077988,0.167108,2.559254,0.077985,0.167107,2.70493,0.120201,0.025774,,,,2.704826,0.120301,0.025918
467.1995,2.724304,0.103364,2.559592,0.077888,0.16667,2.559253,0.077988,0.166991,2.559254,0.077985,0.16699,2.70493,0.120201,0.025668,,,,2.704826,0.120301,0.025812
467.4078,2.724304,0.103364,2.559592,0.077888,0.16667,2.559253,0.077988,0.166991,2.559254,0.077985,0.16699,2.70493,0.120201,0.025668,,,,2.704826,0.120301,0.025812
467.6018,2.724296,0.103365,2.559592,0.077888,0.166663,2.559253,0.077988,0.166984,2.559254,0.077985,0.166983,2.70493,0.120201,0.025661,,,,2.704826,0.120301,0.025805
467.8319,2.724296,0.103365,2.559592,0.077888,0.166663,2.559253,0.077988,0.166984,2.559254,0.077985,0.166983,2.70493,0.120201,0.025661,,,,2.704826,0.120301,0.025805
467.9984,2.724296,0.103365,2.559592,0.077888,0.166663,2.559253,0.077988,0.166984,2.559254,0.077985,0.166983,2.70493,0.120201,0.025661,,,,2.704826,0.120301,0.025805
468.1984,2.724296,0.103365,2.559592,0.077888,0.166663,2.559253,0.077988,0.166984,2.559254,0.077985,0.166983,2.70493,0.120201,0.025661,,,,2.704826,0.120301,0.025805
468.4364,2.724296,0.103365,2.559592,0.077888,0.166663,2.559253,0.077988,0.166984,2.559254,0.077985,0.166983,2.70493,0.120201,0.025661,,,,2.704826,0.120301,0.025805
468.604,2.724296,0.103365,2.559592,0.077888,0.166663,2.559253,0.077988,0.166984,2.559254,0.077985,0.166983,2.70493,0.120201,0.025661,,,,2.704826,0.120301,0.025805
468.8442,2.724296,0.103365,2.559592,0.077888,0.166663,2.559253,0.077988,0.166984,2.559254,0.077985,0.166983,2.70493,0.120201,0.025661,,,,2.704826,0.120301,0.025805
469.0087,2.724296,0.103365,2.559592,0.077888,0.166663,2.559253,0.077988,0.166984,2.559254,0.077985,0.166983,2.70493,0.120201,0.025661,,,,2.704826,0.120301,0.025805
469.2018,2.724296,0.103365,2.559592,0.077888,0.166663,2.559253,0.077988,0.166984,2.559254,0.077985,0.166983,2.70493,0.120201,0.025661,,,,2.704826,0.120301,0.025805
469.3984,2.724296,0.103365,2.559592,0.077888,0.166663,2.559253,0.077988,0.166984,2.559254,0.077985,0.166983,2.70493,0.120201,0.025661,,,,2.704826,0.120301,0.025805
469.5988,2.724296,0.103365,2.559592,0.077888,0.166663,2.559253,0.077988,0.166984,2.559254,0.077985,0.166983,2.70493,0.120201,0.025661,,,,2.704826,0.120301,0.025805
469.9666,2.724296,0.103365,2.559592,0.077888,0.166663,2.559253,0.077988,0.166984,2.559254,0.077985,0.166983,2.70493,0.120201,0.025661,,,,2.704826,0.120301,0.025805
469.9987,2.724296,0.103365,2.559592,0.077888,0.166663,2.559253,0.077988,0.166984,2.559254,0.077985,0.166983,2.70493,0.120201,0.025661,,,,2.704826,0.120301,0.025805
470.2028,2.724296,0.103365,2.559592,0.077888,0.166663,2.559253,0.077988,0.166984,2.559254,0.077985,0.166983,2.70493,0.120201,0.025661,,,,2.704826,0.120301,0.025805
470.4007,2.724296,0.103365,2.559592,0.077888,0.166663,2.559253,0.077988,0.166984,2.559254,0.077985,0.166983,2.70493,0.120201,0.025661,,,,2.704826,0.120301,0.025805
470.5983,2.724296,0.103365,2.559592,0.077888,0.166663,2.559253,0.077988,0.166984,2.559254,0.077985,0.166983,2.70493,0.120201,0.025661,,,,2.704826,0.120301,0.025805
470.8505,2.724296,0.103365,2.559592,0.077888,0.166663,2.559253,0.077988,0.166984,2.559254,0.077985,0.166983,2.70493,0.120201,0.025661,,,,2.704826,0.120301,0.025805
470.9992,2.724296,0.103365,2.559592,0.077888,0.166663,2.559253,0.077988,0.166984,2.559254,0.077985,0.166983,2.70493,0.120201,0.025661,,,,2.704826,0.120301,0.025805
471.2019,2.724296,0.103365,2.559592,0.077888,0.166663,2.559253,0.077988,0.166984,2.559254,0.077985,0.166983,2.70493,0.120201,0.025661,,,,2.704826,0.120301,0.025805
471.4015,2.724296,0.103365,2.559592,0.077888,0.166663,2.559253,0.077988,0.166984,2.559254,0.077985,0.166983,2.70493,0.120201,0.025661,,,,2.704826,0.120301,0.025805
471.6,2.724296,0.103365,2.559592,0.077888,0.166663,2.559253,0.077988,0.166984,2.559254,0.077985,0.166983,2.70493,0.120201,0.025661,,,,2.704826,0.120301,0.025805
471.805,2.724296,0.103365,2.559592,0.077888,0.166663,2.559253,0.077988,0.166984,2.559254,0.077985,0.166983,2.70493,0.120201,0.025661,,,,2.704826,0.120301,0.025805
471.9982,2.724296,0.103365,2.559592,0.077888,0.166663,2.559253,0.077988,0.166984,2.559254,0.077985,0.166983,2.70493,0.120201,0.025661,,,,2.704826,0.120301,0.025805
472.1994,2.724296,0.103365,2.559592,0.077888,0.166663,2.559253,0.077988,0.166984,2.559254,0.077985,0.166983,2.70493,0.120201,0.025661,,,,2.704826,0.120301,0.025805
472.4064,2.724296,0.103365,2.559592,0.077888,0.166663,2.559253,0.077988,0.166984,2.559254,0.077985,0.166983,2.70493,0.120201,0.025661,,,,2.704826,0.120301,0.025805
472.6021,2.724296,0.103365,2.559592,0.077888,0.166663,2.559253,0.077988,0.166984,2.559254,0.077985,0.166983,2.70493,0.120201,0.025661,,,,2.704826,0.120301,0.025805
472.8234,2.724296,0.103365,2.559592,0.077888,0.166663,2.559253,0.077988,0.166984,2.559254,0.077985,0.166983,2.70493,0.120201,0.025661,,,,2.704826,0.120301,0.025805
473.0046,2.724296,0.103365,2.559592,0.077888,0.166663,2.559253,0.077988,0.166984,2.559254,0.077985,0.166983,2.70493,0.120201,0.025661,,,,2.704826,0.120301,0.025805
473.1982,2.724296,0.103365,2.559592,0.077888,0.166663,2.559253,0.077988,0.166984,2.559254,0.077985,0.166983,2.70493,0.120201,0.025661,,,,2.704826,0.120301,0.025805
473.42,2.724296,0.103365,2.559592,0.077888,0.166663,2.559253,0.077988,0.166984,2.559254,0.077985,0.166983,2.70493,0.120201,0.025661,,,,2.704826,0.120301,0.025805
473.609,2.724296,0.103365,2.559592,0.077888,0.166663,2.559253,0.077988,0.166984,2.559254,0.077985,0.166983,2.70493,0.120201,0.025661,,,,2.704826,0.120301,0.025805
473.8122,2.724296,0.103365,2.559592,0.077888,0.166663,2.559253,0.077988,0.166984,2.559254,0.077985,0.166983,2.70493,0.120201,0.025661,,,,2.704826,0.120301,0.025805
474.01,2.724296,0.103365,2.559592,0.077888,0.166663,2.559253,0.077988,0.166984,2.559254,0.077985,0.166983,2.70493,0.120201,0.025661,,,,2.704826,0.120301,0.025805
474.2001,2.724296,0.103365,2.559592,0.077888,0.166663,2.559253,0.077988,0.166984,2.559254,0.077985,0.166983,2.70493,0.120201,0.025661,,,,2.704826,0.120301,0.025805
474.4069,2.724296,0.103365,2.559592,0.077888,0.166663,2.559253,0.077988,0.166984,2.559254,0.077985,0.166983,2.70493,0.120201,0.025661,,,,2.704826,0.120301,0.025805
474.6117,2.724296,0.103365,2.559592,0.077888,0.166663,2.559253,0.077988,0.166984,2.559254,0.077985,0.166983,2.70493,0.120201,0.025661,,,,2.704826,0.120301,0.025805
475.0055,2.724296,0.103365,2.559592,0.077888,0.166663,2.559253,0.077988,0.166984,2.559254,0.077985,0.166983,2.70493,0.120201,0.025661,,,,2.704826,0.120301,0.025805
475.1986,2.724296,0.103365,2.559592,0.077888,0.166663,2.559253,0.077988,0.166984,2.559254,0.077985,0.166983,2.70493,0.120201,0.025661,,,,2.704826,0.120301,0.025805
475.4037,2.724296,0.103365,2.559592,0.077888,0.166663,2.559253,0.077988,0.166984,2.559254,0.077985,0.166983,2.70493,0.120201,0.025661,,,,2.704826,0.120301,0.025805
475.6003,2.724296,0.103365,2.559592,0.077888,0.166663,2.559253,0.077988,0.166984,2.559254,0.077985,0.166983,2.70493,0.120201,0.025661,,,,2.704826,0.120301,0.025805
475.8413,2.724296,0.103365,2.559592,0.077888,0.166663,2.559253,0.077988,0.166984,2.559254,0.077985,0.166983,2.70493,0.120201,0.025661,,,,2.704826,0.120301,0.025805
475.9983,2.724296,0.103365,2.559592,0.077888,0.166663,2.559253,0.077988,0.166984,2.559254,0.077985,0.166983,2.70493,0.120201,0.025661,,,,2.704826,0.120301,0.025805
476.2183,2.724296,0.103365,2.559592,0.077888,0.166663,2.559253,0.077988,0.166984,2.559254,0.077985,0.166983,2.70493,0.120201,0.025661,,,,2.704826,0.120301,0.025805
476.4001,2.724296,0.103365,2.559592,0.077888,0.166663,2.559253,0.077988,0.166984,2.559254,0.077985,0.166983,2.70493,0.120201,0.025661,,,,2.704826,0.120301,0.025805
476.5984,2.724296,0.103365,2.559592,0.077888,0.166663,2.559253,0.077988,0.166984,2.559254,0.077985,0.166983,2.70493,0.120201,0.025661,,,,2.704826,0.120301,0.025805
476.7983,2.724296,0.103365,2.559592,0.077888,0.166663,2.559253,0.077988,0.166984,2.559254,0.077985,0.166983,2.70493,0.120201,0.025661,,,,2.704826,0.120301,0.025805
476.9984,2.724296,0.103365,2.559592,0.077888,0.166663,2.559253,0.077988,0.166984,2.559254,0.077985,0.166983,2.70493,0.120201,0.025661,,,,2.704826,0.120301,0.025805
477.2012,2.724296,0.103365,2.559592,0.077888,0.166663,2.559253,0.077988,0.166984,2.559254,0.077985,0.166983,2.70493,0.120201,0.025661,,,,2.704826,0.120301,0.025805
477.3983,2.724296,0.103365,2.559592,0.077888,0.166663,2.559253,0.077988,0.166984,2.559254,0.077985,0.166983,2.70493,0.120201,0.025661,,,,2.704826,0.120301,0.025805
477.6011,2.724296,0.103365,2.559592,0.077888,0.166663,2.559253,0.077988,0.166984,2.559254,0.077985,0.166983,2.70493,0.120201,0.025661,,,,2.704826,0.120301,0.025805
477.954,2.724296,0.103365,2.559592,0.077888,0.166663,2.559253,0.077988,0.166984,2.559254,0.077985,0.166983,2.70493,0.120201,0.025661,,,,2.704826,0.120301,0.025805
477.9984,2.724296,0.103365,2.559592,0.077888,0.166663,2.559253,0.077988,0.166984,2.559254,0.077985,0.166983,2.70493,0.120201,0.025661,,,,2.704826,0.120301,0.025805
478.1991,2.724296,0.103365,2.559592,0.077888,0.166663,2.559253,0.077988,0.166984,2.559254,0.077985,0.166983,2.70493,0.120201,0.025661,,,,2.704826,0.120301,0.025805
478.3984,2.724296,0.103365,2.559592,0.077888,0.166663,2.559253,0.077988,0.166984,2.559254,0.077985,0.166983,2.70493,0.120201,0.025661,,,,2.704826,0.120301,0.025805
478.5984,2.724296,0.103365,2.559592,0.077888,0.166663,2.559253,0.077988,0.166984,2.559254,0.077985,0.166983,2.70493,0.120201,0.025661,,,,2.704826,0.120301,0.025805
478.7985,2.724296,0.103365,2.559592,0.077888,0.166663,2.559253,0.077988,0.166984,2.559254,0.077985,0.166983,2.70493,0.120201,0.025661,,,,2.704826,0.120301,0.025805
478.9985,2.724296,0.103365,2.559592,0.077888,0.166663,2.559253,0.077988,0.166984,2.559254,0.077985,0.166983,2.70493,0.120201,0.025661,,,,2.704826,0.120301,0.025805
479.2,2.724296,0.103365,2.559592,0.077888,0.166663,2.559253,0.077988,0.166984,2.559254,0.077985,0.166983,2.70493,0.120201,0.025661,,,,2.704826,0.120301,0.025805
479.4009,2.724296,0.103365,2.559592,0.077888,0.166663,2.559253,0.077988,0.166984,2.559254,0.077985,0.166983,2.70493,0.120201,0.025661,,,,2.704826,0.120301,0.025805
479.6019,2.724296,0.103365,2.559592,0.077888,0.166663,2.559253,0.077988,0.166984,2.559254,0.077985,0.166983,2.70493,0.120201,0.025661,,,,2.704826,0.120301,0.025805
479.7983,2.724296,0.103365,2.559592,0.077888,0.166663,2.559253,0.077988,0.166984,2.559254,0.077985,0.166983,2.70493,0.120201,0.025661,,,,2.704826,0.120301,0.025805
480.0026,2.724296,0.103365,2.559592,0.077888,0.166663,2.559253,0.077988,0.166984,2.559254,0.077985,0.166983,2.70493,0.120201,0.025661,,,,2.704826,0.120301,0.025805
480.2016,2.724296,0.103365,2.559592,0.077888,0.166663,2.559253,0.077988,0.166984,2.559254,0.077985,0.166983,2.70493,0.120201,0.025661,,,,2.704826,0.120301,0.025805
480.4001,2.724296,0.103365,2.559592,0.077888,0.166663,2.559253,0.077988,0.166984,2.559254,0.077985,0.166983,2.70493,0.120201,0.025661,,,,2.704826,0.120301,0.025805
480.6095,2.724296,0.103365,2.559592,0.077888,0.166663,2.559253,0.077988,0.166984,2.559254,0.077985,0.166983,2.70493,0.120201,0.025661,,,,2.704826,0.120301,0.025805
480.9471,2.724296,0.103365,2.559592,0.077888,0.166663,2.559253,0.077988,0.166984,2.559254,0.077985,0.166983,2.70493,0.120201,0.025661,,,,2.704826,0.120301,0.025805
481.0109,2.724296,0.103365,2.559592,0.077888,0.166663,2.559253,0.077988,0.166984,2.559254,0.077985,0.166983,2.70493,0.120201,0.025661,,,,2.704826,0.120301,0.025805
481.202,2.724296,0.103365,2.559592,0.077888,0.166663,2.559253,0.077988,0.166984,2.559254,0.077985,0.166983,2.70493,0.120201,0.025661,,,,2.704826,0.120301,0.025805
481.4071,2.724296,0.103365,2.559592,0.077888,0.166663,2.559253,0.077988,0.166984,2.559254,0.077985,0.166983,2.70493,0.120201,0.025661,,,,2.704826,0.120301,0.025805
481.6157,2.724296,0.103365,2.559592,0.077888,0.166663,2.559253,0.077988,0.166984,2.559254,0.077985,0.166983,2.70493,0.120201,0.025661,,,,2.704826,0.120301,0.025805
481.8,2.724296,0.103365,2.559592,0.077888,0.166663,2.559253,0.077988,0.166984,2.559254,0.077985,0.166983,2.70493,0.120201,0.025661,,,,2.704826,0.120301,0.025805
482.0055,2.724296,0.103365,2.559592,0.077888,0.166663,2.559253,0.077988,0.166984,2.559254,0.077985,0.166983,2.70493,0.120201,0.025661,,,,2.704826,0.120301,0.025805
482.2051,2.724296,0.103365,2.559592,0.077888,0.166663,2.559253,0.077988,0.166984,2.559254,0.077985,0.166983,2.70493,0.120201,0.025661,,,,2.704826,0.120301,0.025805
482.4018,2.724296,0.103365,2.559592,0.077888,0.166663,2.559253,0.077988,0.166984,2.559254,0.077985,0.166983,2.70493,0.120201,0.025661,,,,2.704826,0.120301,0.025805
482.5986,2.724296,0.103365,2.559592,0.077888,0.166663,2.559253,0.077988,0.166984,2.559254,0.077985,0.166983,2.70493,0.120201,0.025661,,,,2.704826,0.120301,0.025805
482.7997,2.724296,0.103365,2.559592,0.077888,0.166663,2.559253,0.077988,0.166984,2.559254,0.077985,0.166983,2.714758,0.115899,0.01575,,,,2.704826,0.120301,0.025805
482.9985,2.724296,0.103365,2.559592,0.077888,0.166663,2.559253,0.077988,0.166984,2.559254,0.077985,0.166983,2.714758,0.115899,0.01575,,,,2.714775,0.115889,0.015732
483.1986,2.724296,0.103365,2.559592,0.077888,0.166663,2.559253,0.077988,0.166984,2.559254,0.077985,0.166983,2.714758,0.115899,0.01575,,,,2.714775,0.115889,0.015732
483.4041,2.724296,0.103365,2.559592,0.077888,0.166663,2.559253,0.077988,0.166984,2.559254,0.077985,0.166983,2.714758,0.115899,0.01575,,,,2.714775,0.115889,0.015732
483.5987,2.724296,0.103365,2.559592,0.077888,0.166663,2.559253,0.077988,0.166984,2.559254,0.077985,0.166983,2.714758,0.115899,0.01575,,,,2.714775,0.115889,0.015732
483.8637,2.724296,0.103365,2.559592,0.077888,0.166663,2.559253,0.077988,0.166984,2.559254,0.077985,0.166983,2.714758,0.115899,0.01575,,,,2.714775,0.115889,0.015732
483.9992,2.724296,0.103365,2.559592,0.077888,0.166663,2.559253,0.077988,0.166984,2.559254,0.077985,0.166983,2.714758,0.115899,0.01575,,,,2.714775,0.115889,0.015732
484.1985,2.724296,0.103365,2.559592,0.077888,0.166663,2.559253,0.077988,0.166984,2.559254,0.077985,0.166983,2.714758,0.115899,0.01575,,,,2.714775,0.115889,0.015732
484.3993,2.724296,0.103365,2.559592,0.077888,0.166663,2.559253,0.077988,0.166984,2.559254,0.077985,0.166983,2.714758,0.115899,0.01575,,,,2.714775,0.115889,0.015732
484.5983,2.724296,0.103365,2.559592,0.077888,0.166663,2.559253,0.077988,0.166984,2.559254,0.077985,0.166983,2.714758,0.115899,0.01575,,,,2.714775,0.115889,0.015732
484.8338,2.724296,0.103365,2.559592,0.077888,0.166663,2.559253,0.077988,0.166984,2.559254,0.077985,0.166983,2.714758,0.115899,0.01575,,,,2.714775,0.115889,0.015732
484.9984,2.724296,0.103365,2.559592,0.077888,0.166663,2.559253,0.077988,0.166984,2.559254,0.077985,0.166983,2.714758,0.115899,0.01575,,,,2.714775,0.115889,0.015732
485.2078,2.724296,0.103365,2.559592,0.077888,0.166663,2.559253,0.077988,0.166984,2.559254,0.077985,0.166983,2.714758,0.115899,0.01575,,,,2.714775,0.115889,0.015732
485.3987,2.724296,0.103365,2.559592,0.077888,0.166663,2.559253,0.077988,0.166984,2.559254,0.077985,0.166983,2.714758,0.115899,0.01575,,,,2.714775,0.115889,0.015732
485.5997,2.724296,0.103365,2.559592,0.077888,0.166663,2.559253,0.077988,0.166984,2.559254,0.077985,0.166983,2.714758,0.115899,0.01575,,,,2.714775,0.115889,0.015732
485.9664,2.724296,0.103365,2.559592,0.077888,0.166663,2.559253,0.077988,0.166984,2.559254,0.077985,0.166983,2.714758,0.115899,0.01575,,,,2.714775,0.115889,0.015732
486.014,2.724296,0.103365,2.559592,0.077888,0.166663,2.559253,0.077988,0.166984,2.559254,0.077985,0.166983,2.714758,0.115899,0.01575,,,,2.714775,0.115889,0.015732
486.2013,2.724296,0.103365,2.559592,0.077888,0.166663,2.559253,0.077988,0.166984,2.559254,0.077985,0.166983,2.714758,0.115899,0.01575,,,,2.714775,0.115889,0.015732
486.4049,2.724296,0.103365,2.559592,0.077888,0.166663,2.559253,0.077988,0.166984,2.559254,0.077985,0.166983,2.714758,0.115899,0.01575,,,,2.714775,0.115889,0.015732
486.612,2.724296,0.103365,2.559592,0.077888,0.166663,2.559253,0.077988,0.166984,2.559254,0.077985,0.166983,2.714758,0.115899,0.01575,,,,2.714775,0.115889,0.015732
486.8869,2.724296,0.103365,2.559592,0.077888,0.166663,2.559253,0.077988,0.166984,2.559254,0.077985,0.166983,2.714758,0.115899,0.01575,,,,2.714775,0.115889,0.015732
486.9985,2.724296,0.103365,2.559592,0.077888,0.166663,2.559253,0.077988,0.166984,2.559254,0.077985,0.166983,2.714758,0.115899,0.01575,,,,2.714775,0.115889,0.015732
487.2213,2.724296,0.103365,2.559592,0.077888,0.166663,2.559253,0.077988,0.166984,2.559254,0.077985,0.166983,2.714758,0.115899,0.01575,,,,2.714775,0.115889,0.015732
487.399,2.724296,0.103365,2.559592,0.077888,0.166663,2.559253,0.077988,0.166984,2.559254,0.077985,0.166983,2.714758,0.115899,0.01575,,,,2.714775,0.115889,0.015732
487.6186,2.724296,0.103365,2.559592,0.077888,0.166663,2.559253,0.077988,0.166984,2.559254,0.077985,0.166983,2.714758,0.115899,0.01575,,,,2.714775,0.115889,0.015732
487.9906,2.724296,0.103365,2.559592,0.077888,0.166663,2.559253,0.077988,0.166984,2.559254,0.077985,0.166983,2.714758,0.115899,0.01575,,,,2.714775,0.115889,0.015732
487.9991,2.724296,0.103365,2.559592,0.077888,0.166663,2.559253,0.077988,0.166984,2.559254,0.077985,0.166983,2.714758,0.115899,0.01575,,,,2.714775,0.115889,0.015732
488.233,2.724296,0.103365,2.559592,0.077888,0.166663,2.559253,0.077988,0.166984,2.559254,0.077985,0.166983,2.714758,0.115899,0.01575,,,,2.714775,0.115889,0.015732
488.4049,2.724296,0.103365,2.559592,0.077888,0.166663,2.559253,0.077988,0.166984,2.559254,0.077985,0.166983,2.714758,0.115899,0.01575,,,,2.714775,0.115889,0.015732
488.6049,2.724296,0.103365,2.559592,0.077888,0.166663,2.559253,0.077988,0.166984,2.559254,0.077985,0.166983,2.714758,0.115899,0.01575,,,,2.714775,0.115889,0.015732
488.8278,2.724296,0.103365,2.559592,0.077888,0.166663,2.559253,0.077988,0.166984,2.559254,0.077985,0.166983,2.714758,0.115899,0.01575,,,,2.714775,0.115889,0.015732
488.999,2.724296,0.103365,2.559592,0.077888,0.166663,2.559253,0.077988,0.166984,2.559254,0.077985,0.166983,2.714758,0.115899,0.01575,,,,2.714775,0.115889,0.015732
489.1987,2.724296,0.103365,2.559592,0.077888,0.166663,2.559253,0.077988,0.166984,2.559254,0.077985,0.166983,2.714758,0.115899,0.01575,,,,2.714775,0.115889,0.015732
489.3984,2.724296,0.103365,2.559592,0.077888,0.166663,2.559253,0.077988,0.166984,2.559254,0.077985,0.166983,2.714758,0.115899,0.01575,,,,2.714775,0.115889,0.015732
489.6014,2.724296,0.103365,2.559592,0.077888,0.166663,2.559253,0.077988,0.166984,2.559254,0.077985,0.166983,2.714758,0.115899,0.01575,,,,2.714775,0.115889,0.015732
489.799,2.724296,0.103365,2.559592,0.077888,0.166663,2.559253,0.077988,0.166984,2.559254,0.077985,0.166983,2.714758,0.115899,0.01575,,,,2.714775,0.115889,0.015732
489.9989,2.724296,0.103365,2.559592,0.077888,0.166663,2.559253,0.077988,0.166984,2.559254,0.077985,0.166983,2.714758,0.115899,0.01575,,,,2.714775,0.115889,0.015732
490.1991,2.724296,0.103365,2.559592,0.077888,0.166663,2.559253,0.077988,0.166984,2.559254,0.077985,0.166983,2.714758,0.115899,0.01575,,,,2.714775,0.115889,0.015732
490.4037,2.724296,0.103365,2.559592,0.077888,0.166663,2.559253,0.077988,0.166984,2.559254,0.077985,0.166983,2.714758,0.115899,0.01575,,,,2.714775,0.115889,0.015732
490.6398,2.724296,0.103365,2.559592,0.077888,0.166663,2.559253,0.077988,0.166984,2.559254,0.077985,0.166983,2.714758,0.115899,0.01575,,,,2.714775,0.115889,0.015732
490.9648,2.724296,0.103365,2.559592,0.077888,0.166663,2.559253,0.077988,0.166984,2.559254,0.077985,0.166983,2.714758,0.115899,0.01575,,,,2.714775,0.115889,0.015732
490.9984,2.724296,0.103365,2.559592,0.077888,0.166663,2.559253,0.077988,0.166984,2.559254,0.077985,0.166983,2.714758,0.115899,0.01575,,,,2.714775,0.115889,0.015732
491.2225,2.724296,0.103365,2.559592,0.077888,0.166663,2.559253,0.077988,0.166984,2.559254,0.077985,0.166983,2.714758,0.115899,0.01575,,,,2.714775,0.115889,0.015732
491.4036,2.724296,0.103365,2.559592,0.077888,0.166663,2.559253,0.077988,0.166984,2.559254,0.077985,0.166983,2.714758,0.115899,0.01575,,,,2.714775,0.115889,0.015732
491.6107,2.724296,0.103365,2.559592,0.077888,0.166663,2.559253,0.077988,0.166984,2.559254,0.077985,0.166983,2.714758,0.115899,0.01575,,,,2.714775,0.115889,0.015732
491.8082,2.724296,0.103365,2.559592,0.077888,0.166663,2.559253,0.077988,0.166984,2.559254,0.077985,0.166983,2.714758,0.115899,0.01575,,,,2.714775,0.115889,0.015732
491.9988,2.724296,0.103365,2.559592,0.077888,0.166663,2.559253,0.077988,0.166984,2.559254,0.077985,0.166983,2.714758,0.115899,0.01575,,,,2.714775,0.115889,0.015732
492.2106,2.724296,0.103365,2.559592,0.077888,0.166663,2.559253,0.077988,0.166984,2.559254,0.077985,0.166983,2.714758,0.115899,0.01575,,,,2.714775,0.115889,0.015732
492.3991,2.724296,0.103365,2.559592,0.077888,0.166663,2.559253,0.077988,0.166984,2.559254,0.077985,0.166983,2.714758,0.115899,0.01575,,,,2.714775,0.115889,0.015732
492.5988,2.724296,0.103365,2.559592,0.077888,0.166663,2.559253,0.077988,0.166984,2.559254,0.077985,0.166983,2.714758,0.115899,0.01575,,,,2.714775,0.115889,0.015732
492.7986,2.724296,0.103365,2.559592,0.077888,0.166663,2.559253,0.077988,0.166984,2.559254,0.077985,0.166983,2.714758,0.115899,0.01575,,,,2.714775,0.115889,0.015732
493.0212,2.724296,0.103365,2.559592,0.077888,0.166663,2.559253,0.077988,0.166984,2.559254,0.077985,0.166983,2.714758,0.115899,0.01575,,,,2.714775,0.115889,0.015732
493.2284,2.724296,0.103365,2.559592,0.077888,0.166663,2.559253,0.077988,0.166984,2.559254,0.077985,0.166983,2.714758,0.115899,0.01575,,,,2.714775,0.115889,0.015732
493.4171,2.724296,0.103365,2.559592,0.077888,0.166663,2.559253,0.077988,0.166984,2.559254,0.077985,0.166983,2.714758,0.115899,0.01575,,,,2.714775,0.115889,0.015732
493.599,2.724296,0.103365,2.559592,0.077888,0.166663,2.559253,0.077988,0.166984,2.559254,0.077985,0.166983,2.714758,0.115899,0.01575,,,,2.714775,0.115889,0.015732
493.8925,2.724296,0.103365,2.559592,0.077888,0.166663,2.559253,0.077988,0.166984,2.559254,0.077985,0.166983,2.714758,0.115899,0.01575,,,,2.714775,0.115889,0.015732
494.0022,2.724296,0.103365,2.559592,0.077888,0.166663,2.559253,0.077988,0.166984,2.559254,0.077985,0.166983,2.714758,0.115899,0.01575,,,,2.714775,0.115889,0.015732
494.1991,2.724296,0.103365,2.559592,0.077888,0.166663,2.559253,0.077988,0.166984,2.559254,0.077985,0.166983,2.714758,0.115899,0.01575,,,,2.714775,0.115889,0.015732
494.4265,2.724296,0.103365,2.559592,0.077888,0.166663,2.559253,0.077988,0.166984,2.559254,0.077985,0.166983,2.714758,0.115899,0.01575,,,,2.714775,0.115889,0.015732
494.5997,2.724296,0.103365,2.559592,0.077888,0.166663,2.559253,0.077988,0.166984,2.559254,0.077985,0.166983,2.714758,0.115899,0.01575,,,,2.714775,0.115889,0.015732
494.8887,2.724296,0.103365,2.559592,0.077888,0.166663,2.559253,0.077988,0.166984,2.559254,0.077985,0.166983,2.714758,0.115899,0.01575,,,,2.714775,0.115889,0.015732
494.9986,2.724296,0.103365,2.559592,0.077888,0.166663,2.559253,0.077988,0.166984,2.559254,0.077985,0.166983,2.714758,0.115899,0.01575,,,,2.714775,0.115889,0.015732
495.1985,2.724296,0.103365,2.559592,0.077888,0.166663,2.559253,0.077988,0.166984,2.559254,0.077985,0.166983,2.714758,0.115899,0.01575,,,,2.714775,0.115889,0.015732
495.4062,2.724296,0.103365,2.559592,0.077888,0.166663,2.559253,0.077988,0.166984,2.559254,0.077985,0.166983,2.714758,0.115899,0.01575,,,,2.714775,0.115889,0.015732
495.5997,2.724296,0.103365,2.559592,0.077888,0.166663,2.559253,0.077988,0.166984,2.559254,0.077985,0.166983,2.714758,0.115899,0.01575,,,,2.714775,0.115889,0.015732
495.8052,2.724296,0.103365,2.559592,0.077888,0.166663,2.559253,0.077988,0.166984,2.559254,0.077985,0.166983,2.714758,0.115899,0.01575,,,,2.714775,0.115889,0.015732
496.0016,2.724296,0.103365,2.559592,0.077888,0.166663,2.559253,0.077988,0.166984,2.559254,0.077985,0.166983,2.714758,0.115899,0.01575,,,,2.714775,0.115889,0.015732
496.1997,2.724296,0.103365,2.559592,0.077888,0.166663,2.559253,0.077988,0.166984,2.559254,0.077985,0.166983,2.714758,0.115899,0.01575,,,,2.714775,0.115889,0.015732
496.3986,2.724296,0.103365,2.559592,0.077888,0.166663,2.559253,0.077988,0.166984,2.559254,0.077985,0.166983,2.714758,0.115899,0.01575,,,,2.714775,0.115889,0.015732
496.6039,2.724296,0.103365,2.559592,0.077888,0.166663,2.559253,0.077988,0.166984,2.559254,0.077985,0.166983,2.714758,0.115899,0.01575,,,,2.714775,0.115889,0.015732
496.9724,2.724296,0.103365,2.559592,0.077888,0.166663,2.559253,0.077988,0.166984,2.559254,0.077985,0.166983,2.714758,0.115899,0.01575,,,,2.714775,0.115889,0.015732
496.9986,2.724296,0.103365,2.559592,0.077888,0.166663,2.559253,0.077988,0.166984,2.559254,0.077985,0.166983,2.714758,0.115899,0.01575,,,,2.714775,0.115889,0.015732
497.2175,2.724296,0.103365,2.559592,0.077888,0.166663,2.559253,0.077988,0.166984,2.559254,0.077985,0.166983,2.714758,0.115899,0.01575,,,,2.714775,0.115889,0.015732
497.4062,2.724296,0.103365,2.559592,0.077888,0.166663,2.559253,0.077988,0.166984,2.559254,0.077985,0.166983,2.714758,0.115899,0.01575,,,,2.714775,0.115889,0.015732
497.5983,2.724296,0.103365,2.559592,0.077888,0.166663,2.559253,0.077988,0.166984,2.559254,0.077985,0.166983,2.714758,0.115899,0.01575,,,,2.714775,0.115889,0.015732
497.8812,2.724296,0.103365,2.559592,0.077888,0.166663,2.559253,0.077988,0.166984,2.559254,0.077985,0.166983,2.714758,0.115899,0.01575,,,,2.714775,0.115889,0.015732
498.0062,2.724296,0.103365,2.559592,0.077888,0.166663,2.559253,0.077988,0.166984,2.559254,0.077985,0.166983,2.714758,0.115899,0.01575,,,,2.714775,0.115889,0.015732
498.1985,2.724296,0.103365,2.559592,0.077888,0.166663,2.559253,0.077988,0.166984,2.559254,0.077985,0.166983,2.714758,0.115899,0.01575,,,,2.714775,0.115889,0.015732
498.4034,2.724296,0.103365,2.559592,0.077888,0.166663,2.559253,0.077988,0.166984,2.559254,0.077985,0.166983,2.714758,0.115899,0.01575,,,,2.714775,0.115889,0.015732
498.5986,2.724296,0.103365,2.559592,0.077888,0.166663,2.559253,0.077988,0.166984,2.559254,0.077985,0.166983,2.714758,0.115899,0.01575,,,,2.714775,0.115889,0.015732
498.8087,2.724296,0.103365,2.559592,0.077888,0.166663,2.559253,0.077988,0.166984,2.559254,0.077985,0.166983,2.714758,0.115899,0.01575,,,,2.714775,0.115889,0.015732
498.999,2.724296,0.103365,2.559592,0.077888,0.166663,2.559253,0.077988,0.166984,2.559254,0.077985,0.166983,2.714758,0.115899,0.01575,,,,2.714775,0.115889,0.015732
499.1989,2.724296,0.103365,2.559592,0.077888,0.166663,2.559253,0.077988,0.166984,2.559254,0.077985,0.166983,2.714758,0.115899,0.01575,,,,2.714775,0.115889,0.015732
499.4307,2.724296,0.103365,2.559592,0.077888,0.166663,2.559253,0.077988,0.166984,2.559254,0.077985,0.166983,2.714758,0.115899,0.01575,,,,2.714775,0.115889,0.015732
499.6,2.724296,0.103365,2.559592,0.077888,0.166663,2.559253,0.077988,0.166984,2.559254,0.077985,0.166983,2.714758,0.115899,0.01575,,,,2.714775,0.115889,0.015732
499.7992,2.724296,0.103365,2.559592,0.077888,0.166663,2.559253,0.077988,0.166984,2.559254,0.077985,0.166983,2.714758,0.115899,0.01575,,,,2.714775,0.115889,0.015732
500.003,2.724296,0.103365,2.559592,0.077888,0.166663,2.559253,0.077988,0.166984,2.559254,0.077985,0.166983,2.714758,0.115899,0.01575,,,,2.714775,0.115889,0.015732
500.2092,2.724296,0.103365,2.559592,0.077888,0.166663,2.559253,0.077988,0.166984,2.559254,0.077985,0.166983,2.714758,0.115899,0.01575,,,,2.714775,0.115889,0.015732
500.3985,2.724296,0.103365,2.559592,0.077888,0.166663,2.559253,0.077988,0.166984,2.559254,0.077985,0.166983,2.714758,0.115899,0.01575,,,,2.714775,0.115889,0.015732
500.6103,2.724296,0.103365,2.559592,0.077888,0.166663,2.559253,0.077988,0.166984,2.559254,0.077985,0.166983,2.714758,0.115899,0.01575,,,,2.714775,0.115889,0.015732
500.906,2.724296,0.103365,2.559592,0.077888,0.166663,2.559253,0.077988,0.166984,2.559254,0.077985,0.166983,2.714758,0.115899,0.01575,,,,2.714775,0.115889,0.015732
501.0167,2.724296,0.103365,2.559592,0.077888,0.166663,2.559253,0.077988,0.166984,2.559254,0.077985,0.166983,2.714758,0.115899,0.01575,,,,2.714775,0.115889,0.015732
501.1985,2.724296,0.103365,2.559592,0.077888,0.166663,2.559253,0.077988,0.166984,2.559254,0.077985,0.166983,2.714758,0.115899,0.01575,,,,2.714775,0.115889,0.015732
501.4056,2.724296,0.103365,2.559592,0.077888,0.166663,2.559253,0.077988,0.166984,2.559254,0.077985,0.166983,2.714758,0.115899,0.01575,,,,2.714775,0.115889,0.015732
501.603,2.724296,0.103365,2.559592,0.077888,0.166663,2.559253,0.077988,0.166984,2.559254,0.077985,0.166983,2.714758,0.115899,0.01575,,,,2.714775,0.115889,0.015732
501.9693,2.724296,0.103365,2.559592,0.077888,0.166663,2.559253,0.077988,0.166984,2.559254,0.077985,0.166983,2.714758,0.115899,0.01575,,,,2.714775,0.115889,0.015732
502.0538,2.724296,0.103365,2.559592,0.077888,0.166663,2.559253,0.077988,0.166984,2.559254,0.077985,0.166983,2.714758,0.115899,0.01575,,,,2.714775,0.115889,0.015732
502.1995,2.724296,0.103365,2.559592,0.077888,0.166663,2.559253,0.077988,0.166984,2.559254,0.077985,0.166983,2.714758,0.115899,0.01575,,,,2.714775,0.115889,0.015732
502.4053,2.724296,0.103365,2.559592,0.077888,0.166663,2.559253,0.077988,0.166984,2.559254,0.077985,0.166983,2.714758,0.115899,0.01575,,,,2.714775,0.115889,0.015732
502.6029,2.724296,0.103365,2.559592,0.077888,0.166663,2.559253,0.077988,0.166984,2.559254,0.077985,0.166983,2.714758,0.115899,0.01575,,,,2.714775,0.115889,0.015732
502.8011,2.724296,0.103365,2.559592,0.077888,0.166663,2.559253,0.077988,0.166984,2.559254,0.077985,0.166983,2.714758,0.115899,0.01575,,,,2.714775,0.115889,0.015732
503.0022,2.724296,0.103365,2.559592,0.077888,0.166663,2.559253,0.077988,0.166984,2.559254,0.077985,0.166983,2.714758,0.115899,0.01575,,,,2.714775,0.115889,0.015732
503.2029,2.724296,0.103365,2.559592,0.077888,0.166663,2.559253,0.077988,0.166984,2.559254,0.077985,0.166983,2.714758,0.115899,0.01575,,,,2.714775,0.115889,0.015732
503.4,2.724296,0.103365,2.559592,0.077888,0.166663,2.559253,0.077988,0.166984,2.559254,0.077985,0.166983,2.714758,0.115899,0.01575,,,,2.714775,0.115889,0.015732
503.5983,2.724296,0.103365,2.559592,0.077888,0.166663,2.559253,0.077988,0.166984,2.559254,0.077985,0.166983,2.714758,0.115899,0.01575,,,,2.714775,0.115889,0.015732
503.9798,2.724296,0.103365,2.559592,0.077888,0.166663,2.559253,0.077988,0.166984,2.559254,0.077985,0.166983,2.714758,0.115899,0.01575,,,,2.714775,0.115889,0.015732
504.0141,2.724296,0.103365,2.559592,0.077888,0.166663,2.559253,0.077988,0.166984,2.559254,0.077985,0.166983,2.714758,0.115899,0.01575,,,,2.714775,0.115889,0.015732
504.209,2.724296,0.103365,2.559592,0.077888,0.166663,2.559253,0.077988,0.166984,2.559254,0.077985,0.166983,2.714758,0.115899,0.01575,,,,2.714775,0.115889,0.015732
504.4092,2.724296,0.103365,2.559592,0.077888,0.166663,2.559253,0.077988,0.166984,2.559254,0.077985,0.166983,2.714758,0.115899,0.01575,,,,2.714775,0.115889,0.015732
504.6138,2.724296,0.103365,2.559592,0.077888,0.166663,2.559253,0.077988,0.166984,2.559254,0.077985,0.166983,2.714758,0.115899,0.01575,,,,2.714775,0.115889,0.015732
504.9571,2.724296,0.103365,2.559592,0.077888,0.166663,2.559253,0.077988,0.166984,2.559254,0.077985,0.166983,2.714758,0.115899,0.01575,,,,2.714775,0.115889,0.015732
504.9989,2.724296,0.103365,2.559592,0.077888,0.166663,2.559253,0.077988,0.166984,2.559254,0.077985,0.166983,2.714758,0.115899,0.01575,,,,2.714775,0.115889,0.015732
505.2195,2.724296,0.103365,2.559592,0.077888,0.166663,2.559253,0.077988,0.166984,2.559254,0.077985,0.166983,2.714758,0.115899,0.01575,,,,2.714775,0.115889,0.015732
505.3991,2.724296,0.103365,2.559592,0.077888,0.166663,2.559253,0.077988,0.166984,2.559254,0.077985,0.166983,2.714758,0.115899,0.01575,,,,2.714775,0.115889,0.015732
505.5986,2.724296,0.103365,2.559592,0.077888,0.166663,2.559253,0.077988,0.166984,2.559254,0.077985,0.166983,2.714758,0.115899,0.01575,,,,2.714775,0.115889,0.015732
505.8842,2.724296,0.103365,2.559592,0.077888,0.166663,2.559253,0.077988,0.166984,2.559254,0.077985,0.166983,2.714758,0.115899,0.01575,,,,2.714775,0.115889,0.015732
505.9983,2.724296,0.103365,2.559592,0.077888,0.166663,2.559253,0.077988,0.166984,2.559254,0.077985,0.166983,2.714758,0.115899,0.01575,,,,2.714775,0.115889,0.015732
506.2101,2.724296,0.103365,2.559592,0.077888,0.166663,2.559253,0.077988,0.166984,2.559254,0.077985,0.166983,2.714758,0.115899,0.01575,,,,2.714775,0.115889,0.015732
506.3999,2.724296,0.103365,2.559592,0.077888,0.166663,2.559253,0.077988,0.166984,2.559254,0.077985,0.166983,2.714758,0.115899,0.01575,,,,2.714758,0.115899,0.01575
506.6023,2.724296,0.103365,2.559592,0.077888,0.166663,2.559253,0.077988,0.166984,2.559254,0.077985,0.166983,2.714758,0.115899,0.01575,,,,2.714758,0.115899,0.01575
506.7984,2.724296,0.103365,2.559592,0.077888,0.166663,2.559253,0.077988,0.166984,2.559254,0.077985,0.166983,2.714758,0.115899,0.01575,,,,2.714758,0.115899,0.01575
507.0132,2.724296,0.103365,2.559592,0.077888,0.166663,2.559253,0.077988,0.166984,2.559254,0.077985,0.166983,2.714758,0.115899,0.01575,,,,2.714758,0.115899,0.01575
507.1995,2.724296,0.103365,2.559592,0.077888,0.166663,2.559253,0.077988,0.166984,2.559254,0.077985,0.166983,2.714758,0.115899,0.01575,,,,2.714758,0.115899,0.01575
507.3998,2.724296,0.103365,2.559592,0.077888,0.166663,2.559253,0.077988,0.166984,2.559254,0.077985,0.166983,2.714758,0.115899,0.01575,,,,2.714758,0.115899,0.01575
507.6009,2.724296,0.103365,2.559592,0.077888,0.166663,2.559253,0.077988,0.166984,2.559254,0.077985,0.166983,2.714758,0.115899,0.01575,,,,2.714758,0.115899,0.01575
507.9661,2.724296,0.103365,2.559592,0.077888,0.166663,2.559253,0.077988,0.166984,2.559254,0.077985,0.166983,2.714758,0.115899,0.01575,,,,2.714758,0.115899,0.01575
508.0,2.724296,0.103365,2.559592,0.077888,0.166663,2.559253,0.077988,0.166984,2.559254,0.077985,0.166983,2.714758,0.115899,0.01575,,,,2.714758,0.115899,0.01575
508.201,2.724296,0.103365,2.559592,0.077888,0.166663,2.559253,0.077988,0.166984,2.559254,0.077985,0.166983,2.714758,0.115899,0.01575,,,,2.714758,0.115899,0.01575
508.4001,2.724296,0.103365,2.559592,0.077888,0.166663,2.559253,0.077988,0.166984,2.559254,0.077985,0.166983,2.714758,0.115899,0.01575,,,,2.714758,0.115899,0.01575
508.6051,2.724296,0.103365,2.559592,0.077888,0.166663,2.559253,0.077988,0.166984,2.559254,0.077985,0.166983,2.714758,0.115899,0.01575,,,,2.714758,0.115899,0.01575
508.7982,2.724296,0.103365,2.559592,0.077888,0.166663,2.559253,0.077988,0.166984,2.559254,0.077985,0.166983,2.714758,0.115899,0.01575,,,,2.714758,0.115899,0.01575
509.0067,2.724296,0.103365,2.559592,0.077888,0.166663,2.559253,0.077988,0.166984,2.559254,0.077985,0.166983,2.714758,0.115899,0.01575,,,,2.714758,0.115899,0.01575
509.2018,2.724296,0.103365,2.559592,0.077888,0.166663,2.559253,0.077988,0.166984,2.559254,0.077985,0.166983,2.714758,0.115899,0.01575,,,,2.714758,0.115899,0.01575
509.405,2.724296,0.103365,2.559592,0.077888,0.166663,2.559253,0.077988,0.166984,2.559254,0.077985,0.166983,2.714758,0.115899,0.01575,,,,2.714758,0.115899,0.01575
509.6091,2.724296,0.103365,2.559592,0.077888,0.166663,2.559253,0.077988,0.166984,2.559254,0.077985,0.166983,2.714758,0.115899,0.01575,,,,2.714758,0.115899,0.01575
510.0678,2.724296,0.103365,2.559592,0.077888,0.166663,2.559253,0.077988,0.166984,2.559254,0.077985,0.166983,2.714758,0.115899,0.01575,,,,2.714758,0.115899,0.01575
510.2006,2.724296,0.103365,2.559592,0.077888,0.166663,2.559253,0.077988,0.166984,2.559254,0.077985,0.166983,2.714758,0.115899,0.01575,,,,2.714758,0.115899,0.01575
510.3985,2.724296,0.103365,2.559592,0.077888,0.166663,2.559253,0.077988,0.166984,2.559254,0.077985,0.166983,2.714758,0.115899,0.01575,,,,2.714758,0.115899,0.01575
510.6033,2.724296,0.103365,2.559592,0.077888,0.166663,2.559253,0.077988,0.166984,2.559254,0.077985,0.166983,2.714758,0.115899,0.01575,,,,2.714758,0.115899,0.01575
510.8571,2.724296,0.103365,2.559592,0.077888,0.166663,2.559253,0.077988,0.166984,2.559254,0.077985,0.166983,2.714758,0.115899,0.01575,,,,2.714758,0.115899,0.01575
510.9984,2.724296,0.103365,2.559592,0.077888,0.166663,2.559253,0.077988,0.166984,2.559254,0.077985,0.166983,2.714758,0.115899,0.01575,,,,2.714758,0.115899,0.01575
511.2002,2.724296,0.103365,2.559592,0.077888,0.166663,2.559253,0.077988,0.166984,2.559254,0.077985,0.166983,2.714758,0.115899,0.01575,,,,2.714758,0.115899,0.01575
511.4025,2.724296,0.103365,2.559592,0.077888,0.166663,2.559253,0.077988,0.166984,2.559254,0.077985,0.166983,2.714758,0.115899,0.01575,,,,2.714758,0.115899,0.01575
511.6142,2.724296,0.103365,2.559592,0.077888,0.166663,2.559253,0.077988,0.166984,2.559254,0.077985,0.166983,2.714758,0.115899,0.01575,,,,2.714758,0.115899,0.01575
511.943,2.724296,0.103365,2.559592,0.077888,0.166663,2.559253,0.077988,0.166984,2.559254,0.077985,0.166983,2.714758,0.115899,0.01575,,,,2.714758,0.115899,0.01575
512.0007,2.724296,0.103365,2.559592,0.077888,0.166663,2.559253,0.077988,0.166984,2.559254,0.077985,0.166983,2.714758,0.115899,0.01575,,,,2.714758,0.115899,0.01575
512.2052,2.724296,0.103365,2.559592,0.077888,0.166663,2.559253,0.077988,0.166984,2.559254,0.077985,0.166983,2.714758,0.115899,0.01575,,,,2.714758,0.115899,0.01575
512.404,2.724296,0.103365,2.559592,0.077888,0.166663,2.559253,0.077988,0.166984,2.559254,0.077985,0.166983,2.714758,0.115899,0.01575,,,,2.714758,0.115899,0.01575
512.6014,2.724296,0.103365,2.559592,0.077888,0.166663,2.559253,0.077988,0.166984,2.559254,0.077985,0.166983,2.714758,0.115899,0.01575,,,,2.714758,0.115899,0.01575
512.8044,2.724296,0.103365,2.559592,0.077888,0.166663,2.559253,0.077988,0.166984,2.559254,0.077985,0.166983,2.714758,0.115899,0.01575,,,,2.714758,0.115899,0.01575
513.0166,2.724296,0.103365,2.559592,0.077888,0.166663,2.559253,0.077988,0.166984,2.559254,0.077985,0.166983,2.714758,0.115899,0.01575,,,,2.714758,0.115899,0.01575
513.2128,2.724296,0.103365,2.559592,0.077888,0.166663,2.559253,0.077988,0.166984,2.559254,0.077985,0.166983,2.714758,0.115899,0.01575,,,,2.714758,0.115899,0.01575
513.4039,2.724296,0.103365,2.559592,0.077888,0.166663,2.559253,0.077988,0.166984,2.559254,0.077985,0.166983,2.714758,0.115899,0.01575,,,,2.714758,0.115899,0.01575
513.5983,2.724296,0.103365,2.559592,0.077888,0.166663,2.559253,0.077988,0.166984,2.559254,0.077985,0.166983,2.714758,0.115899,0.01575,,,,2.714758,0.115899,0.01575
513.9429,2.724296,0.103365,2.559592,0.077888,0.166663,2.559253,0.077988,0.166984,2.559254,0.077985,0.166983,2.714758,0.115899,0.01575,,,,2.714758,0.115899,0.01575
514.0029,2.724296,0.103365,2.559592,0.077888,0.166663,2.559253,0.077988,0.166984,2.559254,0.077985,0.166983,2.714758,0.115899,0.01575,,,,2.714758,0.115899,0.01575
514.1985,2.724296,0.103365,2.559592,0.077888,0.166663,2.559253,0.077988,0.166984,2.559254,0.077985,0.166983,2.714758,0.115899,0.01575,,,,2.714758,0.115899,0.01575
514.402,2.724296,0.103365,2.559592,0.077888,0.166663,2.559253,0.077988,0.166984,2.559254,0.077985,0.166983,2.714758,0.115899,0.01575,,,,2.714758,0.115899,0.01575
514.6035,2.724296,0.103365,2.559592,0.077888,0.166663,2.559253,0.077988,0.166984,2.559254,0.077985,0.166983,2.714758,0.115899,0.01575,,,,2.714758,0.115899,0.01575
514.8426,2.724296,0.103365,2.559592,0.077888,0.166663,2.559253,0.077988,0.166984,2.559254,0.077985,0.166983,2.714758,0.115899,0.01575,,,,2.714758,0.115899,0.01575
515.0222,2.724296,0.103365,2.559592,0.077888,0.166663,2.559253,0.077988,0.166984,2.559254,0.077985,0.166983,2.714758,0.115899,0.01575,,,,2.714758,0.115899,0.01575
515.2089,2.724296,0.103365,2.559592,0.077888,0.166663,2.559253,0.077988,0.166984,2.559254,0.077985,0.166983,2.714758,0.115899,0.01575,,,,2.714758,0.115899,0.01575
515.4109,2.724296,0.103365,2.559592,0.077888,0.166663,2.559253,0.077988,0.166984,2.559254,0.077985,0.166983,2.714758,0.115899,0.01575,,,,2.714758,0.115899,0.01575
515.5988,2.724296,0.103365,2.559592,0.077888,0.166663,2.559253,0.077988,0.166984,2.559254,0.077985,0.166983,2.714758,0.115899,0.01575,,,,2.714758,0.115899,0.01575
515.8305,2.724296,0.103365,2.559592,0.077888,0.166663,2.559253,0.077988,0.166984,2.559254,0.077985,0.166983,2.714758,0.115899,0.01575,,,,2.714758,0.115899,0.01575
516.0019,2.724296,0.103365,2.559592,0.077888,0.166663,2.559253,0.077988,0.166984,2.559254,0.077985,0.166983,2.714758,0.115899,0.01575,,,,2.714758,0.115899,0.01575
516.2006,2.724296,0.103365,2.559592,0.077888,0.166663,2.559253,0.077988,0.166984,2.559254,0.077985,0.166983,2.714758,0.115899,0.01575,,,,2.714758,0.115899,0.01575
516.4195,2.724296,0.103365,2.559592,0.077888,0.166663,2.559253,0.077988,0.166984,2.559254,0.077985,0.166983,2.714758,0.115899,0.01575,,,,2.714758,0.115899,0.01575
516.5983,2.724296,0.103365,2.559592,0.077888,0.166663,2.559253,0.077988,0.166984,2.559254,0.077985,0.166983,2.714758,0.115899,0.01575,,,,2.714758,0.115899,0.01575
516.7984,2.724296,0.103365,2.559592,0.077888,0.166663,2.559253,0.077988,0.166984,2.559254,0.077985,0.166983,2.714758,0.115899,0.01575,,,,2.714758,0.115899,0.01575
517.0007,2.724296,0.103365,2.559592,0.077888,0.166663,2.559253,0.077988,0.166984,2.559254,0.077985,0.166983,2.714758,0.115899,0.01575,,,,2.714758,0.115899,0.01575
517.2043,2.724296,0.103365,2.559592,0.077888,0.166663,2.559253,0.077988,0.166984,2.559254,0.077985,0.166983,2.714758,0.115899,0.01575,,,,2.714758,0.115899,0.01575
517.4024,2.724296,0.103365,2.559592,0.077888,0.166663,2.559253,0.077988,0.166984,2.559254,0.077985,0.166983,2.714758,0.115899,0.01575,,,,2.714758,0.115899,0.01575
517.6243,2.724296,0.103365,2.559592,0.077888,0.166663,2.559253,0.077988,0.166984,2.559254,0.077985,0.166983,2.714758,0.115899,0.01575,,,,2.714758,0.115899,0.01575
517.9272,2.724296,0.103365,2.559592,0.077888,0.166663,2.559253,0.077988,0.166984,2.559254,0.077985,0.166983,2.714758,0.115899,0.01575,,,,2.714758,0.115899,0.01575
518.0029,2.724296,0.103365,2.559592,0.077888,0.166663,2.559253,0.077988,0.166984,2.559254,0.077985,0.166983,2.714758,0.115899,0.01575,,,,2.714758,0.115899,0.01575
518.1995,2.724296,0.103365,2.559592,0.077888,0.166663,2.559253,0.077988,0.166984,2.559254,0.077985,0.166983,2.714758,0.115899,0.01575,,,,2.714758,0.115899,0.01575
518.3983,2.724296,0.103365,2.559592,0.077888,0.166663,2.559253,0.077988,0.166984,2.559254,0.077985,0.166983,2.714758,0.115899,0.01575,,,,2.714758,0.115899,0.01575
518.5984,2.724296,0.103365,2.559592,0.077888,0.166663,2.559253,0.077988,0.166984,2.559254,0.077985,0.166983,2.714758,0.115899,0.01575,,,,2.714758,0.115899,0.01575
518.9865,2.724296,0.103365,2.559592,0.077888,0.166663,2.559253,0.077988,0.166984,2.559254,0.077985,0.166983,2.714758,0.115899,0.01575,,,,2.714758,0.115899,0.01575
518.9988,2.723061,0.103589,2.559592,0.077888,0.165477,2.559253,0.077988,0.165797,2.559254,0.077985,0.165796,2.714758,0.115899,0.014848,,,,2.714758,0.115899,0.014848
519.2292,2.721823,0.103813,2.559592,0.077888,0.164289,2.559253,0.077988,0.164609,2.559254,0.077985,0.164608,2.714758,0.115899,0.013999,,,,2.714758,0.115899,0.013999
519.4008,2.719853,0.104172,2.559592,0.077888,0.162402,2.554983,0.078969,0.166786,2.554963,0.078942,0.16681,2.714758,0.115899,0.012785,,,,2.710444,0.116659,0.015635
519.6013,2.719853,0.104172,2.559592,0.077888,0.162402,2.554983,0.078969,0.166786,2.554963,0.078942,0.16681,2.714758,0.115899,0.012785,,,,2.710444,0.116659,0.015635
519.7992,2.719853,0.104172,2.559592,0.077888,0.162402,2.554983,0.078969,0.166786,2.554963,0.078942,0.16681,2.714758,0.115899,0.012785,,,,2.710444,0.116659,0.015635
520.0081,2.718027,0.104498,2.559592,0.077888,0.160653,2.554983,0.078969,0.16503,2.554963,0.078942,0.165054,2.714758,0.115899,0.01186,,,,2.708506,0.116997,0.015712
520.1984,2.716839,0.104708,2.559592,0.077888,0.159517,2.553065,0.079406,0.165717,2.553042,0.079367,0.165745,2.714758,0.115899,0.011382,,,,2.708506,0.116997,0.014848
520.3982,2.716839,0.104708,2.559592,0.077888,0.159517,2.553065,0.079406,0.165717,2.553042,0.079367,0.165745,2.714758,0.115899,0.011382,,,,2.708506,0.116997,0.014848
520.6042,2.716386,0.104789,2.559592,0.077888,0.159085,2.550904,0.079895,0.167345,2.550878,0.079842,0.167378,2.714758,0.115899,0.011228,,,,2.708506,0.116997,0.01453
520.8039,2.716057,0.10485,2.559592,0.077888,0.158771,2.550904,0.079895,0.167028,2.550878,0.079842,0.167062,2.714758,0.115899,0.011125,,,,2.708506,0.116997,0.014303
520.9983,2.714703,0.105087,2.559592,0.077888,0.157478,2.550904,0.079895,0.165726,2.550878,0.079842,0.165759,2.714758,0.115899,0.010812,,,,2.708506,0.116997,0.013426
521.1995,2.712734,0.105429,2.559592,0.077888,0.155599,2.548485,0.080438,0.166139,2.548456,0.080369,0.166179,2.714758,0.115899,0.010663,,,,2.703621,0.11784,0.015398
521.4029,2.712734,0.105429,2.559592,0.077888,0.155599,2.548485,0.080438,0.166139,2.548456,0.080369,0.166179,2.714758,0.115899,0.010663,,,,2.703621,0.11784,0.015398
521.5999,2.711633,0.105619,2.559592,0.077888,0.154549,2.548485,0.080438,0.16508,2.548456,0.080369,0.165119,2.714758,0.115899,0.010744,,,,2.703621,0.11784,0.014614
521.8856,2.711389,0.105661,2.559592,0.077888,0.154316,2.548485,0.080438,0.164844,2.548456,0.080369,0.164884,2.714758,0.115899,0.010778,,,,2.703621,0.11784,0.014445
522.0005,2.708732,0.106113,2.559592,0.077888,0.151787,2.543757,0.081488,0.166802,2.543721,0.081388,0.166853,2.714758,0.115899,0.011493,,,,2.698845,0.118642,0.01596
522.2014,2.707694,0.106287,2.559592,0.077888,0.1508,2.543757,0.081488,0.165802,2.543721,0.081388,0.165853,2.714758,0.115899,0.011928,,,,2.698845,0.118642,0.015197
522.399,2.7061,0.106553,2.559592,0.077888,0.149285,2.543757,0.081488,0.164266,2.543721,0.081388,0.164317,2.714758,0.115899,0.01274,,,,2.698845,0.118642,0.014099
522.6069,2.704239,0.10686,2.559592,0.077888,0.14752,2.543757,0.081488,0.162475,2.543721,0.081388,0.162526,2.714758,0.115899,0.013869,,,,2.698845,0.118642,0.012958
522.7985,2.704239,0.10686,2.559592,0.077888,0.14752,2.543757,0.081488,0.162475,2.543721,0.081388,0.162526,2.714758,0.115899,0.013869,,,,2.698845,0.118642,0.012958
522.9998,2.703713,0.106946,2.559592,0.077888,0.147021,2.538586,0.082612,0.166911,2.543721,0.081388,0.162021,2.714758,0.115899,0.014217,,,,2.693621,0.119495,0.016104
523.2046,2.703713,0.106946,2.559592,0.077888,0.147021,2.538586,0.082612,0.166911,2.538542,0.082479,0.166974,2.714758,0.115899,0.014217,,,,2.693621,0.119495,0.016104
523.4043,2.703713,0.106946,2.559592,0.077888,0.147021,2.538586,0.082612,0.166911,2.538542,0.082479,0.166974,2.714758,0.115899,0.014217,,,,2.693621,0.119495,0.016104
523.601,2.702371,0.107164,2.559592,0.077888,0.145749,2.538586,0.082612,0.165615,2.538542,0.082479,0.165678,2.714758,0.115899,0.015157,,,,2.693621,0.119495,0.01512
523.7981,2.699933,0.107553,2.559592,0.077888,0.143442,2.538586,0.082612,0.163264,2.535884,0.083022,0.165874,2.714758,0.115899,0.017013,,,,2.690941,0.119916,0.015288
524.0046,2.699268,0.107657,2.559592,0.077888,0.142813,2.538586,0.082612,0.162623,2.535884,0.083022,0.165231,2.714758,0.115899,0.017546,,,,2.690941,0.119916,0.01482
524.2214,2.697272,0.107968,2.559592,0.077888,0.140927,2.533379,0.083711,0.165678,2.533275,0.083545,0.165806,2.714758,0.115899,0.0192,,,,2.688311,0.120319,0.01526
524.3992,2.695812,0.108192,2.559592,0.077888,0.139549,2.530762,0.084243,0.166778,2.533275,0.083545,0.164395,2.714758,0.115899,0.020454,,,,2.688311,0.120319,0.01426
524.6046,2.695398,0.108254,2.559592,0.077888,0.139159,2.530762,0.084243,0.166377,2.533275,0.083545,0.163995,2.714758,0.115899,0.020815,,,,2.688311,0.120319,0.013993
524.8276,2.695398,0.108254,2.559592,0.077888,0.139159,2.530762,0.084243,0.166377,2.533275,0.083545,0.163995,2.714758,0.115899,0.020815,,,,2.688311,0.120319,0.013993
525.0057,2.691924,0.108771,2.559592,0.077888,0.135887,2.528159,0.084763,0.165515,2.528066,0.084569,0.165635,2.714758,0.115899,0.023921,,,,2.683061,0.121104,0.015188
525.1982,2.691258,0.108868,2.559592,0.077888,0.135261,2.528159,0.084763,0.16487,2.528066,0.084569,0.164991,2.714758,0.115899,0.024529,,,,2.683061,0.121104,0.014728
525.4065,2.690465,0.108982,2.559592,0.077888,0.134515,2.528159,0.084763,0.164102,2.528066,0.084569,0.164223,2.714758,0.115899,0.025259,,,,2.683061,0.121104,0.014204
525.6031,2.690465,0.108982,2.559592,0.077888,0.134515,2.528159,0.084763,0.164102,2.525487,0.085054,0.166704,2.714758,0.115899,0.025259,,,,2.680462,0.121471,0.016
525.7988,2.690465,0.108982,2.559592,0.077888,0.134515,2.528159,0.084763,0.164102,2.525487,0.085054,0.166704,2.714758,0.115899,0.025259,,,,2.680462,0.121471,0.016
526.0066,2.688498,0.109261,2.559592,0.077888,0.132669,2.528159,0.084763,0.1622,2.525487,0.085054,0.164798,2.714758,0.115899,0.027086,,,,2.680462,0.121471,0.014617
526.1993,2.687065,0.10946,2.559592,0.077888,0.131325,2.525584,0.085265,0.163284,2.525487,0.085054,0.163411,2.714758,0.115899,0.028432,,,,2.680462,0.121471,0.013707
526.3984,2.685237,0.109707,2.559592,0.077888,0.129611,2.525584,0.085265,0.161514,2.523158,0.085482,0.16388,2.714758,0.115899,0.030163,,,,2.678116,0.121792,0.014027
526.6011,2.682905,0.110014,2.559592,0.077888,0.127428,2.518341,0.086623,0.166218,2.518235,0.086362,0.166359,2.714758,0.115899,0.032393,,,,2.675528,0.122134,0.014188
526.8408,2.682905,0.110014,2.559592,0.077888,0.127428,2.518341,0.086623,0.166218,2.518235,0.086362,0.166359,2.714758,0.115899,0.032393,,,,2.675528,0.122134,0.014188
527.02,2.682156,0.11011,2.559592,0.077888,0.126729,2.518341,0.086623,0.165491,2.518235,0.086362,0.165633,2.714758,0.115899,0.033112,,,,2.675528,0.122134,0.01373
527.2308,2.680241,0.110351,2.559592,0.077888,0.12494,2.518341,0.086623,0.16363,2.515746,0.086781,0.166176,2.714758,0.115899,0.03496,,,,2.673047,0.12245,0.014076
527.409,2.678359,0.11058,2.559592,0.077888,0.123183,2.518341,0.086623,0.161801,2.515746,0.086781,0.164345,2.714758,0.115899,0.036786,,,,2.673047,0.12245,0.013004
527.6037,2.67761,0.110668,2.559592,0.077888,0.122486,2.515854,0.087059,0.16347,2.515746,0.086781,0.163617,2.714758,0.115899,0.037515,,,,2.670542,0.122755,0.014002
527.8317,2.67761,0.110668,2.559592,0.077888,0.122486,2.515854,0.087059,0.16347,2.515746,0.086781,0.163617,2.714758,0.115899,0.037515,,,,2.670542,0.122755,0.014002
527.9985,2.674759,0.110994,2.559592,0.077888,0.119831,2.511303,0.087832,0.165089,2.511189,0.087522,0.165245,2.714758,0.115899,0.040299,,,,2.665956,0.123289,0.015122
528.2089,2.674759,0.110994,2.559592,0.077888,0.119831,2.511303,0.087832,0.165089,2.511189,0.087522,0.165245,2.714758,0.115899,0.040299,,,,2.665956,0.123289,0.015122
528.4047,2.673939,0.111083,2.559592,0.077888,0.119067,2.511303,0.087832,0.164289,2.511189,0.087522,0.164446,2.714758,0.115899,0.041102,,,,2.665956,0.123289,0.014584
528.6005,2.671948,0.111294,2.559592,0.077888,0.117216,2.509027,0.088189,0.164551,2.508911,0.087864,0.164712,2.714758,0.115899,0.043058,,,,2.665956,0.123289,0.013408
528.8614,2.671713,0.111318,2.559592,0.077888,0.116999,2.509027,0.088189,0.164322,2.508911,0.087864,0.164483,2.714758,0.115899,0.043288,,,,2.665956,0.123289,0.013283
529.009,2.670081,0.111483,2.559592,0.077888,0.115483,2.506749,0.088534,0.164937,2.508911,0.087864,0.162892,2.714758,0.115899,0.044895,,,,2.663665,0.123528,0.013648
529.1985,2.667088,0.111765,2.559592,0.077888,0.112707,2.506749,0.088534,0.162014,2.50663,0.088193,0.16218,2.714758,0.115899,0.047849,,,,2.661372,0.123753,0.013281
529.4081,2.667088,0.111765,2.559592,0.077888,0.112707,2.506749,0.088534,0.162014,2.50663,0.088193,0.16218,2.714758,0.115899,0.047849,,,,2.661372,0.123753,0.013281
529.6109,2.666402,0.111826,2.559592,0.077888,0.112071,2.506749,0.088534,0.161343,2.50663,0.088193,0.16151,2.714758,0.115899,0.048528,,,,2.661372,0.123753,0.012944
529.8088,2.666066,0.111855,2.559592,0.077888,0.11176,2.502355,0.089172,0.165275,2.504392,0.088503,0.163351,2.714758,0.115899,0.04886,,,,2.65695,0.124162,0.015315
530.0063,2.666066,0.111855,2.559592,0.077888,0.11176,2.502355,0.089172,0.165275,2.504392,0.088503,0.163351,2.714758,0.115899,0.04886,,,,2.65695,0.124162,0.015315
530.204,2.663606,0.11206,2.559592,0.077888,0.109483,2.502355,0.089172,0.162868,2.500304,0.089041,0.164917,2.714758,0.115899,0.051296,,,,2.65695,0.124162,0.013811
530.3985,2.663288,0.112085,2.501579,0.091087,0.163066,2.502355,0.089172,0.162557,2.500304,0.089041,0.164606,2.714758,0.115899,0.051611,,,,2.65695,0.124162,0.013639
530.6194,2.661351,0.11223,2.501579,0.091087,0.161164,2.501578,0.091085,0.161166,2.501577,0.091086,0.161167,2.714758,0.115899,0.053533,,,,2.714649,0.115932,0.053427
531.0346,2.660335,0.112301,2.501579,0.091087,0.160166,2.501578,0.091085,0.160168,2.501577,0.091086,0.160169,2.714758,0.115899,0.054542,,,,2.714649,0.115932,0.054436
531.2053,2.655876,0.112571,2.501579,0.091087,0.155785,2.495607,0.091651,0.161629,2.499591,0.091283,0.157728,2.714758,0.115899,0.058976,,,,2.708738,0.116948,0.053042
531.3994,2.655876,0.112571,2.501579,0.091087,0.155785,2.493801,0.091793,0.163402,2.495985,0.091616,0.161259,2.714758,0.115899,0.058976,,,,2.706948,0.117226,0.051283
531.6201,2.655238,0.112604,2.501579,0.091087,0.155158,2.493801,0.091793,0.162773,2.495985,0.091616,0.16063,2.714758,0.115899,0.059611,,,,2.706948,0.117226,0.051916
531.955,2.655147,0.112608,2.501579,0.091087,0.155068,2.493801,0.091793,0.162683,2.495985,0.091616,0.160541,2.714758,0.115899,0.059702,,,,2.706948,0.117226,0.052006
532.0025,2.653693,0.112676,2.501579,0.091087,0.153638,2.493801,0.091793,0.16125,2.495985,0.091616,0.159108,2.714758,0.115899,0.06115,,,,2.706948,0.117226,0.053449
532.2034,2.65233,0.112731,2.501579,0.091087,0.152297,2.492054,0.091917,0.161622,2.495985,0.091616,0.157765,2.714758,0.115899,0.062508,,,,2.706948,0.117226,0.054802
532.3983,2.651346,0.112766,2.501579,0.091087,0.151327,2.492054,0.091917,0.16065,2.492496,0.091886,0.160216,2.714758,0.115899,0.06349,,,,2.705216,0.117482,0.054076
532.5998,2.650581,0.112791,2.501579,0.091087,0.150574,2.492054,0.091917,0.159895,2.492496,0.091886,0.159461,2.714758,0.115899,0.064252,,,,2.705216,0.117482,0.054836
532.8027,2.649731,0.112815,2.501579,0.091087,0.149736,2.488801,0.092124,0.162255,2.490869,0.091987,0.160221,2.714758,0.115899,0.0651,,,,2.701987,0.117935,0.052506
533.0161,2.648806,0.112837,2.501579,0.091087,0.148824,2.488801,0.092124,0.16134,2.490869,0.091987,0.159307,2.714758,0.115899,0.066023,,,,2.701987,0.117935,0.053425
533.203,2.647964,0.112853,2.501579,0.091087,0.147994,2.487194,0.092201,0.162091,2.489263,0.092075,0.160056,2.714758,0.115899,0.066863,,,,2.700391,0.118133,0.052692
533.3987,2.647169,0.112865,2.501579,0.091087,0.147209,2.487194,0.092201,0.161304,2.487787,0.092142,0.160723,2.714758,0.115899,0.067658,,,,2.698922,0.118303,0.052039
533.6041,2.647169,0.112865,2.501579,0.091087,0.147209,2.487194,0.092201,0.161304,2.487787,0.092142,0.160723,2.714758,0.115899,0.067658,,,,2.698922,0.118303,0.052039
533.8057,2.646738,0.112871,2.501579,0.091087,0.146784,2.487194,0.092201,0.160878,2.487787,0.092142,0.160298,2.714758,0.115899,0.068087,,,,2.698922,0.118303,0.052466
534.0088,2.645835,0.112878,2.501579,0.091087,0.145892,2.487194,0.092201,0.159983,2.487787,0.092142,0.159403,2.714758,0.115899,0.068989,,,,2.698922,0.118303,0.053363
534.1984,2.645581,0.112879,2.501579,0.091087,0.145641,2.484811,0.092295,0.162083,2.486595,0.092187,0.160327,2.714758,0.115899,0.069243,,,,2.697737,0.11843,0.05245
534.4111,2.645152,0.11288,2.501579,0.091087,0.145217,2.484811,0.092295,0.161657,2.486595,0.092187,0.159902,2.714758,0.115899,0.069671,,,,2.697737,0.11843,0.052876
534.5995,2.643448,0.11287,2.501579,0.091087,0.143531,2.483685,0.09232,0.161079,2.48547,0.09222,0.159322,2.714758,0.115899,0.071374,,,,2.696616,0.118541,0.05347
534.7997,2.643448,0.11287,2.501579,0.091087,0.143531,2.483685,0.09232,0.161079,2.48547,0.09222,0.159322,2.714758,0.115899,0.071374,,,,2.696616,0.118541,0.05347
535.0053,2.643297,0.112868,2.501579,0.091087,0.143381,2.483685,0.09232,0.160929,2.48547,0.09222,0.159172,2.714758,0.115899,0.071526,,,,2.696616,0.118541,0.05362
535.218,2.642541,0.112857,2.501579,0.091087,0.142633,2.483685,0.09232,0.160178,2.48547,0.09222,0.158421,2.714758,0.115899,0.072281,,,,2.696616,0.118541,0.054373
535.4051,2.640921,0.112823,2.501579,0.091087,0.141027,2.482252,0.092338,0.159986,2.482603,0.092277,0.159645,2.714758,0.115899,0.073901,,,,2.695189,0.118669,0.054581
535.6043,2.640303,0.112805,2.501579,0.091087,0.140413,2.480819,0.092345,0.160791,2.482603,0.092277,0.15903,2.714758,0.115899,0.074519,,,,2.69376,0.118785,0.05379
535.8236,2.640303,0.112805,2.501579,0.091087,0.140413,2.480819,0.092345,0.160791,2.482603,0.092277,0.15903,2.714758,0.115899,0.074519,,,,2.69376,0.118785,0.05379
536.0074,2.639523,0.112779,2.501579,0.091087,0.139639,2.480819,0.092345,0.160014,2.482603,0.092277,0.158253,2.714758,0.115899,0.0753,,,,2.69376,0.118785,0.054568
536.1995,2.639091,0.112762,2.501579,0.091087,0.13921,2.478835,0.092336,0.161553,2.480619,0.092282,0.15979,2.714758,0.115899,0.075732,,,,2.692623,0.118867,0.053878
536.4022,2.638823,0.11275,2.474795,0.085243,0.166319,2.478835,0.092336,0.161285,2.480619,0.092282,0.159522,2.714758,0.115899,0.076,,,,2.692623,0.118867,0.054146
536.6094,2.637698,0.112695,2.474795,0.085243,0.1652,2.474821,0.08528,0.165167,2.480619,0.092282,0.158399,2.714758,0.115899,0.077127,,,,2.690657,0.11899,0.053332
536.7984,2.637323,0.112674,2.474795,0.085243,0.164826,2.474821,0.08528,0.164794,2.474841,0.085282,0.164774,2.714758,0.115899,0.077503,,,,2.690657,0.11899,0.053707
536.9983,2.636436,0.112619,2.474795,0.085243,0.163943,2.473857,0.085255,0.164866,2.473877,0.085257,0.164846,2.714758,0.115899,0.078391,,,,2.690657,0.11899,0.054594
537.1987,2.635714,0.112568,2.474795,0.085243,0.163223,2.472983,0.085224,0.165012,2.473003,0.085226,0.164992,2.714758,0.115899,0.079114,,,,2.689692,0.119031,0.054364
537.4046,2.635714,0.112568,2.474795,0.085243,0.163223,2.472983,0.085224,0.165012,2.473003,0.085226,0.164992,2.714758,0.115899,0.079114,,,,2.689692,0.119031,0.054364
537.6203,2.635151,0.112524,2.474795,0.085243,0.16266,2.472218,0.085189,0.16521,2.473003,0.085226,0.164429,2.714758,0.115899,0.079679,,,,2.688161,0.119081,0.053414
537.8757,2.635151,0.112524,2.474795,0.085243,0.16266,2.472218,0.085189,0.16521,2.472238,0.085191,0.16519,2.714758,0.115899,0.079679,,,,2.688161,0.119081,0.053414
538.0035,2.634503,0.112469,2.474795,0.085243,0.162013,2.471728,0.085161,0.165051,2.472238,0.085191,0.164542,2.714758,0.115899,0.080328,,,,2.688161,0.119081,0.054063
538.1988,2.634503,0.112469,2.474795,0.085243,0.162013,2.471728,0.085161,0.165051,2.472238,0.085191,0.164542,2.714758,0.115899,0.080328,,,,2.688161,0.119081,0.054063
538.4048,2.634252,0.112446,2.474795,0.085243,0.161761,2.471728,0.085161,0.164799,2.472238,0.085191,0.164291,2.714758,0.115899,0.08058,,,,2.688161,0.119081,0.054316
538.5997,2.634108,0.112432,2.474795,0.085243,0.161617,2.471728,0.085161,0.164655,2.472238,0.085191,0.164147,2.714758,0.115899,0.080724,,,,2.688161,0.119081,0.05446
538.8109,2.634061,0.112427,2.474795,0.085243,0.161569,2.471728,0.085161,0.164607,2.472238,0.085191,0.164099,2.714758,0.115899,0.080772,,,,2.688161,0.119081,0.054508
539.0001,2.633181,0.112331,2.474795,0.085243,0.160686,2.471345,0.085135,0.164105,2.471054,0.085118,0.164395,2.714758,0.115899,0.081655,,,,2.687395,0.119091,0.054634
539.2083,2.632961,0.112304,2.474795,0.085243,0.160464,2.470653,0.085081,0.164575,2.471054,0.085118,0.164173,2.714758,0.115899,0.081877,,,,2.6867,0.119084,0.054166
539.4016,2.632961,0.112304,2.474795,0.085243,0.160464,2.470653,0.085081,0.164575,2.471054,0.085118,0.164173,2.714758,0.115899,0.081877,,,,2.6867,0.119084,0.054166
539.5984,2.632758,0.112278,2.474795,0.085243,0.16026,2.470653,0.085081,0.164371,2.471054,0.085118,0.163969,2.714758,0.115899,0.08208,,,,2.6867,0.119084,0.05437
539.8493,2.632758,0.112278,2.474795,0.085243,0.16026,2.470653,0.085081,0.164371,2.471054,0.085118,0.163969,2.714758,0.115899,0.08208,,,,2.6867,0.119084,0.05437
540.0039,2.632758,0.112278,2.474795,0.085243,0.16026,2.470425,0.085059,0.164599,2.470599,0.085077,0.164424,2.714758,0.115899,0.08208,,,,2.686472,0.119077,0.054142
540.2045,2.632697,0.11227,2.474795,0.085243,0.160198,2.470425,0.085059,0.164537,2.470599,0.085077,0.164362,2.714758,0.115899,0.082142,,,,2.686472,0.119077,0.054204
540.4037,2.632537,0.112248,2.474795,0.085243,0.160037,2.470425,0.085059,0.164376,2.470599,0.085077,0.164201,2.714758,0.115899,0.082302,,,,2.686472,0.119077,0.054366
540.5986,2.632537,0.112248,2.474795,0.085243,0.160037,2.470425,0.085059,0.164376,2.470599,0.085077,0.164201,2.714758,0.115899,0.082302,,,,2.686472,0.119077,0.054366
540.9919,2.632537,0.112248,2.474795,0.085243,0.160037,2.470425,0.085059,0.164376,2.470599,0.085077,0.164201,2.714758,0.115899,0.082302,,,,2.686472,0.119077,0.054366
541.0115,2.632521,0.112246,2.482153,0.088654,0.152207,2.481996,0.08863,0.152366,2.481977,0.088627,0.152386,2.714758,0.115899,0.082318,,,,2.686472,0.119077,0.054382
541.2396,2.63225,0.112206,2.482153,0.088654,0.151933,2.481996,0.08863,0.152092,2.481977,0.088627,0.152112,2.714758,0.115899,0.082591,,,,2.686472,0.119077,0.054656
541.3995,2.631979,0.11216,2.482153,0.088654,0.151659,2.481996,0.08863,0.151818,2.481977,0.088627,0.151837,2.714758,0.115899,0.082863,,,,2.686472,0.119077,0.05493
541.6012,2.631977,0.11216,2.482153,0.088654,0.151657,2.481996,0.08863,0.151815,2.481977,0.088627,0.151835,2.714758,0.115899,0.082866,,,,2.686472,0.119077,0.054932
541.9158,2.631977,0.11216,2.482153,0.088654,0.151657,2.481996,0.08863,0.151815,2.481977,0.088627,0.151835,2.714758,0.115899,0.082866,,,,2.686472,0.119077,0.054932
541.9986,2.632029,0.112171,2.482153,0.088654,0.15171,2.481996,0.08863,0.151868,2.481977,0.088627,0.151888,2.714758,0.115899,0.082813,,,,2.686472,0.119077,0.054879
542.2154,2.632029,0.112171,2.482153,0.088654,0.15171,2.481996,0.08863,0.151868,2.481977,0.088627,0.151888,2.714758,0.115899,0.082813,,,,2.686472,0.119077,0.054879
542.4051,2.632081,0.112183,2.482153,0.088654,0.151763,2.481996,0.08863,0.151922,2.481977,0.088627,0.151941,2.714758,0.115899,0.082761,,,,2.686472,0.119077,0.054826
542.5984,2.632081,0.112183,2.482153,0.088654,0.151763,2.481996,0.08863,0.151922,2.481977,0.088627,0.151941,2.714758,0.115899,0.082761,,,,2.686472,0.119077,0.054826
542.8329,2.632081,0.112183,2.482153,0.088654,0.151763,2.481996,0.08863,0.151922,2.481977,0.088627,0.151941,2.714758,0.115899,0.082761,,,,2.686472,0.119077,0.054826
543.0083,2.63214,0.112199,2.482153,0.088654,0.151824,2.481996,0.08863,0.151983,2.481977,0.088627,0.152002,2.714758,0.115899,0.082701,,,,2.686472,0.119077,0.054765
543.2002,2.63214,0.112199,2.482153,0.088654,0.151824,2.481996,0.08863,0.151983,2.481977,0.088627,0.152002,2.714758,0.115899,0.082701,,,,2.686472,0.119077,0.054765
543.4099,2.63217,0.112206,2.482153,0.088654,0.151854,2.481996,0.08863,0.152013,2.481977,0.088627,0.152032,2.714758,0.115899,0.082671,,,,2.686472,0.119077,0.054735
543.5983,2.632425,0.112269,2.482153,0.088654,0.152116,2.481996,0.08863,0.152275,2.482282,0.088688,0.151983,2.714758,0.115899,0.082413,,,,2.686472,0.119077,0.054474
543.8017,2.632425,0.112269,2.482153,0.088654,0.152116,2.481996,0.08863,0.152275,2.482282,0.088688,0.151983,2.714758,0.115899,0.082413,,,,2.686472,0.119077,0.054474
543.9985,2.632527,0.112296,2.482153,0.088654,0.152221,2.482301,0.088694,0.152069,2.482282,0.088688,0.152088,2.714758,0.115899,0.08231,,,,2.6869,0.119135,0.054801
544.1995,2.632527,0.112296,2.482153,0.088654,0.152221,2.482301,0.088694,0.152069,2.482282,0.088688,0.152088,2.714758,0.115899,0.08231,,,,2.6869,0.119135,0.054801
544.4068,2.632527,0.112296,2.482153,0.088654,0.152221,2.482301,0.088694,0.152069,2.482282,0.088688,0.152088,2.714758,0.115899,0.08231,,,,2.6869,0.119135,0.054801
544.5992,2.632576,0.11231,2.482153,0.088654,0.152272,2.482301,0.088694,0.15212,2.482282,0.088688,0.152139,2.714758,0.115899,0.08226,,,,2.6869,0.119135,0.054751
545.0015,2.632576,0.11231,2.482153,0.088654,0.152272,2.482301,0.088694,0.15212,2.482282,0.088688,0.152139,2.714758,0.115899,0.08226,,,,2.6869,0.119135,0.054751
545.2001,2.632747,0.112359,2.490438,0.084939,0.144926,2.490306,0.084964,0.145052,2.490284,0.084968,0.145072,2.714758,0.115899,0.082087,,,,2.6869,0.119135,0.054575
545.4015,2.632747,0.112359,2.490438,0.084939,0.144926,2.490306,0.084964,0.145052,2.490284,0.084968,0.145072,2.714758,0.115899,0.082087,,,,2.6869,0.119135,0.054575
545.6053,2.63296,0.112423,2.490438,0.084939,0.145147,2.490604,0.085042,0.144965,2.490582,0.085046,0.144986,2.714758,0.115899,0.081872,,,,2.687203,0.119191,0.054664
545.9323,2.63296,0.112424,2.490438,0.084939,0.145148,2.490604,0.085042,0.144966,2.490582,0.085046,0.144987,2.714758,0.115899,0.081872,,,,2.687203,0.119191,0.054663
546.007,2.632965,0.112426,2.490438,0.084939,0.145154,2.490604,0.085042,0.144972,2.490582,0.085046,0.144992,2.714758,0.115899,0.081866,,,,2.687203,0.119191,0.054657
546.2027,2.632965,0.112426,2.490438,0.084939,0.145154,2.490604,0.085042,0.144972,2.490582,0.085046,0.144992,2.714758,0.115899,0.081866,,,,2.687203,0.119191,0.054657
546.4103,2.632969,0.112428,2.490438,0.084939,0.145158,2.490604,0.085042,0.144976,2.490582,0.085046,0.144996,2.714758,0.115899,0.081862,,,,2.687203,0.119191,0.054653
546.6027,2.632969,0.112428,2.490438,0.084939,0.145158,2.490604,0.085042,0.144976,2.490582,0.085046,0.144996,2.714758,0.115899,0.081862,,,,2.687203,0.119191,0.054653
546.8104,2.632969,0.112428,2.490438,0.084939,0.145158,2.490604,0.085042,0.144976,2.490582,0.085046,0.144996,2.714758,0.115899,0.081862,,,,2.687203,0.119191,0.054653
547.0002,2.632952,0.112424,2.490438,0.084939,0.14514,2.490604,0.085042,0.144958,2.490582,0.085046,0.144978,2.714758,0.115899,0.08188,,,,2.687203,0.119191,0.054671
547.2074,2.632944,0.112422,2.490438,0.084939,0.145131,2.490604,0.085042,0.144949,2.490582,0.085046,0.14497,2.714758,0.115899,0.081888,,,,2.687203,0.119191,0.05468
547.4081,2.63293,0.112419,2.490438,0.084939,0.145117,2.490604,0.085042,0.144935,2.490582,0.085046,0.144956,2.714758,0.115899,0.081903,,,,2.687203,0.119191,0.054694
547.6029,2.632949,0.112427,2.490438,0.084939,0.145138,2.490604,0.085042,0.144956,2.490582,0.085046,0.144976,2.714758,0.115899,0.081882,,,,2.687203,0.119191,0.054673
547.8394,2.632949,0.112427,2.490438,0.084939,0.145138,2.490604,0.085042,0.144956,2.490582,0.085046,0.144976,2.714758,0.115899,0.081882,,,,2.687203,0.119191,0.054673
548.0007,2.632899,0.112411,2.490438,0.084939,0.145085,2.490604,0.085042,0.144903,2.490582,0.085046,0.144924,2.714758,0.115899,0.081934,,,,2.687203,0.119191,0.054726
548.1988,2.632892,0.112409,2.490438,0.084939,0.145078,2.490604,0.085042,0.144896,2.490582,0.085046,0.144917,2.714758,0.115899,0.081941,,,,2.687203,0.119191,0.054732
548.3997,2.632865,0.1124,2.490438,0.084939,0.14505,2.490604,0.085042,0.144868,2.490582,0.085046,0.144888,2.714758,0.115899,0.081968,,,,2.687203,0.119191,0.054761
548.5984,2.632865,0.1124,2.490438,0.084939,0.14505,2.490604,0.085042,0.144868,2.490582,0.085046,0.144888,2.714758,0.115899,0.081968,,,,2.687203,0.119191,0.054761
548.7999,2.632852,0.112396,2.490438,0.084939,0.145036,2.490604,0.085042,0.144854,2.490582,0.085046,0.144875,2.714758,0.115899,0.081981,,,,2.687203,0.119191,0.054774
549.0015,2.632852,0.112396,2.490438,0.084939,0.145036,2.490604,0.085042,0.144854,2.490582,0.085046,0.144875,2.714758,0.115899,0.081981,,,,2.687203,0.119191,0.054774
549.2,2.632828,0.112388,2.49171,0.08772,0.143258,2.491689,0.087701,0.143282,2.491689,0.087701,0.143282,2.714758,0.115899,0.082005,,,,2.687203,0.119191,0.054799
549.3986,2.632823,0.112387,2.49171,0.08772,0.143252,2.491689,0.087701,0.143276,2.491689,0.087701,0.143277,2.714758,0.115899,0.08201,,,,2.687203,0.119191,0.054804
549.618,2.632816,0.112385,2.49171,0.08772,0.143245,2.491689,0.087701,0.143269,2.491689,0.087701,0.143269,2.714758,0.115899,0.082018,,,,2.687203,0.119191,0.054811
549.8754,2.632814,0.112385,2.49171,0.08772,0.143244,2.491689,0.087701,0.143268,2.491689,0.087701,0.143268,2.714758,0.115899,0.082019,,,,2.687203,0.119191,0.054812
550.0022,2.632812,0.112385,2.49171,0.08772,0.143241,2.491689,0.087701,0.143265,2.491689,0.087701,0.143266,2.714758,0.115899,0.082022,,,,2.687203,0.119191,0.054815
550.2111,2.632809,0.112384,2.49171,0.08772,0.143239,2.491689,0.087701,0.143262,2.491689,0.087701,0.143263,2.714758,0.115899,0.082024,,,,2.687203,0.119191,0.054818
550.4148,2.632825,0.112392,2.49171,0.08772,0.143255,2.491689,0.087701,0.143279,2.491689,0.087701,0.143279,2.714758,0.115899,0.082009,,,,2.687203,0.119191,0.054801
550.5983,2.632827,0.112394,2.49171,0.08772,0.143257,2.491689,0.087701,0.143281,2.491689,0.087701,0.143282,2.714758,0.115899,0.082006,,,,2.687203,0.119191,0.054799
550.8401,2.632827,0.112394,2.49171,0.08772,0.143257,2.491689,0.087701,0.143281,2.491689,0.087701,0.143282,2.714758,0.115899,0.082006,,,,2.687203,0.119191,0.054799
550.9987,2.632822,0.112392,2.49171,0.08772,0.143252,2.491689,0.087701,0.143276,2.491689,0.087701,0.143277,2.714758,0.115899,0.082011,,,,2.687203,0.119191,0.054804
551.1988,2.632821,0.112392,2.49171,0.08772,0.143252,2.491689,0.087701,0.143276,2.491689,0.087701,0.143276,2.714758,0.115899,0.082012,,,,2.687203,0.119191,0.054805
551.4387,2.632817,0.112391,2.49171,0.08772,0.143248,2.491689,0.087701,0.143272,2.491689,0.087701,0.143272,2.714758,0.115899,0.082016,,,,2.687203,0.119191,0.054809
551.6196,2.632803,0.112387,2.49171,0.08772,0.143233,2.491689,0.087701,0.143257,2.491689,0.087701,0.143257,2.62588,0.124261,0.013745,,,,2.625961,0.124263,0.013706
551.8159,2.632803,0.112387,2.49171,0.08772,0.143233,2.491689,0.087701,0.143257,2.491689,0.087701,0.143257,2.62588,0.124261,0.013745,,,,2.625961,0.124263,0.013706
552.0189,2.632803,0.112387,2.49171,0.08772,0.143233,2.491689,0.087701,0.143257,2.491689,0.087701,0.143257,2.62588,0.124261,0.013745,,,,2.625961,0.124263,0.013706
552.2012,2.632795,0.112385,2.49171,0.08772,0.143225,2.491689,0.087701,0.143249,2.491689,0.087701,0.143249,2.62588,0.124261,0.013743,,,,2.625961,0.124263,0.013704
552.4108,2.632838,0.112408,2.49171,0.08772,0.143271,2.491689,0.087701,0.143295,2.491689,0.087701,0.143295,2.62588,0.124261,0.013744,,,,2.625961,0.124263,0.013705
552.6126,2.632838,0.112408,2.49171,0.08772,0.143271,2.491689,0.087701,0.143295,2.491689,0.087701,0.143295,2.62588,0.124261,0.013744,,,,2.625961,0.124263,0.013705
552.9695,2.632838,0.112408,2.49171,0.08772,0.143271,2.491689,0.087701,0.143295,2.491689,0.087701,0.143295,2.62588,0.124261,0.013744,,,,2.625961,0.124263,0.013705
552.9981,2.632938,0.112462,2.49171,0.08772,0.143379,2.491689,0.087701,0.143402,2.491689,0.087701,0.143403,2.62588,0.124261,0.013749,,,,2.625961,0.124263,0.013709
553.2029,2.63295,0.112469,2.49171,0.08772,0.143392,2.491689,0.087701,0.143416,2.491689,0.087701,0.143416,2.62588,0.124261,0.013749,,,,2.625961,0.124263,0.013709
553.4094,2.632956,0.112472,2.49171,0.08772,0.143399,2.491689,0.087701,0.143422,2.491689,0.087701,0.143423,2.62588,0.124261,0.013749,,,,2.625961,0.124263,0.013709
553.599,2.633031,0.112514,2.49171,0.08772,0.14348,2.491689,0.087701,0.143504,2.491689,0.087701,0.143504,2.62588,0.124261,0.013753,,,,2.625961,0.124263,0.013712
553.8168,2.633031,0.112514,2.49171,0.08772,0.14348,2.491689,0.087701,0.143504,2.491689,0.087701,0.143504,2.62588,0.124261,0.013753,,,,2.625961,0.124263,0.013712
554.0086,2.633168,0.112591,2.479345,0.089652,0.155524,2.479595,0.089677,0.155273,2.47963,0.089681,0.155238,2.62588,0.124261,0.013759,,,,2.626213,0.124306,0.013624
554.1992,2.633296,0.112664,2.479345,0.089652,0.155661,2.479595,0.089677,0.15541,2.47963,0.089681,0.155375,2.62588,0.124261,0.013765,,,,2.626521,0.124362,0.013518
554.3985,2.633309,0.112672,2.479345,0.089652,0.155675,2.479595,0.089677,0.155424,2.47963,0.089681,0.15539,2.62588,0.124261,0.013765,,,,2.626521,0.124362,0.013518
554.6077,2.633518,0.112797,2.479345,0.089652,0.1559,2.480163,0.089977,0.155043,2.480198,0.08998,0.155009,2.62588,0.124261,0.013775,,,,2.626817,0.12442,0.013417
554.8087,2.633518,0.112797,2.479345,0.089652,0.1559,2.480163,0.089977,0.155043,2.480198,0.08998,0.155009,2.62588,0.124261,0.013775,,,,2.626817,0.12442,0.013417
555.0372,2.633579,0.112834,2.479345,0.089652,0.155966,2.480454,0.09014,0.154798,2.480488,0.090143,0.154763,2.62588,0.124261,0.013778,,,,2.627469,0.124558,0.01322
555.1983,2.633671,0.11289,2.479345,0.089652,0.156065,2.480454,0.09014,0.154896,2.480488,0.090143,0.154862,2.62588,0.124261,0.013783,,,,2.627469,0.124558,0.013213
555.4081,2.633849,0.113001,2.479345,0.089652,0.156258,2.480454,0.09014,0.155089,2.480873,0.090366,0.154641,2.62588,0.124261,0.013794,,,,2.627901,0.124661,0.013088
555.6055,2.633849,0.113001,2.479345,0.089652,0.156258,2.480454,0.09014,0.155089,2.480873,0.090366,0.154641,2.62588,0.124261,0.013794,,,,2.627901,0.124661,0.013088
555.8551,2.633849,0.113001,2.479345,0.089652,0.156258,2.480454,0.09014,0.155089,2.480873,0.090366,0.154641,2.62588,0.124261,0.013794,,,,2.627901,0.124661,0.013088
555.9988,2.634043,0.113125,2.479345,0.089652,0.156469,2.480454,0.09014,0.1553,2.480873,0.090366,0.154852,2.62588,0.124261,0.013808,,,,2.627901,0.124661,0.013069
556.2087,2.634185,0.113216,2.479345,0.089652,0.156623,2.480839,0.090363,0.15504,2.480873,0.090366,0.155006,2.62588,0.124261,0.013819,,,,2.628386,0.124783,0.012939
556.4087,2.634574,0.113474,2.479345,0.089652,0.157045,2.481268,0.090619,0.155,2.481302,0.090622,0.154966,2.62588,0.124261,0.013854,,,,2.628386,0.124783,0.012892
556.5989,2.634622,0.113506,2.479345,0.089652,0.157098,2.481268,0.090619,0.155053,2.481302,0.090622,0.155019,2.62588,0.124261,0.013859,,,,2.628386,0.124783,0.012886
556.8095,2.634954,0.113735,2.479345,0.089652,0.157461,2.482163,0.091171,0.154448,2.481726,0.090883,0.154923,2.62588,0.124261,0.013898,,,,2.628866,0.124912,0.012727
557.0004,2.635143,0.113867,2.479345,0.089652,0.157668,2.482163,0.091171,0.154654,2.481726,0.090883,0.15513,2.62588,0.124261,0.013922,,,,2.628866,0.124912,0.012703
557.2138,2.635143,0.113867,2.479345,0.089652,0.157668,2.482163,0.091171,0.154654,2.481726,0.090883,0.15513,2.62588,0.124261,0.013922,,,,2.628866,0.124912,0.012703
557.3984,2.635516,0.114134,2.479345,0.089652,0.158078,2.483214,0.09187,0.153921,2.483238,0.091866,0.153898,2.62588,0.124261,0.013978,,,,2.630597,0.125419,0.01231
557.5987,2.635516,0.114134,2.479345,0.089652,0.158078,2.483214,0.09187,0.153921,2.483238,0.091866,0.153898,2.62588,0.124261,0.013978,,,,2.630597,0.125419,0.01231
557.8053,2.63566,0.11424,2.479345,0.089652,0.158237,2.483214,0.09187,0.154079,2.483238,0.091866,0.154056,2.62588,0.124261,0.014003,,,,2.630597,0.125419,0.012273
557.9982,2.635853,0.114382,2.479345,0.089652,0.158449,2.483214,0.09187,0.15429,2.483238,0.091866,0.154268,2.62588,0.124261,0.014037,,,,2.630597,0.125419,0.012225
558.2085,2.635878,0.114401,2.479345,0.089652,0.158477,2.483214,0.09187,0.154318,2.483238,0.091866,0.154295,2.62588,0.124261,0.014042,,,,2.630597,0.125419,0.012219
558.4089,2.635878,0.114401,2.479345,0.089652,0.158477,2.483214,0.09187,0.154318,2.483238,0.091866,0.154295,2.62588,0.124261,0.014042,,,,2.630597,0.125419,0.012219
558.6022,2.636052,0.114531,2.492958,0.095513,0.144353,2.483214,0.09187,0.154509,2.483238,0.091866,0.154487,2.62588,0.124261,0.014076,,,,2.630597,0.125419,0.012178
558.9314,2.636127,0.114587,2.492958,0.095513,0.144434,2.483214,0.09187,0.154591,2.483238,0.091866,0.154568,2.62588,0.124261,0.014092,,,,2.630597,0.125419,0.012162
558.9994,2.63662,0.114966,2.492958,0.095513,0.144974,2.492797,0.095468,0.145139,2.492798,0.095468,0.145138,2.62588,0.124261,0.014204,,,,2.631314,0.125655,0.011934
559.2217,2.637091,0.115338,2.492958,0.095513,0.14549,2.492797,0.095468,0.145655,2.492798,0.095468,0.145655,2.62588,0.124261,0.014328,,,,2.631314,0.125655,0.011825
559.4026,2.637534,0.115698,2.492958,0.095513,0.145979,2.494049,0.096363,0.144782,2.49405,0.096363,0.144781,2.62588,0.124261,0.014461,,,,2.632768,0.126159,0.011495
559.6005,2.637534,0.115698,2.492958,0.095513,0.145979,2.494049,0.096363,0.144782,2.49405,0.096363,0.144781,2.62588,0.124261,0.014461,,,,2.632768,0.126159,0.011495
560.0124,2.637534,0.115698,2.492958,0.095513,0.145979,2.494049,0.096363,0.144782,2.49405,0.096363,0.144781,2.62588,0.124261,0.014461,,,,2.632768,0.126159,0.011495
560.2039,2.637969,0.116064,2.492958,0.095513,0.14646,2.495198,0.097251,0.144005,2.495163,0.097211,0.144044,2.62588,0.124261,0.014606,,,,2.634122,0.126685,0.011296
560.3988,2.637969,0.116064,2.492958,0.095513,0.14646,2.495198,0.097251,0.144005,2.495163,0.097211,0.144044,2.62588,0.124261,0.014606,,,,2.634122,0.126685,0.011296
560.5989,2.637969,0.116064,2.492958,0.095513,0.14646,2.495198,0.097251,0.144005,2.495163,0.097211,0.144044,2.62588,0.124261,0.014606,,,,2.634122,0.126685,0.011296
560.8046,2.638206,0.116268,2.492958,0.095513,0.146724,2.495198,0.097251,0.144267,2.495163,0.097211,0.144306,2.62588,0.124261,0.014691,,,,2.634122,0.126685,0.011189
561.0209,2.638206,0.116268,2.492958,0.095513,0.146724,2.495198,0.097251,0.144267,2.495163,0.097211,0.144306,2.62588,0.124261,0.014691,,,,2.634122,0.126685,0.011189
561.2037,2.639034,0.117005,2.492958,0.095513,0.147649,2.49641,0.09825,0.143852,2.496375,0.09821,0.143892,2.62588,0.124261,0.015022,,,,2.634841,0.126984,0.010824
561.3984,2.639034,0.117005,2.492958,0.095513,0.147649,2.49641,0.09825,0.143852,2.496375,0.09821,0.143892,2.62588,0.124261,0.015022,,,,2.634841,0.126984,0.010824
561.5993,2.639362,0.117307,2.492958,0.095513,0.148018,2.49641,0.09825,0.144217,2.496375,0.09821,0.144257,2.62588,0.124261,0.015169,,,,2.634841,0.126984,0.010681
561.8135,2.639417,0.117358,2.492958,0.095513,0.148079,2.49641,0.09825,0.144278,2.496375,0.09821,0.144318,2.62588,0.124261,0.015195,,,,2.634841,0.126984,0.010658
562.0016,2.639907,0.117822,2.492958,0.095513,0.148634,2.49641,0.09825,0.144826,2.496375,0.09821,0.144866,2.62588,0.124261,0.015434,,,,2.635567,0.127299,0.010423
562.2026,2.640576,0.118475,2.492958,0.095513,0.149394,2.497884,0.099523,0.143945,2.497849,0.099484,0.143985,2.62588,0.124261,0.015794,,,,2.637341,0.128101,0.010156
562.4031,2.640576,0.118475,2.492958,0.095513,0.149394,2.498565,0.100149,0.143188,2.49853,0.100111,0.143228,2.62588,0.124261,0.015794,,,,2.638173,0.128509,0.010319
562.5996,2.640576,0.118475,2.492958,0.095513,0.149394,2.498565,0.100149,0.143188,2.49853,0.100111,0.143228,2.62588,0.124261,0.015794,,,,2.638173,0.128509,0.010319
563.0641,2.640576,0.118475,2.492958,0.095513,0.149394,2.498565,0.100149,0.143188,2.49853,0.100111,0.143228,2.62588,0.124261,0.015794,,,,2.638173,0.128509,0.010319
563.2084,2.640906,0.118805,2.492958,0.095513,0.14977,2.498565,0.100149,0.143557,2.49853,0.100111,0.143598,2.62588,0.124261,0.015985,,,,2.638173,0.128509,0.010082
563.4118,2.640974,0.118874,2.492958,0.095513,0.149848,2.498565,0.100149,0.143634,2.49853,0.100111,0.143674,2.62588,0.124261,0.016026,,,,2.638173,0.128509,0.010034
563.6127,2.641517,0.119431,2.497389,0.097339,0.145811,2.498565,0.100149,0.144246,2.497452,0.097382,0.145743,2.62588,0.124261,0.016365,,,,2.638173,0.128509,0.009674
564.032,2.641685,0.119607,2.497389,0.097339,0.146004,2.498565,0.100149,0.144436,2.497452,0.097382,0.145936,2.62588,0.124261,0.016476,,,,2.638173,0.128509,0.00957
564.2398,2.642259,0.120217,2.497389,0.097339,0.146666,2.497465,0.097387,0.146583,2.497452,0.097382,0.146597,2.62588,0.124261,0.016871,,,,2.639167,0.129017,0.009327
564.4078,2.642993,0.121021,2.497389,0.097339,0.147517,2.498278,0.098175,0.146507,2.498257,0.098162,0.14653,2.62588,0.124261,0.017416,,,,2.640157,0.129543,0.008981
564.6042,2.643124,0.121168,2.497389,0.097339,0.147671,2.498278,0.098175,0.14666,2.498257,0.098162,0.146683,2.62588,0.124261,0.017519,,,,2.640157,0.129543,0.008885
565.1849,2.643124,0.121168,2.497389,0.097339,0.147671,2.498278,0.098175,0.14666,2.498257,0.098162,0.146683,2.62588,0.124261,0.017519,,,,2.640157,0.129543,0.008885
565.2016,2.643224,0.12128,2.497389,0.097339,0.147787,2.499964,0.099864,0.144851,2.499057,0.098962,0.145883,2.62588,0.124261,0.017598,,,,2.641149,0.13009,0.009051
565.4016,2.643942,0.122104,2.497389,0.097339,0.148631,2.499964,0.099864,0.145686,2.499853,0.099784,0.145808,2.62588,0.124261,0.01819,,,,2.642141,0.130658,0.008741
565.5984,2.643942,0.122104,2.497389,0.097339,0.148631,2.499964,0.099864,0.145686,2.499853,0.099784,0.145808,2.62588,0.124261,0.01819,,,,2.642141,0.130658,0.008741
565.8266,2.643942,0.122104,2.497389,0.097339,0.148631,2.499964,0.099864,0.145686,2.499853,0.099784,0.145808,2.62588,0.124261,0.01819,,,,2.642141,0.130658,0.008741
566.0029,2.644123,0.122316,2.497389,0.097339,0.148845,2.499964,0.099864,0.145897,2.499853,0.099784,0.146019,2.62588,0.124261,0.018346,,,,2.642141,0.130658,0.008574
566.2166,2.644123,0.122316,2.497389,0.097339,0.148845,2.499964,0.099864,0.145897,2.499853,0.099784,0.146019,2.62588,0.124261,0.018346,,,,2.642141,0.130658,0.008574
566.4226,2.644574,0.122852,2.497389,0.097339,0.14938,2.499964,0.099864,0.146426,2.499853,0.099784,0.146548,2.62588,0.124261,0.018747,,,,2.642141,0.130658,0.008177
566.5991,2.645518,0.124008,2.497389,0.097339,0.150511,2.500861,0.100822,0.146503,2.502551,0.102727,0.144542,2.62588,0.124261,0.019639,,,,2.643166,0.131267,0.007631
566.9354,2.645518,0.124008,2.497389,0.097339,0.150511,2.500861,0.100822,0.146503,2.502551,0.102727,0.144542,2.62588,0.124261,0.019639,,,,2.645496,0.132703,0.008695
567.0023,2.645518,0.124008,2.497389,0.097339,0.150511,2.500861,0.100822,0.146503,2.502551,0.102727,0.144542,2.62588,0.124261,0.019639,,,,2.645496,0.132703,0.008695
567.1981,2.646132,0.124786,2.497389,0.097339,0.151255,2.500861,0.100822,0.147235,2.502551,0.102727,0.145266,2.62588,0.124261,0.020259,,,,2.645496,0.132703,0.007943
567.3988,2.646762,0.125602,2.497389,0.097339,0.152024,2.502901,0.103073,0.145615,2.503535,0.103884,0.144865,2.62588,0.124261,0.020925,,,,2.645496,0.132703,0.007213
567.6015,2.646926,0.125818,2.497389,0.097339,0.152225,2.502901,0.103073,0.14581,2.503535,0.103884,0.145059,2.62588,0.124261,0.021103,,,,2.645496,0.132703,0.007032
567.9947,2.646926,0.125818,2.497389,0.097339,0.152225,2.502901,0.103073,0.14581,2.503535,0.103884,0.145059,2.62588,0.124261,0.021103,,,,2.645496,0.132703,0.007032
568.0165,2.646967,0.125872,2.497389,0.097339,0.152275,2.50387,0.104216,0.144726,2.504487,0.105042,0.143995,2.62588,0.124261,0.021148,,,,2.647995,0.134357,0.008548
568.2219,2.647822,0.127026,2.497389,0.097339,0.153335,2.50387,0.104216,0.145748,2.504487,0.105042,0.145012,2.62588,0.124261,0.022115,,,,2.647995,0.134357,0.007334
568.4064,2.647911,0.127147,2.497389,0.097339,0.153445,2.504876,0.10544,0.144673,2.505473,0.106281,0.143958,2.62588,0.124261,0.022218,,,,2.647995,0.134357,0.007211
568.6107,2.647911,0.127147,2.497389,0.097339,0.153445,2.504876,0.10544,0.144673,2.505473,0.106281,0.143958,2.62588,0.124261,0.022218,,,,2.647995,0.134357,0.007211
568.9106,2.647911,0.127147,2.497389,0.097339,0.153445,2.504876,0.10544,0.144673,2.505473,0.106281,0.143958,2.62588,0.124261,0.022218,,,,2.647995,0.134357,0.007211
568.9988,2.648278,0.127655,2.497389,0.097339,0.153905,2.504876,0.10544,0.145112,2.505473,0.106281,0.144396,2.62588,0.124261,0.022653,,,,2.647995,0.134357,0.006708
569.2163,2.648326,0.127723,2.497389,0.097339,0.153965,2.504876,0.10544,0.14517,2.505473,0.106281,0.144453,2.62588,0.124261,0.022711,,,,2.647995,0.134357,0.006643
569.4068,2.649001,0.128676,2.505045,0.107303,0.145534,2.505061,0.107304,0.145518,2.505071,0.107312,0.145507,2.62588,0.124261,0.023538,,,,2.649287,0.135274,0.006604
569.6229,2.649509,0.129409,2.505045,0.107303,0.146146,2.505061,0.107304,0.14613,2.505071,0.107312,0.146118,2.62588,0.124261,0.024182,,,,2.649287,0.135274,0.005869
569.8311,2.649779,0.129806,2.505045,0.107303,0.146473,2.505061,0.107304,0.146458,2.506123,0.108704,0.145198,2.62588,0.124261,0.024533,,,,2.650749,0.136347,0.006612
570.0096,2.649869,0.129938,2.505045,0.107303,0.146583,2.505061,0.107304,0.146567,2.506123,0.108704,0.145306,2.62588,0.124261,0.024651,,,,2.650749,0.136347,0.006468
570.2351,2.650327,0.130621,2.505045,0.107303,0.147142,2.505061,0.107304,0.147126,2.506123,0.108704,0.14586,2.62588,0.124261,0.02526,,,,2.650749,0.136347,0.005741
570.4033,2.650918,0.13152,2.505045,0.107303,0.14787,2.507233,0.11017,0.145263,2.507185,0.110155,0.145312,2.62588,0.124261,0.026069,,,,2.653613,0.138521,0.007502
570.6004,2.651367,0.132216,2.505045,0.107303,0.148428,2.507233,0.11017,0.14581,2.507185,0.110155,0.14586,2.62588,0.124261,0.026699,,,,2.653613,0.138521,0.006694
570.8109,2.651502,0.132428,2.505045,0.107303,0.148597,2.507233,0.11017,0.145976,2.507185,0.110155,0.146025,2.62588,0.124261,0.026891,,,,2.653613,0.138521,0.006449
571.022,2.652423,0.133902,2.505045,0.107303,0.14976,2.50829,0.111662,0.145839,2.508241,0.111648,0.14589,2.62588,0.124261,0.028239,,,,2.653613,0.138521,0.00477
571.2088,2.652627,0.134234,2.505045,0.107303,0.150019,2.50829,0.111662,0.146091,2.509412,0.113361,0.144728,2.62588,0.124261,0.028545,,,,2.656838,0.141136,0.008085
571.4007,2.652627,0.134234,2.505045,0.107303,0.150019,2.50829,0.111662,0.146091,2.509412,0.113361,0.144728,2.62588,0.124261,0.028545,,,,2.656838,0.141136,0.008085
571.5986,2.652939,0.134747,2.505045,0.107303,0.150419,2.50829,0.111662,0.146479,2.509412,0.113361,0.145111,2.62588,0.124261,0.029019,,,,2.656838,0.141136,0.007485
571.804,2.652939,0.134747,2.505045,0.107303,0.150419,2.50829,0.111662,0.146479,2.509412,0.113361,0.145111,2.62588,0.124261,0.029019,,,,2.656838,0.141136,0.007485
572.0012,2.652939,0.134747,2.505045,0.107303,0.150419,2.50829,0.111662,0.146479,2.509412,0.113361,0.145111,2.62588,0.124261,0.029019,,,,2.656838,0.141136,0.007485
572.2011,2.652939,0.134747,2.505045,0.107303,0.150419,2.50829,0.111662,0.146479,2.509412,0.113361,0.145111,2.62588,0.124261,0.029019,,,,2.656838,0.141136,0.007485
572.3985,2.653155,0.135107,2.505045,0.107303,0.150698,2.50829,0.111662,0.146751,2.509412,0.113361,0.145379,2.62588,0.124261,0.029352,,,,2.656838,0.141136,0.007064
572.6068,2.654447,0.137304,2.505045,0.107303,0.152385,2.509463,0.113375,0.146946,2.509412,0.113361,0.146998,2.62588,0.124261,0.031404,,,,2.658612,0.14267,0.006793
572.8241,2.654447,0.137304,2.505045,0.107303,0.152385,2.509463,0.113375,0.146946,2.509412,0.113361,0.146998,2.62588,0.124261,0.031404,,,,2.658612,0.14267,0.006793
572.9982,2.655459,0.139089,2.505045,0.107303,0.153736,2.512072,0.117318,0.14503,2.512019,0.117306,0.145085,2.62588,0.124261,0.033087,,,,2.660376,0.144245,0.007125
573.2413,2.656425,0.140847,2.505045,0.107303,0.155053,2.513385,0.119442,0.144634,2.513329,0.119432,0.14469,2.62588,0.124261,0.034758,,,,2.662213,0.145937,0.007707
573.4108,2.65665,0.141263,2.505045,0.107303,0.155362,2.513385,0.119442,0.144917,2.513329,0.119432,0.144973,2.62588,0.124261,0.035154,,,,2.662213,0.145937,0.007266
573.6079,2.656977,0.141875,2.505045,0.107303,0.155816,2.513385,0.119442,0.145334,2.513329,0.119432,0.14539,2.62588,0.124261,0.035739,,,,2.662213,0.145937,0.006626
574.0592,2.656977,0.141875,2.505045,0.107303,0.155816,2.513385,0.119442,0.145334,2.513329,0.119432,0.14539,2.62588,0.124261,0.035739,,,,2.662213,0.145937,0.006626
574.201,2.658226,0.144278,2.505045,0.107303,0.157581,2.514646,0.121555,0.145368,2.514588,0.121546,0.145426,2.62588,0.124261,0.038038,,,,2.665872,0.149411,0.009209
574.403,2.658226,0.144278,2.505045,0.107303,0.157581,2.514646,0.121555,0.145368,2.514588,0.121546,0.145426,2.62588,0.124261,0.038038,,,,2.665872,0.149411,0.009209
574.6076,2.658754,0.145322,2.514222,0.120781,0.146601,2.514646,0.121555,0.146055,2.514588,0.121546,0.146113,2.62588,0.124261,0.039041,,,,2.665872,0.149411,0.008209
574.89,2.658754,0.145322,2.514222,0.120781,0.146601,2.514646,0.121555,0.146055,2.514588,0.121546,0.146113,2.62588,0.124261,0.039041,,,,2.665872,0.149411,0.008209
575.0034,2.660146,0.148159,2.514222,0.120781,0.14847,2.514301,0.120855,0.148379,2.51429,0.120846,0.148391,2.62588,0.124261,0.041776,,,,2.667892,0.15145,0.008416
575.2069,2.66092,0.149791,2.514222,0.120781,0.149539,2.515668,0.12342,0.147626,2.515658,0.123411,0.147638,2.62588,0.124261,0.043354,,,,2.669908,0.153544,0.009739
575.4004,2.662292,0.15278,2.514222,0.120781,0.151488,2.515668,0.12342,0.149534,2.517087,0.12619,0.147619,2.62588,0.124261,0.04625,,,,2.672041,0.155827,0.010215
575.631,2.662292,0.15278,2.514222,0.120781,0.151488,2.515668,0.12342,0.149534,2.517087,0.12619,0.147619,2.62588,0.124261,0.04625,,,,2.672041,0.155827,0.010215
575.803,2.664128,0.156986,2.514222,0.120781,0.154216,2.519964,0.131973,0.146317,2.518497,0.129029,0.148291,2.62588,0.124261,0.050337,,,,2.674172,0.158174,0.010114
576.002,2.664128,0.156986,2.514222,0.120781,0.154216,2.519964,0.131973,0.146317,2.518497,0.129029,0.148291,2.62588,0.124261,0.050337,,,,2.674172,0.158174,0.010114
576.1985,2.664431,0.157704,2.514222,0.120781,0.154681,2.519964,0.131973,0.14674,2.518497,0.129029,0.148725,2.62588,0.124261,0.051035,,,,2.674172,0.158174,0.009752
576.3991,2.664554,0.157998,2.514222,0.120781,0.15487,2.519964,0.131973,0.146913,2.518497,0.129029,0.148902,2.62588,0.124261,0.05132,,,,2.674172,0.158174,0.00962
576.6068,2.666567,0.162964,2.514222,0.120781,0.158077,2.519964,0.131973,0.149842,2.521539,0.135386,0.147627,2.638869,0.133062,0.040759,,,,2.678833,0.16346,0.012277
576.8372,2.666567,0.162964,2.514222,0.120781,0.158077,2.519964,0.131973,0.149842,2.521539,0.135386,0.147627,2.638869,0.133062,0.040759,,,,2.678833,0.16346,0.012277
577.0095,2.667149,0.164459,2.514222,0.120781,0.159042,2.52144,0.135173,0.148623,2.521539,0.135386,0.148484,2.638869,0.133062,0.042255,,,,2.678833,0.16346,0.011727
577.2108,2.668386,0.167732,2.514222,0.120781,0.161155,2.522938,0.138546,0.148348,2.524484,0.142008,0.146184,2.638869,0.133062,0.045533,,,,2.638947,0.133122,0.045437
577.4041,2.66869,0.168556,2.514222,0.120781,0.161687,2.522938,0.138546,0.148809,2.524484,0.142008,0.146629,2.638869,0.133062,0.046359,,,,2.638947,0.133122,0.046262
577.6099,2.66869,0.168556,2.514222,0.120781,0.161687,2.522938,0.138546,0.148809,2.524484,0.142008,0.146629,2.638869,0.133062,0.046359,,,,2.638947,0.133122,0.046262
577.9336,2.66869,0.168556,2.514222,0.120781,0.161687,2.522938,0.138546,0.148809,2.524484,0.142008,0.146629,2.638869,0.133062,0.046359,,,,2.638947,0.133122,0.046262
578.0005,2.669503,0.170807,2.514222,0.120781,0.16314,2.525905,0.145485,0.145813,2.527419,0.14928,0.143705,2.638869,0.133062,0.048612,,,,2.644428,0.13873,0.040715
578.1983,2.670603,0.173953,2.514222,0.120781,0.165173,2.525905,0.145485,0.147471,2.527419,0.14928,0.145294,2.638869,0.133062,0.05176,,,,2.644428,0.13873,0.043883
578.3982,2.670667,0.174139,2.514222,0.120781,0.165294,2.525905,0.145485,0.14757,2.527419,0.14928,0.145389,2.638869,0.133062,0.051947,,,,2.644428,0.13873,0.044071
578.6002,2.67086,0.174706,2.528071,0.150166,0.144883,2.525905,0.145485,0.147871,2.527419,0.14928,0.145678,2.638869,0.133062,0.052513,,,,2.644428,0.13873,0.044642
578.9028,2.671187,0.17567,2.528071,0.150166,0.145371,2.525905,0.145485,0.148384,2.527419,0.14928,0.14617,2.638869,0.133062,0.053478,,,,2.644428,0.13873,0.045613
579.0149,2.672954,0.181069,2.528071,0.150166,0.148142,2.528096,0.150209,0.148109,2.527419,0.14928,0.148967,2.638869,0.133062,0.058877,,,,2.647411,0.141908,0.046755
579.2192,2.67316,0.181718,2.528071,0.150166,0.14848,2.528096,0.150209,0.148446,2.527419,0.14928,0.149307,2.638869,0.133062,0.059525,,,,2.647411,0.141908,0.047411
579.4049,2.67411,0.184774,2.528071,0.150166,0.150084,2.528096,0.150209,0.150049,2.528091,0.150201,0.150056,2.638869,0.133062,0.062579,,,,2.647411,0.141908,0.050501
579.6128,2.675046,0.187885,2.528071,0.150166,0.151738,2.529651,0.154595,0.149157,2.531269,0.159166,0.146617,2.638869,0.133062,0.065683,,,,2.653829,0.148927,0.04436
580.0963,2.675572,0.189676,2.528071,0.150166,0.152701,2.529651,0.154595,0.150078,2.531269,0.159166,0.147492,2.638869,0.133062,0.06747,,,,2.653829,0.148927,0.046186
580.2083,2.677288,0.195768,2.528071,0.150166,0.15603,2.532784,0.163808,0.147997,2.534268,0.168571,0.145584,2.638869,0.133062,0.07354,,,,2.657019,0.152602,0.047688
580.4022,2.677288,0.195768,2.528071,0.150166,0.15603,2.532784,0.163808,0.147997,2.534268,0.168571,0.145584,2.638869,0.133062,0.07354,,,,2.657019,0.152602,0.047688
580.5986,2.677353,0.196004,2.528071,0.150166,0.156161,2.532784,0.163808,0.148111,2.534268,0.168571,0.145691,2.638869,0.133062,0.073774,,,,2.657019,0.152602,0.047929
580.9379,2.677353,0.196004,2.528071,0.150166,0.156161,2.532784,0.163808,0.148111,2.534268,0.168571,0.145691,2.638869,0.133062,0.073774,,,,2.657019,0.152602,0.047929
581.0011,2.677353,0.196004,2.528071,0.150166,0.156161,2.532784,0.163808,0.148111,2.534268,0.168571,0.145691,2.638869,0.133062,0.073774,,,,2.657019,0.152602,0.047929
581.2074,2.678665,0.20094,2.528071,0.150166,0.158924,2.532784,0.163808,0.150533,2.534268,0.168571,0.147981,2.638869,0.133062,0.078684,,,,2.663861,0.160687,0.04289
581.4187,2.679387,0.203761,2.528071,0.150166,0.160528,2.535939,0.173919,0.146519,2.535781,0.173646,0.14673,2.638869,0.133062,0.081487,,,,2.663861,0.160687,0.045787
581.6019,2.680156,0.206851,2.528071,0.150166,0.162306,2.537426,0.179119,0.145399,2.535781,0.173646,0.148144,2.638869,0.133062,0.084555,,,,2.663861,0.160687,0.048956
581.8628,2.680156,0.206851,2.528071,0.150166,0.162306,2.537426,0.179119,0.145399,2.535781,0.173646,0.148144,2.638869,0.133062,0.084555,,,,2.663861,0.160687,0.048956
581.9987,2.68177,0.21367,2.528071,0.150166,0.166302,2.538868,0.184403,0.145868,2.537264,0.178847,0.148643,2.638869,0.133062,0.091314,,,,2.670735,0.169218,0.045802
582.2101,2.683216,0.220196,2.528071,0.150166,0.170218,2.540292,0.189873,0.146105,2.537264,0.178847,0.151696,2.638869,0.133062,0.09777,,,,2.674176,0.173702,0.047365
582.3987,2.683507,0.221562,2.528071,0.150166,0.171049,2.541661,0.195394,0.144239,2.541601,0.195275,0.14432,2.638869,0.133062,0.09912,,,,2.677587,0.178253,0.043712
582.615,2.683622,0.222109,2.528071,0.150166,0.171382,2.541661,0.195394,0.144452,2.541601,0.195275,0.144534,2.638869,0.133062,0.09966,,,,2.677587,0.178253,0.044269
582.7986,2.683622,0.222109,2.528071,0.150166,0.171382,2.541661,0.195394,0.144452,2.541601,0.195275,0.144534,2.638869,0.133062,0.09966,,,,2.677587,0.178253,0.044269
582.9984,2.683622,0.222109,2.528071,0.150166,0.171382,2.541661,0.195394,0.144452,2.541601,0.195275,0.144534,2.638869,0.133062,0.09966,,,,2.677587,0.178253,0.044269
583.2134,2.684901,0.228383,2.537985,0.193394,0.151025,2.538062,0.193491,0.150928,2.538061,0.193489,0.150929,2.638869,0.133062,0.105853,,,,2.681117,0.183077,0.045463
583.4106,2.685601,0.231979,2.537985,0.193394,0.152575,2.538062,0.193491,0.152476,2.538061,0.193489,0.152477,2.638869,0.133062,0.1094,,,,2.681117,0.183077,0.049107
583.5984,2.685601,0.231979,2.537985,0.193394,0.152575,2.538062,0.193491,0.152476,2.538061,0.193489,0.152477,2.638869,0.133062,0.1094,,,,2.681117,0.183077,0.049107
583.8031,2.685831,0.233193,2.537985,0.193394,0.15311,2.538062,0.193491,0.15301,2.538061,0.193489,0.153011,2.638869,0.133062,0.110597,,,,2.681117,0.183077,0.050337
584.0172,2.687233,0.240904,2.537985,0.193394,0.156628,2.538062,0.193491,0.156525,2.539523,0.199564,0.153386,2.638869,0.133062,0.118191,,,,2.684752,0.188159,0.052803
584.201,2.687449,0.242143,2.537985,0.193394,0.157213,2.539524,0.199565,0.153931,2.539523,0.199564,0.153932,2.638869,0.133062,0.11941,,,,2.684752,0.188159,0.054051
584.4023,2.687876,0.244652,2.537985,0.193394,0.158414,2.539524,0.199565,0.155052,2.539523,0.199564,0.155054,2.638869,0.133062,0.121877,,,,2.684752,0.188159,0.056579
584.5984,2.688815,0.2504,2.537985,0.193394,0.161244,2.542335,0.212144,0.151394,2.542334,0.212143,0.151395,2.638869,0.133062,0.127526,,,,2.69592,0.204382,0.046563
584.7982,2.688815,0.2504,2.537985,0.193394,0.161244,2.542335,0.212144,0.151394,2.542334,0.212143,0.151395,2.638869,0.133062,0.127526,,,,2.69592,0.204382,0.046563
585.0074,2.690735,0.263299,2.537985,0.193394,0.167986,2.545185,0.225928,0.150271,2.543689,0.218695,0.153662,2.638869,0.133062,0.140184,,,,2.69592,0.204382,0.059144
585.1983,2.690735,0.263299,2.537985,0.193394,0.167986,2.545185,0.225928,0.150271,2.543689,0.218695,0.153662,2.638869,0.133062,0.140184,,,,2.69592,0.204382,0.059144
585.3984,2.690735,0.263299,2.537985,0.193394,0.167986,2.545185,0.225928,0.150271,2.543689,0.218695,0.153662,2.638869,0.133062,0.140184,,,,2.69592,0.204382,0.059144
585.6071,2.691021,0.265371,2.537985,0.193394,0.169117,2.545185,0.225928,0.151075,2.543689,0.218695,0.154549,2.638869,0.133062,0.142216,,,,2.69592,0.204382,0.061185
585.9672,2.691161,0.266411,2.537985,0.193394,0.169689,2.546478,0.232871,0.14852,2.543689,0.218695,0.155,2.638869,0.133062,0.143235,,,,2.703645,0.216207,0.051732
586.0006,2.692276,0.275084,2.537985,0.193394,0.174582,2.546478,0.232871,0.151786,2.546405,0.232557,0.151943,2.638869,0.133062,0.151732,,,,2.703645,0.216207,0.059964
586.2006,2.693432,0.285098,2.537985,0.193394,0.180481,2.548986,0.247117,0.149356,2.54763,0.239534,0.152755,2.638869,0.133062,0.16153,,,,2.711316,0.228471,0.059384
586.403,2.693432,0.285098,2.537985,0.193394,0.180481,2.550124,0.254404,0.146558,2.550037,0.254087,0.14671,2.638869,0.133062,0.16153,,,,2.715105,0.234798,0.054771
586.5985,2.693432,0.285098,2.537985,0.193394,0.180481,2.550124,0.254404,0.146558,2.550037,0.254087,0.14671,2.638869,0.133062,0.16153,,,,2.715105,0.234798,0.054771
586.7988,2.694845,0.299237,2.537985,0.193394,0.18923,2.550124,0.254404,0.151506,2.550037,0.254087,0.151684,2.638869,0.133062,0.175349,,,,2.718968,0.241388,0.062677
586.9986,2.694845,0.299237,2.537985,0.193394,0.18923,2.550124,0.254404,0.151506,2.550037,0.254087,0.151684,2.638869,0.133062,0.175349,,,,2.718968,0.241388,0.062677
587.2099,2.695506,0.306815,2.549567,0.253771,0.15528,2.549636,0.253949,0.155155,2.549634,0.253946,0.155157,2.638869,0.133062,0.182751,,,,2.718968,0.241388,0.069507
587.4002,2.695872,0.311374,2.549567,0.253771,0.157236,2.550676,0.261573,0.153499,2.550674,0.26157,0.153502,2.638869,0.133062,0.187202,,,,2.722792,0.248046,0.068813
587.6188,2.695872,0.311374,2.549567,0.253771,0.157236,2.550676,0.261573,0.153499,2.550674,0.26157,0.153502,2.638869,0.133062,0.187202,,,,2.722792,0.248046,0.068813
588.1317,2.695872,0.311374,2.549567,0.253771,0.157236,2.550676,0.261573,0.153499,2.550674,0.26157,0.153502,2.638869,0.133062,0.187202,,,,2.722792,0.248046,0.068813
588.2118,2.696518,0.320261,2.549567,0.253771,0.161292,2.551669,0.269358,0.153533,2.550674,0.26157,0.15721,2.638869,0.133062,0.195874,,,,2.726565,0.254751,0.072072
588.3997,2.696847,0.325317,2.549567,0.253771,0.163738,2.551669,0.269358,0.15559,2.550674,0.26157,0.159468,2.638869,0.133062,0.200807,,,,2.726565,0.254751,0.076568
588.6107,2.696847,0.325317,2.549567,0.253771,0.163738,2.5526,0.277173,0.15207,2.551667,0.269355,0.155593,2.638869,0.133062,0.200807,,,,2.734164,0.268535,0.067946
588.804,2.696944,0.326883,2.549567,0.253771,0.164515,2.5526,0.277173,0.152664,2.551667,0.269355,0.156253,2.638869,0.133062,0.202334,,,,2.734164,0.268535,0.069208
588.9997,2.697178,0.330853,2.549567,0.253771,0.166525,2.5526,0.277173,0.154222,2.551667,0.269355,0.157973,2.638869,0.133062,0.206207,,,,2.734164,0.268535,0.072467
589.203,2.697522,0.337223,2.549567,0.253771,0.169867,2.553485,0.285167,0.153155,2.553569,0.285328,0.153021,2.638869,0.133062,0.212419,,,,2.73793,0.275642,0.073654
589.4015,2.697774,0.342433,2.549567,0.253771,0.172702,2.554312,0.293213,0.15167,2.554401,0.293373,0.151534,2.638869,0.133062,0.217499,,,,2.741662,0.282819,0.074027
589.5988,2.697934,0.346049,2.549567,0.253771,0.174722,2.554312,0.293213,0.153032,2.554401,0.293373,0.152893,2.638869,0.133062,0.221025,,,,2.741662,0.282819,0.076878
589.9045,2.697934,0.346049,2.549567,0.253771,0.174722,2.554312,0.293213,0.153032,2.554401,0.293373,0.152893,2.638869,0.133062,0.221025,,,,2.741662,0.282819,0.076878
590.0001,2.698219,0.353314,2.549567,0.253771,0.178902,2.555083,0.301316,0.152288,2.555176,0.301475,0.152146,2.638869,0.133062,0.228108,,,,2.745361,0.290068,0.078883
590.2095,2.698551,0.363944,2.549567,0.253771,0.185295,2.555802,0.309513,0.152775,2.5559,0.309672,0.152627,2.638869,0.133062,0.238471,,,,2.745361,0.290068,0.087458
590.3986,2.698583,0.365172,2.549567,0.253771,0.186054,2.555802,0.309513,0.153246,2.5559,0.309672,0.153098,2.638869,0.133062,0.239669,,,,2.749048,0.297425,0.084477
590.5984,2.698583,0.365172,2.549567,0.253771,0.186054,2.555802,0.309513,0.153246,2.5559,0.309672,0.153098,2.638869,0.133062,0.239669,,,,2.749048,0.297425,0.084477
590.8076,2.698583,0.365172,2.549567,0.253771,0.186054,2.555802,0.309513,0.153246,2.5559,0.309672,0.153098,2.638869,0.133062,0.239669,,,,2.749048,0.297425,0.084477
590.9984,2.698916,0.383219,2.549567,0.253771,0.19764,2.55707,0.325982,0.152958,2.557235,0.326146,0.152744,2.638869,0.133062,0.257262,,,,2.756289,0.312271,0.091243
591.2004,2.698979,0.391013,2.549567,0.253771,0.202877,2.558172,0.342472,0.148938,2.558354,0.342635,0.148713,2.638869,0.133062,0.264862,,,,2.759837,0.319734,0.093725
591.3998,2.698987,0.393064,2.549567,0.253771,0.204276,2.558172,0.342472,0.149627,2.558354,0.342635,0.149401,2.638869,0.133062,0.266862,,,,2.759837,0.319734,0.095289
591.5986,2.698978,0.403762,2.549567,0.253771,0.21171,2.558172,0.342472,0.153567,2.558354,0.342635,0.153335,2.638869,0.133062,0.277294,,,,2.763336,0.327221,0.100003
591.8239,2.698967,0.405814,2.549567,0.253771,0.21316,2.559058,0.358989,0.147536,2.558806,0.350899,0.150534,2.638869,0.133062,0.279294,,,,2.766791,0.334742,0.098241
592.017,2.698942,0.409057,2.549567,0.253771,0.215468,2.559058,0.358989,0.148574,2.558806,0.350899,0.151725,2.638869,0.133062,0.282457,,,,2.766791,0.334742,0.100629
592.2031,2.698882,0.414695,2.549567,0.253771,0.219525,2.559058,0.358989,0.150512,2.559205,0.35916,0.150312,2.638869,0.133062,0.287956,,,,2.770194,0.342279,0.101635
592.3998,2.698843,0.417493,2.549567,0.253771,0.221558,2.559058,0.358989,0.151534,2.559205,0.35916,0.151333,2.638869,0.133062,0.290685,,,,2.770194,0.342279,0.103673
592.601,2.698764,0.422259,2.555964,0.368718,0.152508,2.559058,0.358989,0.153365,2.555994,0.368787,0.152455,2.638869,0.133062,0.295334,,,,2.773485,0.349687,0.104162
592.9171,2.698764,0.422259,2.555964,0.368718,0.152508,2.559058,0.358989,0.153365,2.555994,0.368787,0.152455,2.638869,0.133062,0.295334,,,,2.773485,0.349687,0.104162
592.9994,2.698555,0.431852,2.555964,0.368718,0.155943,2.555991,0.36878,0.155893,2.55623,0.376846,0.152585,2.638869,0.133062,0.304693,,,,2.779946,0.364462,0.105669
593.2,2.69836,0.438868,2.555964,0.368718,0.158738,2.556226,0.376839,0.15508,2.55623,0.376846,0.155073,2.638869,0.133062,0.311539,,,,2.779946,0.364462,0.11042
593.4073,2.698175,0.444627,2.555964,0.368718,0.161202,2.556226,0.376839,0.157304,2.55623,0.376846,0.157297,2.638869,0.133062,0.317159,,,,2.779946,0.364462,0.114512
593.5983,2.698121,0.446159,2.555964,0.368718,0.161882,2.556409,0.384672,0.154476,2.556413,0.384679,0.15447,2.638869,0.133062,0.318654,,,,2.783001,0.371676,0.112926
593.8233,2.698121,0.446159,2.555964,0.368718,0.161882,2.556409,0.384672,0.154476,2.556413,0.384679,0.15447,2.638869,0.133062,0.318654,,,,2.783001,0.371676,0.112926
594.0114,2.69793,0.451316,2.555964,0.368718,0.164246,2.556409,0.384672,0.156427,2.556413,0.384679,0.156421,2.638869,0.133062,0.323688,,,,2.783001,0.371676,0.116532
594.1982,2.697736,0.45609,2.555964,0.368718,0.166533,2.556674,0.399459,0.152005,2.556679,0.399466,0.151998,2.638869,0.133062,0.328348,,,,2.78597,0.378796,0.117301
594.4043,2.697442,0.462717,2.555964,0.368718,0.169859,2.556674,0.399459,0.154328,2.556679,0.399466,0.154321,2.638869,0.133062,0.334818,,,,2.78597,0.378796,0.121984
594.6124,2.697232,0.467064,2.555964,0.368718,0.172131,2.556733,0.406878,0.152848,2.556737,0.406885,0.152841,2.638869,0.133062,0.339063,,,,2.791607,0.392522,0.120263
594.7981,2.697032,0.470997,2.555964,0.368718,0.174245,2.556733,0.406878,0.154257,2.556758,0.414184,0.151342,2.638869,0.133062,0.342904,,,,2.794312,0.3993,0.120847
595.0092,2.696844,0.474515,2.555964,0.368718,0.176182,2.556733,0.406878,0.155582,2.556758,0.414184,0.152525,2.638869,0.133062,0.34634,,,,2.794312,0.3993,0.123116
595.2271,2.696667,0.477681,2.555964,0.368718,0.177962,2.556753,0.414176,0.153651,2.556758,0.414184,0.153644,2.638869,0.133062,0.349432,,,,2.794312,0.3993,0.125213
595.407,2.696504,0.480495,2.555964,0.368718,0.179571,2.556753,0.414176,0.154688,2.556758,0.414184,0.154681,2.638869,0.133062,0.352181,,,,2.794312,0.3993,0.127118
595.5985,2.696504,0.480495,2.555964,0.368718,0.179571,2.556753,0.414176,0.154688,2.556758,0.414184,0.154681,2.638869,0.133062,0.352181,,,,2.794312,0.3993,0.127118
595.8045,2.696422,0.481887,2.555964,0.368718,0.180376,2.556723,0.428271,0.149634,2.556728,0.428278,0.149627,2.638869,0.133062,0.353541,,,,2.799471,0.412418,0.124278
596.0001,2.696422,0.481887,2.555964,0.368718,0.180376,2.556723,0.428271,0.149634,2.556728,0.428278,0.149627,2.638869,0.133062,0.353541,,,,2.799471,0.412418,0.124278
596.2072,2.695965,0.489243,2.555964,0.368718,0.184734,2.556723,0.428271,0.152006,2.556728,0.428278,0.151998,2.638869,0.133062,0.360728,,,,2.799471,0.412418,0.128902
596.4008,2.695834,0.491242,2.555964,0.368718,0.185946,2.556646,0.434987,0.150127,2.556651,0.434994,0.150119,2.638869,0.133062,0.362681,,,,2.80187,0.418691,0.128481
596.6015,2.69561,0.494589,2.555964,0.368718,0.188002,2.556646,0.434987,0.151206,2.556651,0.434994,0.151199,2.638869,0.133062,0.365953,,,,2.80187,0.418691,0.130583
597.1064,2.695401,0.497605,2.555964,0.368718,0.18988,2.556646,0.434987,0.15223,2.556651,0.434994,0.152222,2.638869,0.133062,0.3689,,,,2.80187,0.418691,0.132526
597.216,2.695016,0.502951,2.555964,0.368718,0.193272,2.55643,0.448454,0.148916,2.556543,0.441749,0.151395,2.69285,0.30772,0.195243,,,,2.693027,0.307981,0.19498
597.4064,2.694819,0.505611,2.555964,0.368718,0.194988,2.55643,0.448454,0.149727,2.556543,0.441749,0.15231,2.69285,0.30772,0.1979,,,,2.693027,0.307981,0.197638
597.6009,2.694513,0.509599,2.555964,0.368718,0.197595,2.55643,0.448454,0.151015,2.556543,0.441749,0.153751,2.69285,0.30772,0.201886,,,,2.693672,0.314684,0.194917
597.8787,2.694435,0.510596,2.555964,0.368718,0.198252,2.55643,0.448454,0.151351,2.556543,0.441749,0.154124,2.69285,0.30772,0.202882,,,,2.693672,0.314684,0.195914
598.0038,2.69404,0.515541,2.555964,0.368718,0.201549,2.556266,0.455156,0.150426,2.556241,0.455185,0.150437,2.69285,0.30772,0.207824,,,,2.694887,0.327892,0.18765
598.1992,2.69404,0.515541,2.555964,0.368718,0.201549,2.556266,0.455156,0.150426,2.556241,0.455185,0.150437,2.69285,0.30772,0.207824,,,,2.694887,0.327892,0.18765
598.401,2.693652,0.520225,2.555964,0.368718,0.204725,2.556266,0.455156,0.152016,2.556241,0.455185,0.152026,2.69285,0.30772,0.212506,,,,2.694887,0.327892,0.192337
598.6019,2.693335,0.52394,2.555964,0.368718,0.20728,2.556077,0.461785,0.150676,2.555849,0.468802,0.148131,2.69285,0.30772,0.21622,,,,2.695454,0.334681,0.189272
599.1751,2.693335,0.52394,2.555964,0.368718,0.20728,2.556077,0.461785,0.150676,2.555849,0.468802,0.148131,2.69285,0.30772,0.21622,,,,2.695454,0.334681,0.189272
599.1991,2.692366,0.534816,2.556353,0.475761,0.148281,2.556062,0.482518,0.145993,2.556348,0.47576,0.148286,2.69285,0.30772,0.227096,,,,2.695998,0.341504,0.193345
599.4019,2.691876,0.540083,2.556353,0.475761,0.150013,2.556062,0.482518,0.14751,2.556348,0.47576,0.150018,2.69285,0.30772,0.232365,,,,2.695998,0.341504,0.198621
599.5985,2.691167,0.547487,2.556353,0.475761,0.152707,2.555424,0.496725,0.144924,2.55576,0.489969,0.147117,2.69285,0.30772,0.239772,,,,2.697077,0.355685,0.191893
599.9435,2.691167,0.547487,2.556353,0.475761,0.152707,2.555424,0.496725,0.144924,2.55576,0.489969,0.147117,2.69285,0.30772,0.239772,,,,2.697077,0.355685,0.191893
600.0076,2.69096,0.549602,2.556353,0.475761,0.153531,2.555424,0.496725,0.145486,2.555423,0.497072,0.145361,2.69285,0.30772,0.241889,,,,2.697573,0.362778,0.186941
600.2004,2.690891,0.550307,2.556353,0.475761,0.15381,2.555424,0.496725,0.145679,2.555423,0.497072,0.145553,2.69285,0.30772,0.242594,,,,2.697573,0.362778,0.187648
600.4022,2.69026,0.556627,2.556353,0.475761,0.156431,2.554703,0.510868,0.143073,2.555423,0.497072,0.147404,2.69285,0.30772,0.24892,,,,2.697573,0.362778,0.193987
600.6044,2.690011,0.559085,2.556353,0.475761,0.157504,2.554703,0.510868,0.143643,2.555066,0.504144,0.1457,2.69285,0.30772,0.25138,,,,2.698046,0.369843,0.189412
600.9762,2.690011,0.559085,2.556353,0.475761,0.157504,2.554703,0.510868,0.143643,2.555066,0.504144,0.1457,2.69285,0.30772,0.25138,,,,2.698046,0.369843,0.189412
600.9991,2.688919,0.56961,2.556353,0.475761,0.162423,2.554703,0.510868,0.146508,2.555066,0.504144,0.149005,2.69285,0.30772,0.261919,,,,2.698046,0.369843,0.199975
601.2071,2.688583,0.572804,2.556353,0.475761,0.164018,2.553901,0.525126,0.142872,2.55431,0.518404,0.144874,2.69285,0.30772,0.265118,,,,2.698963,0.384095,0.188994
601.3991,2.68771,0.58105,2.556353,0.475761,0.168346,2.553484,0.532335,0.142793,2.553916,0.525614,0.144825,2.69285,0.30772,0.273378,,,,2.699415,0.391301,0.19011
601.6051,2.68771,0.58105,2.556353,0.475761,0.168346,2.553484,0.532335,0.142793,2.553916,0.525614,0.144825,2.69285,0.30772,0.273378,,,,2.699415,0.391301,0.19011
601.7991,2.68771,0.58105,2.556353,0.475761,0.168346,2.553484,0.532335,0.142793,2.553916,0.525614,0.144825,2.69285,0.30772,0.273378,,,,2.699415,0.391301,0.19011
601.9994,2.687329,0.584637,2.556353,0.475761,0.17032,2.553484,0.532335,0.143701,2.553518,0.532823,0.143493,2.69285,0.30772,0.276972,,,,2.699415,0.391301,0.193714
602.2253,2.687215,0.585713,2.556353,0.475761,0.170922,2.553484,0.532335,0.14399,2.553518,0.532823,0.143778,2.69285,0.30772,0.27805,,,,2.699415,0.391301,0.194795
602.3983,2.686353,0.593869,2.556353,0.475761,0.17564,2.552609,0.547327,0.14161,2.5531,0.54032,0.14361,2.69285,0.30772,0.286222,,,,2.700347,0.40629,0.1881
602.6081,2.686353,0.593869,2.556353,0.475761,0.17564,2.552609,0.547327,0.14161,2.5531,0.54032,0.14361,2.69285,0.30772,0.286222,,,,2.700347,0.40629,0.1881
603.2924,2.685457,0.602499,2.556353,0.475761,0.180915,2.552609,0.547327,0.143848,2.5531,0.54032,0.146234,2.69285,0.30772,0.294871,,,,2.700347,0.40629,0.196773
603.4057,2.683826,0.618964,2.556353,0.475761,0.191719,2.551374,0.570156,0.141159,2.551888,0.56315,0.143257,2.69285,0.30772,0.311374,,,,2.70135,0.421448,0.198292
603.5984,2.683826,0.618964,2.556353,0.475761,0.191719,2.551374,0.570156,0.141159,2.551888,0.56315,0.143257,2.69285,0.30772,0.311374,,,,2.70135,0.421448,0.198292
603.8026,2.68361,0.621246,2.556353,0.475761,0.193287,2.551021,0.577722,0.13955,2.551543,0.570716,0.141403,2.69285,0.30772,0.313661,,,,2.702415,0.436558,0.185642
604.0002,2.683292,0.624649,2.556353,0.475761,0.195655,2.551021,0.577722,0.140348,2.551543,0.570716,0.14236,2.69285,0.30772,0.317072,,,,2.702415,0.436558,0.18906
604.201,2.682628,0.632011,2.556353,0.475761,0.200897,2.551021,0.577722,0.142365,2.551216,0.578471,0.1419,2.69285,0.30772,0.324452,,,,2.702415,0.436558,0.196452
604.3987,2.682393,0.634723,2.554091,0.57753,0.140472,2.551021,0.577722,0.143205,2.551216,0.578471,0.142729,2.69285,0.30772,0.327169,,,,2.702415,0.436558,0.199173
604.6051,2.681532,0.645171,2.554091,0.57753,0.14428,2.554057,0.577726,0.144218,2.551216,0.578471,0.146394,2.69285,0.30772,0.337641,,,,2.703607,0.451963,0.194465
604.9854,2.681532,0.645171,2.554091,0.57753,0.14428,2.554057,0.577726,0.144218,2.551216,0.578471,0.146394,2.69285,0.30772,0.337641,,,,2.703607,0.451963,0.194465
604.9998,2.681441,0.646329,2.554091,0.57753,0.144746,2.554057,0.577726,0.144683,2.554066,0.57762,0.144725,2.69285,0.30772,0.338801,,,,2.703607,0.451963,0.195625
605.199,2.680643,0.657138,2.554091,0.57753,0.149509,2.553186,0.593071,0.142653,2.553193,0.592965,0.142694,2.69285,0.30772,0.349631,,,,2.704949,0.467274,0.191413
605.405,2.680643,0.657138,2.554091,0.57753,0.149509,2.553186,0.593071,0.142653,2.553193,0.592965,0.142694,2.69285,0.30772,0.349631,,,,2.704949,0.467274,0.191413
605.5986,2.680354,0.661418,2.554091,0.57753,0.15159,2.552845,0.600822,0.141175,2.552851,0.600716,0.141215,2.69285,0.30772,0.353918,,,,2.705725,0.474994,0.188143
605.9594,2.680354,0.661418,2.554091,0.57753,0.15159,2.552845,0.600822,0.141175,2.552851,0.600716,0.141215,2.69285,0.30772,0.353918,,,,2.705725,0.474994,0.188143
605.9982,2.680011,0.666843,2.554091,0.57753,0.154378,2.552845,0.600822,0.143282,2.552851,0.600716,0.143326,2.69285,0.30772,0.359352,,,,2.705725,0.474994,0.193565
606.2121,2.67985,0.669551,2.554091,0.57753,0.155831,2.552845,0.600822,0.144409,2.552851,0.600716,0.144454,2.69285,0.30772,0.362064,,,,2.705725,0.474994,0.19627
606.4199,2.679784,0.670711,2.554091,0.57753,0.156466,2.552845,0.600822,0.144907,2.552851,0.600716,0.144952,2.69285,0.30772,0.363226,,,,2.705725,0.474994,0.197429
606.5981,2.679509,0.675771,2.554091,0.57753,0.159314,2.552845,0.600822,0.147177,2.552851,0.600716,0.147226,2.69285,0.30772,0.368292,,,,2.705725,0.474994,0.202481
606.8118,2.679509,0.675771,2.554091,0.57753,0.159314,2.552845,0.600822,0.147177,2.552851,0.600716,0.147226,2.69285,0.30772,0.368292,,,,2.705725,0.474994,0.202481
606.9986,2.678925,0.688638,2.554091,0.57753,0.167118,2.552095,0.623999,0.142352,2.55227,0.616164,0.145925,2.69285,0.30772,0.381172,,,,2.707424,0.490311,0.200364
607.1986,2.678651,0.696507,2.554091,0.57753,0.172252,2.551984,0.631799,0.142239,2.552099,0.623893,0.145905,2.69285,0.30772,0.389046,,,,2.709323,0.505796,0.193162
607.4135,2.678639,0.6969,2.554091,0.57753,0.172516,2.551984,0.631799,0.142407,2.551875,0.639455,0.139173,2.69285,0.30772,0.389439,,,,2.710397,0.513503,0.186127
607.5996,2.678509,0.701603,2.554091,0.57753,0.175711,2.551984,0.631799,0.144504,2.551875,0.639455,0.141063,2.69285,0.30772,0.394144,,,,2.710397,0.513503,0.190784
607.9216,2.678509,0.701603,2.554091,0.57753,0.175711,2.551984,0.631799,0.144504,2.551875,0.639455,0.141063,2.69285,0.30772,0.394144,,,,2.710397,0.513503,0.190784
607.9989,2.678306,0.713031,2.554091,0.57753,0.183821,2.551893,0.646908,0.142663,2.551875,0.639455,0.146282,2.69285,0.30772,0.405571,,,,2.711505,0.520976,0.194903
608.2019,2.678267,0.718711,2.554091,0.57753,0.188021,2.551893,0.646908,0.145349,2.551898,0.647009,0.145294,2.69285,0.30772,0.41125,,,,2.711505,0.520976,0.20051
608.4009,2.678285,0.726951,2.554091,0.57753,0.194296,2.551994,0.654395,0.14565,2.551994,0.654497,0.145599,2.69285,0.30772,0.419483,,,,2.712676,0.528372,0.201535
608.5987,2.678335,0.731431,2.554091,0.57753,0.197793,2.552334,0.669138,0.140558,2.552324,0.669239,0.140522,2.69285,0.30772,0.423959,,,,2.713907,0.535697,0.19894
608.9086,2.678341,0.731805,2.554091,0.57753,0.198088,2.552334,0.669138,0.140729,2.552324,0.669239,0.140693,2.69285,0.30772,0.424333,,,,2.713907,0.535697,0.199307
609.006,2.678455,0.73775,2.554091,0.57753,0.202822,2.552334,0.669138,0.143576,2.552324,0.669239,0.143536,2.69285,0.30772,0.43027,,,,2.715203,0.542955,0.19823
609.2308,2.678572,0.742125,2.554091,0.57753,0.206367,2.552334,0.669138,0.145819,2.552324,0.669239,0.145777,2.69285,0.30772,0.434639,,,,2.715203,0.542955,0.20251
609.4137,2.678692,0.745749,2.554091,0.57753,0.20934,2.552971,0.683425,0.140321,2.552645,0.676557,0.143789,2.69285,0.30772,0.438257,,,,2.717867,0.557006,0.192765
609.5998,2.678731,0.746816,2.554091,0.57753,0.210221,2.552971,0.683425,0.140833,2.552645,0.676557,0.14434,2.69285,0.30772,0.439322,,,,2.717867,0.557006,0.193802
609.7984,2.67902,0.753505,2.559153,0.679427,0.14091,2.552971,0.683425,0.144221,2.559102,0.679497,0.140916,2.69285,0.30772,0.445999,,,,2.717867,0.557006,0.200301
610.0051,2.679301,0.758783,2.559153,0.679427,0.143989,2.552971,0.683425,0.147099,2.559102,0.679497,0.143993,2.69285,0.30772,0.451266,,,,2.717867,0.557006,0.205429
610.2078,2.679847,0.767229,2.559153,0.679427,0.149252,2.560088,0.693468,0.140652,2.559595,0.686422,0.144881,2.69285,0.30772,0.459693,,,,2.719314,0.563796,0.207226
610.4015,2.679847,0.767229,2.559153,0.679427,0.149252,2.560088,0.693468,0.140652,2.560745,0.700281,0.136629,2.69285,0.30772,0.459693,,,,2.722374,0.577361,0.194572
610.6,2.68011,0.770752,2.559153,0.679427,0.151562,2.560088,0.693468,0.142752,2.560745,0.700281,0.138616,2.69285,0.30772,0.463207,,,,2.722374,0.577361,0.197955
610.9022,2.68011,0.770752,2.559153,0.679427,0.151562,2.560088,0.693468,0.142752,2.560745,0.700281,0.138616,2.69285,0.30772,0.463207,,,,2.722374,0.577361,0.197955
611.0017,2.680307,0.773214,2.559153,0.679427,0.153213,2.560748,0.700385,0.139995,2.561483,0.707189,0.135936,2.69285,0.30772,0.465663,,,,2.724062,0.584101,0.194109
611.1997,2.680777,0.77862,2.559153,0.679427,0.156945,2.560748,0.700385,0.143275,2.561483,0.707189,0.139045,2.69285,0.30772,0.471055,,,,2.724062,0.584101,0.199277
611.4011,2.680901,0.779959,2.559153,0.679427,0.15789,2.560748,0.700385,0.144115,2.561483,0.707189,0.139844,2.69285,0.30772,0.47239,,,,2.724062,0.584101,0.200557
611.611,2.681537,0.78629,2.559153,0.679427,0.162473,2.560748,0.700385,0.148223,2.561483,0.707189,0.143771,2.69285,0.30772,0.478704,,,,2.724062,0.584101,0.206613
611.8023,2.681537,0.78629,2.559153,0.679427,0.162473,2.561455,0.706956,0.143923,2.561483,0.707189,0.143771,2.69285,0.30772,0.478704,,,,2.724062,0.584101,0.206613
611.9994,2.68213,0.791605,2.559153,0.679427,0.166455,2.561455,0.706956,0.147404,2.562264,0.713752,0.14293,2.69285,0.30772,0.484004,,,,2.725745,0.590493,0.205788
612.199,2.68334,0.801198,2.559153,0.679427,0.173927,2.56392,0.726161,0.141038,2.564885,0.732471,0.136949,2.69285,0.30772,0.493569,,,,2.729338,0.603165,0.203305
612.406,2.683906,0.80523,2.559153,0.679427,0.177172,2.56392,0.726161,0.143697,2.564885,0.732471,0.139499,2.69285,0.30772,0.49759,,,,2.729338,0.603165,0.207109
612.6087,2.684042,0.806159,2.559153,0.679427,0.177928,2.564887,0.73223,0.140227,2.565924,0.738528,0.13611,2.69285,0.30772,0.498517,,,,2.732913,0.614925,0.197381
612.8513,2.684042,0.806159,2.559153,0.679427,0.177928,2.564887,0.73223,0.140227,2.565924,0.738528,0.13611,2.69285,0.30772,0.498517,,,,2.732913,0.614925,0.197381
613.0001,2.684768,0.810924,2.559153,0.679427,0.181853,2.564887,0.73223,0.143402,2.565924,0.738528,0.139159,2.69285,0.30772,0.503268,,,,2.732913,0.614925,0.201826
613.2008,2.684768,0.810924,2.559153,0.679427,0.181853,2.564887,0.73223,0.143402,2.565924,0.738528,0.139159,2.69285,0.30772,0.503268,,,,2.732913,0.614925,0.201826
613.3983,2.686575,0.821543,2.569647,0.74542,0.139524,2.569614,0.745387,0.139569,2.56962,0.745516,0.139494,2.69285,0.30772,0.513861,,,,2.734766,0.620494,0.206744
613.5993,2.686575,0.821543,2.569647,0.74542,0.139524,2.569614,0.745387,0.139569,2.56962,0.745516,0.139494,2.69285,0.30772,0.513861,,,,2.734766,0.620494,0.206744
613.825,2.686575,0.821543,2.569647,0.74542,0.139524,2.569614,0.745387,0.139569,2.56962,0.745516,0.139494,2.69285,0.30772,0.513861,,,,2.734766,0.620494,0.206744
614.0214,2.688555,0.831722,2.569647,0.74542,0.146926,2.57196,0.757082,0.13844,2.571909,0.757313,0.138358,2.69285,0.30772,0.52402,,,,2.740792,0.637328,0.20129
614.1983,2.688555,0.831722,2.569647,0.74542,0.146926,2.57196,0.757082,0.13844,2.571909,0.757313,0.138358,2.69285,0.30772,0.52402,,,,2.740792,0.637328,0.20129
614.4048,2.689452,0.835958,2.569647,0.74542,0.150168,2.57196,0.757082,0.141513,2.571909,0.757313,0.141427,2.69285,0.30772,0.528249,,,,2.740792,0.637328,0.205157
614.6029,2.689452,0.835958,2.569647,0.74542,0.150168,2.57196,0.757082,0.141513,2.571909,0.757313,0.141427,2.69285,0.30772,0.528249,,,,2.740792,0.637328,0.205157
614.8552,2.689452,0.835958,2.569647,0.74542,0.150168,2.57196,0.757082,0.141513,2.571909,0.757313,0.141427,2.69285,0.30772,0.528249,,,,2.740792,0.637328,0.205157
614.9988,2.690275,0.839664,2.569647,0.74542,0.153079,2.57196,0.757082,0.144285,2.571909,0.757313,0.144195,2.69285,0.30772,0.53195,,,,2.740792,0.637328,0.208547
615.2003,2.691068,0.843098,2.569647,0.74542,0.155833,2.57445,0.768307,0.13854,2.574405,0.768538,0.138454,2.69285,0.30772,0.53538,,,,2.742855,0.642565,0.207112
615.3993,2.69224,0.84795,2.569647,0.74542,0.159817,2.57445,0.768307,0.142188,2.574405,0.768538,0.142097,2.670043,0.681536,0.167889,,,,2.745036,0.647885,0.206915
615.5986,2.692807,0.850212,2.569647,0.74542,0.161709,2.57445,0.768307,0.143933,2.574405,0.768538,0.143839,2.670043,0.681536,0.170206,,,,2.745036,0.647885,0.20896
615.8266,2.692807,0.850212,2.569647,0.74542,0.161709,2.57445,0.768307,0.143933,2.574405,0.768538,0.143839,2.670043,0.681536,0.170206,,,,2.745036,0.647885,0.20896
615.9993,2.69499,0.858459,2.569647,0.74542,0.168786,2.57585,0.773883,0.146108,2.577124,0.779341,0.141958,2.670043,0.681536,0.178674,,,,2.669872,0.681495,0.178738
616.2224,2.69514,0.859001,2.569647,0.74542,0.169261,2.578701,0.784608,0.138175,2.577124,0.779341,0.142385,2.670043,0.681536,0.179232,,,,2.669466,0.687051,0.173857
616.4054,2.69639,0.863404,2.569647,0.74542,0.173159,2.580166,0.789555,0.137702,2.57992,0.789272,0.138061,2.670043,0.681536,0.183767,,,,2.669138,0.69259,0.172975
616.6139,2.69639,0.863404,2.569647,0.74542,0.173159,2.580166,0.789555,0.137702,2.57992,0.789272,0.138061,2.670043,0.681536,0.183767,,,,2.669138,0.69259,0.172975
616.9132,2.69639,0.863404,2.569647,0.74542,0.173159,2.580166,0.789555,0.137702,2.57992,0.789272,0.138061,2.670043,0.681536,0.183767,,,,2.669138,0.69259,0.172975
617.0221,2.697326,0.866574,2.569647,0.74542,0.176012,2.580166,0.789555,0.140209,2.57992,0.789272,0.14057,2.670043,0.681536,0.187039,,,,2.669138,0.69259,0.176253
617.2033,2.697618,0.86754,2.569647,0.74542,0.176889,2.580166,0.789555,0.140985,2.57992,0.789272,0.141346,2.670043,0.681536,0.188037,,,,2.669138,0.69259,0.177253
617.4385,2.697691,0.867781,2.569647,0.74542,0.177109,2.580166,0.789555,0.141179,2.57992,0.789272,0.141541,2.670043,0.681536,0.188287,,,,2.669138,0.69259,0.177503
617.6041,2.699762,0.874353,2.583728,0.787267,0.145079,2.583709,0.787421,0.145002,2.583713,0.787605,0.144888,2.670043,0.681536,0.195094,,,,2.668753,0.702657,0.174473
617.8146,2.699762,0.874353,2.583728,0.787267,0.145079,2.583709,0.787421,0.145002,2.583713,0.787605,0.144888,2.670043,0.681536,0.195094,,,,2.668753,0.702657,0.174473
618.0127,2.702135,0.881361,2.583728,0.787267,0.151241,2.586786,0.796174,0.143395,2.585255,0.791981,0.147138,2.670043,0.681536,0.202386,,,,2.668674,0.707359,0.17719
618.1985,2.702371,0.882031,2.583728,0.787267,0.151843,2.586786,0.796174,0.143984,2.585255,0.791981,0.147734,2.670043,0.681536,0.203085,,,,2.668652,0.716603,0.168829
618.3994,2.703086,0.884035,2.583728,0.787267,0.153657,2.586786,0.796174,0.145758,2.585255,0.791981,0.149526,2.670043,0.681536,0.205177,,,,2.668652,0.716603,0.170936
618.6053,2.703978,0.886477,2.583728,0.787267,0.155893,2.588443,0.800489,0.144022,2.588435,0.800613,0.143954,2.670043,0.681536,0.207732,,,,2.668652,0.716603,0.173509
618.8043,2.703978,0.886477,2.583728,0.787267,0.155893,2.588443,0.800489,0.144022,2.588435,0.800613,0.143954,2.670043,0.681536,0.207732,,,,2.668652,0.716603,0.173509
618.9999,2.704613,0.888183,2.583728,0.787267,0.157472,2.588443,0.800489,0.145554,2.588435,0.800613,0.145485,2.670043,0.681536,0.209519,,,,2.668652,0.716603,0.175308
619.1984,2.70525,0.889863,2.583728,0.787267,0.15904,2.588443,0.800489,0.147077,2.588435,0.800613,0.147008,2.670043,0.681536,0.211282,,,,2.668652,0.716603,0.177083
619.3986,2.706142,0.892167,2.583728,0.787267,0.161211,2.591687,0.808591,0.141721,2.59006,0.804663,0.145368,2.670043,0.681536,0.213702,,,,2.66888,0.725327,0.17095
619.6187,2.707302,0.895089,2.583728,0.787267,0.164001,2.591687,0.808591,0.144391,2.59006,0.804663,0.148063,2.670043,0.681536,0.216779,,,,2.669119,0.729686,0.169753
620.017,2.707302,0.895089,2.583728,0.787267,0.164001,2.591687,0.808591,0.144391,2.59006,0.804663,0.148063,2.670043,0.681536,0.216779,,,,2.669119,0.729686,0.169753
620.2085,2.708735,0.898582,2.583728,0.787267,0.167385,2.593425,0.812595,0.14384,2.591744,0.80869,0.147538,2.670043,0.681536,0.220469,,,,2.669119,0.729686,0.17348
620.4033,2.710468,0.902655,2.583728,0.787267,0.171399,2.595192,0.816512,0.143907,2.593457,0.812631,0.147635,2.670043,0.681536,0.224785,,,,2.669415,0.733973,0.173606
620.6084,2.710468,0.902655,2.583728,0.787267,0.171399,2.595192,0.816512,0.143907,2.593457,0.812631,0.147635,2.670043,0.681536,0.224785,,,,2.669415,0.733973,0.173606
620.9182,2.710468,0.902655,2.583728,0.787267,0.171399,2.595192,0.816512,0.143907,2.593457,0.812631,0.147635,2.670043,0.681536,0.224785,,,,2.669415,0.733973,0.173606
620.9988,2.712292,0.906769,2.583728,0.787267,0.175526,2.598447,0.823461,0.14107,2.596618,0.819623,0.144827,2.670043,0.681536,0.229162,,,,2.669773,0.738256,0.173795
621.1989,2.712292,0.906769,2.583728,0.787267,0.175526,2.598447,0.823461,0.14107,2.596618,0.819623,0.144827,2.670043,0.681536,0.229162,,,,2.669773,0.738256,0.173795
621.4003,2.713301,0.908969,2.583728,0.787267,0.177766,2.598447,0.823461,0.143189,2.596618,0.819623,0.146961,2.670043,0.681536,0.231511,,,,2.669773,0.738256,0.176175
621.6007,2.713301,0.908969,2.583728,0.787267,0.177766,2.598447,0.823461,0.143189,2.596618,0.819623,0.146961,2.670043,0.681536,0.231511,,,,2.669773,0.738256,0.176175
621.8411,2.713301,0.908969,2.583728,0.787267,0.177766,2.598447,0.823461,0.143189,2.596618,0.819623,0.146961,2.670043,0.681536,0.231511,,,,2.669773,0.738256,0.176175
622.0017,2.715424,0.913428,2.593086,0.824898,0.15101,2.593156,0.824929,0.150936,2.593141,0.824851,0.150993,2.670043,0.681536,0.236291,,,,2.670148,0.742074,0.177235
622.1994,2.716067,0.914736,2.593086,0.824898,0.1523,2.594754,0.828062,0.149095,2.594737,0.827985,0.149154,2.670043,0.681536,0.237699,,,,2.670935,0.749062,0.171711
622.3985,2.717045,0.91669,2.593086,0.824898,0.154245,2.594754,0.828062,0.15103,2.594737,0.827985,0.151089,2.670043,0.681536,0.239806,,,,2.670935,0.749062,0.173854
622.5989,2.718627,0.919765,2.593086,0.824898,0.157354,2.596393,0.831167,0.150966,2.598012,0.834197,0.147884,2.670043,0.681536,0.243133,,,,2.671428,0.752539,0.173759
622.7993,2.719519,0.921455,2.593086,0.824898,0.159086,2.596393,0.831167,0.152682,2.598012,0.834197,0.149592,2.670043,0.681536,0.244968,,,,2.671428,0.752539,0.175628
623.0029,2.720319,0.922943,2.593086,0.824898,0.160627,2.599513,0.836873,0.148332,2.599611,0.837028,0.148161,2.670043,0.681536,0.246587,,,,2.672432,0.758964,0.170828
623.2095,2.720319,0.922943,2.593086,0.824898,0.160627,2.599513,0.836873,0.148332,2.599611,0.837028,0.148161,2.670043,0.681536,0.246587,,,,2.672432,0.758964,0.170828
623.4052,2.720319,0.922943,2.593086,0.824898,0.160627,2.599513,0.836873,0.148332,2.599611,0.837028,0.148161,2.670043,0.681536,0.246587,,,,2.672432,0.758964,0.170828
623.5981,2.72137,0.924858,2.593086,0.824898,0.162631,2.599513,0.836873,0.150302,2.599611,0.837028,0.150131,2.670043,0.681536,0.248677,,,,2.672432,0.758964,0.172961
623.8025,2.723958,0.92939,2.593086,0.824898,0.167469,2.601002,0.839421,0.152357,2.601099,0.839577,0.152186,2.670043,0.681536,0.253651,,,,2.673505,0.76474,0.172206
624.0165,2.723958,0.92939,2.593086,0.824898,0.167469,2.601002,0.839421,0.152357,2.601099,0.839577,0.152186,2.670043,0.681536,0.253651,,,,2.673505,0.76474,0.172206
624.1989,2.723958,0.92939,2.593086,0.824898,0.167469,2.601002,0.839421,0.152357,2.601099,0.839577,0.152186,2.670043,0.681536,0.253651,,,,2.673505,0.76474,0.172206
624.399,2.726404,0.933452,2.593086,0.824898,0.171923,2.604031,0.844441,0.151321,2.602616,0.842093,0.15385,2.670043,0.681536,0.258144,,,,2.673505,0.76474,0.17681
624.5984,2.726484,0.933582,2.593086,0.824898,0.172067,2.605608,0.846893,0.148749,2.605696,0.847042,0.14859,2.670043,0.681536,0.258289,,,,2.674122,0.767606,0.174039
624.8702,2.726484,0.933582,2.593086,0.824898,0.172067,2.605608,0.846893,0.148749,2.605696,0.847042,0.14859,2.670043,0.681536,0.258289,,,,2.674122,0.767606,0.174039
625.0009,2.727986,0.935974,2.593086,0.824898,0.174745,2.605608,0.846893,0.151367,2.607182,0.849286,0.148689,2.670043,0.681536,0.260953,,,,2.674776,0.770447,0.17387
625.2029,2.728488,0.936758,2.593086,0.824898,0.175631,2.605608,0.846893,0.152235,2.607182,0.849286,0.149554,2.670043,0.681536,0.261828,,,,2.674776,0.770447,0.174769
625.3991,2.72877,0.937193,2.593086,0.824898,0.176126,2.605608,0.846893,0.152719,2.607182,0.849286,0.150037,2.670043,0.681536,0.262316,,,,2.674776,0.770447,0.17527
625.6006,2.731057,0.940633,2.606415,0.84174,0.159108,2.607838,0.843904,0.15665,2.606429,0.841906,0.158994,2.670043,0.681536,0.266185,,,,2.676039,0.775449,0.174105
625.8009,2.731274,0.940952,2.606415,0.84174,0.159477,2.607838,0.843904,0.157018,2.606429,0.841906,0.159362,2.670043,0.681536,0.266545,,,,2.676039,0.775449,0.174476
626.0011,2.733349,0.943923,2.606415,0.84174,0.162953,2.609268,0.845882,0.158139,2.607833,0.843903,0.160494,2.670043,0.681536,0.269917,,,,2.676687,0.777802,0.175518
626.2142,2.733583,0.944252,2.606415,0.84174,0.163342,2.609268,0.845882,0.158527,2.607833,0.843903,0.160882,2.670043,0.681536,0.270291,,,,2.676687,0.777802,0.175905
626.4237,2.735455,0.946822,2.606415,0.84174,0.166414,2.610802,0.847941,0.15911,2.610843,0.848062,0.159002,2.670043,0.681536,0.273232,,,,2.677403,0.780268,0.176382
626.6135,2.735455,0.946822,2.606415,0.84174,0.166414,2.612364,0.849978,0.156622,2.610843,0.848062,0.159002,2.670043,0.681536,0.273232,,,,2.678154,0.782723,0.173816
626.8005,2.735931,0.94746,2.606415,0.84174,0.167187,2.612364,0.849978,0.15739,2.610843,0.848062,0.159772,2.670043,0.681536,0.273966,,,,2.678154,0.782723,0.174576
626.9993,2.7362,0.947818,2.606415,0.84174,0.167621,2.612364,0.849978,0.157823,2.610843,0.848062,0.160205,2.670043,0.681536,0.274378,,,,2.678154,0.782723,0.175003
627.2013,2.737902,0.950038,2.606415,0.84174,0.170345,2.613834,0.85184,0.158227,2.613421,0.851418,0.158813,2.670043,0.681536,0.276945,,,,2.679449,0.786752,0.173434
627.3998,2.740399,0.953158,2.606415,0.84174,0.174258,2.617851,0.856695,0.155959,2.616096,0.854667,0.158593,2.670043,0.681536,0.280586,,,,2.680837,0.7907,0.173033
627.6073,2.74061,0.953414,2.606415,0.84174,0.174584,2.617851,0.856695,0.156283,2.616096,0.854667,0.158918,2.670043,0.681536,0.280888,,,,2.680837,0.7907,0.173346
627.8411,2.74061,0.953414,2.606415,0.84174,0.174584,2.617851,0.856695,0.156283,2.616096,0.854667,0.158918,2.670043,0.681536,0.280888,,,,2.680837,0.7907,0.173346
628.0143,2.741755,0.954789,2.606415,0.84174,0.176344,2.617851,0.856695,0.158034,2.616096,0.854667,0.160669,2.670043,0.681536,0.282507,,,,2.680837,0.7907,0.175032
628.1985,2.742022,0.955104,2.606415,0.84174,0.17675,2.619231,0.858261,0.156384,2.617455,0.856251,0.159024,2.670043,0.681536,0.282879,,,,2.681582,0.792649,0.173333
628.4025,2.742839,0.95606,2.606415,0.84174,0.177991,2.619231,0.858261,0.157619,2.617455,0.856251,0.160259,2.670043,0.681536,0.284012,,,,2.681582,0.792649,0.174515
628.5988,2.743082,0.956341,2.617385,0.854435,0.161816,2.619231,0.858261,0.157984,2.617455,0.856251,0.160624,2.670043,0.681536,0.284346,,,,2.681582,0.792649,0.174863
628.8174,2.744246,0.957666,2.617385,0.854435,0.163555,2.617413,0.854542,0.163467,2.617406,0.854528,0.163481,2.670043,0.681536,0.285927,,,,2.6823,0.794454,0.174572
629.0075,2.744727,0.958203,2.617385,0.854435,0.164267,2.617413,0.854542,0.164179,2.617406,0.854528,0.164193,2.670043,0.681536,0.286571,,,,2.682965,0.796061,0.173507
629.1982,2.745565,0.959126,2.617385,0.854435,0.1655,2.617413,0.854542,0.165411,2.617406,0.854528,0.165425,2.670043,0.681536,0.287681,,,,2.682965,0.796061,0.174669
629.4029,2.746646,0.960294,2.617385,0.854435,0.167076,2.619646,0.856976,0.163718,2.619639,0.856962,0.163732,2.670043,0.681536,0.289092,,,,2.683633,0.797619,0.174453
629.616,2.747491,0.961187,2.617385,0.854435,0.168295,2.619646,0.856976,0.164937,2.619639,0.856962,0.164951,2.670043,0.681536,0.290177,,,,2.684304,0.799128,0.173941
629.8003,2.748197,0.961922,2.617385,0.854435,0.169308,2.62079,0.858159,0.164314,2.621841,0.859242,0.162816,2.670043,0.681536,0.291075,,,,2.68563,0.802007,0.171719
630.0033,2.748197,0.961922,2.617385,0.854435,0.169308,2.62079,0.858159,0.164314,2.621841,0.859242,0.162816,2.670043,0.681536,0.291075,,,,2.68563,0.802007,0.171719
630.2018,2.748583,0.962317,2.617385,0.854435,0.169857,2.62079,0.858159,0.164863,2.621841,0.859242,0.163365,2.670043,0.681536,0.29156,,,,2.68563,0.802007,0.172228
630.4009,2.748583,0.962317,2.617385,0.854435,0.169857,2.62079,0.858159,0.164863,2.621841,0.859242,0.163365,2.670043,0.681536,0.29156,,,,2.68563,0.802007,0.172228
630.618,2.749794,0.963538,2.617385,0.854435,0.171567,2.62079,0.858159,0.166573,2.621841,0.859242,0.165074,2.670043,0.681536,0.293062,,,,2.68624,0.803247,0.17243
630.8947,2.749953,0.963695,2.617385,0.854435,0.171791,2.62079,0.858159,0.166796,2.622826,0.860211,0.163922,2.670043,0.681536,0.293257,,,,2.68624,0.803247,0.172636
631.0059,2.750604,0.964334,2.617385,0.854435,0.172699,2.623684,0.861028,0.163648,2.623773,0.861118,0.163522,2.670043,0.681536,0.294049,,,,2.68624,0.803247,0.173469
631.2003,2.751239,0.964947,2.617385,0.854435,0.173579,2.623684,0.861028,0.164528,2.623773,0.861118,0.164402,2.670043,0.681536,0.294813,,,,2.68624,0.803247,0.174275
631.3988,2.752018,0.965685,2.617385,0.854435,0.174649,2.624594,0.861879,0.164355,2.624683,0.861969,0.164229,2.670043,0.681536,0.295737,,,,2.687367,0.805469,0.172768
631.601,2.753058,0.966647,2.617385,0.854435,0.176064,2.625493,0.862698,0.164555,2.624683,0.861969,0.165643,2.670043,0.681536,0.296952,,,,2.687367,0.805469,0.174051
631.8499,2.753058,0.966647,2.617385,0.854435,0.176064,2.625493,0.862698,0.164555,2.624683,0.861969,0.165643,2.670043,0.681536,0.296952,,,,2.687367,0.805469,0.174051
631.9982,2.753241,0.966814,2.617385,0.854435,0.176312,2.626335,0.863445,0.163678,2.626347,0.863486,0.163642,2.670043,0.681536,0.297163,,,,2.688437,0.80745,0.172036
632.2014,2.753595,0.967133,2.617385,0.854435,0.176788,2.626335,0.863445,0.164153,2.626347,0.863486,0.164118,2.670043,0.681536,0.297569,,,,2.688437,0.80745,0.172465
632.41,2.754253,0.967719,2.625935,0.858515,0.168496,2.626335,0.863445,0.165033,2.626347,0.863486,0.164998,2.670043,0.681536,0.298316,,,,2.688437,0.80745,0.173256
632.6,2.754954,0.968331,2.625935,0.858515,0.169427,2.625952,0.858611,0.169352,2.625955,0.858625,0.169341,2.670043,0.681536,0.299101,,,,2.689481,0.809271,0.172008
632.8093,2.754954,0.968331,2.625935,0.858515,0.169427,2.625952,0.858611,0.169352,2.625955,0.858625,0.169341,2.670043,0.681536,0.299101,,,,2.689481,0.809271,0.172008
633.0135,2.755286,0.968616,2.625935,0.858515,0.169865,2.625952,0.858611,0.169789,2.625955,0.858625,0.169778,2.670043,0.681536,0.299469,,,,2.689481,0.809271,0.172398
633.209,2.755848,0.969092,2.625935,0.858515,0.170602,2.625952,0.858611,0.170526,2.625955,0.858625,0.170515,2.670043,0.681536,0.300086,,,,2.689481,0.809271,0.173053
633.3985,2.756301,0.969469,2.625935,0.858515,0.171191,2.627289,0.859726,0.169374,2.627291,0.85974,0.169363,2.670043,0.681536,0.300577,,,,2.689932,0.810016,0.172714
633.5982,2.756869,0.969934,2.625935,0.858515,0.171925,2.627971,0.860267,0.169239,2.627291,0.85974,0.170097,2.670043,0.681536,0.301185,,,,2.689932,0.810016,0.173362
633.8205,2.756979,0.970022,2.625935,0.858515,0.172065,2.627971,0.860267,0.169379,2.627291,0.85974,0.170238,2.670043,0.681536,0.301302,,,,2.689932,0.810016,0.173486
634.0035,2.757198,0.970199,2.625935,0.858515,0.172346,2.627971,0.860267,0.16966,2.628588,0.860768,0.168865,2.670043,0.681536,0.301533,,,,2.690808,0.811419,0.1721
634.1986,2.757511,0.970449,2.625935,0.858515,0.172747,2.627971,0.860267,0.170061,2.628588,0.860768,0.169266,2.670043,0.681536,0.301863,,,,2.690808,0.811419,0.172452
634.3983,2.757511,0.970449,2.625935,0.858515,0.172747,2.627971,0.860267,0.170061,2.628588,0.860768,0.169266,2.670043,0.681536,0.301863,,,,2.690808,0.811419,0.172452
634.6007,2.758495,0.971214,2.625935,0.858515,0.173992,2.629156,0.861183,0.16981,2.628588,0.860768,0.170511,2.714527,0.950692,0.048521,,,,2.69122,0.812045,0.172803
634.837,2.758634,0.97132,2.625935,0.858515,0.174167,2.629156,0.861183,0.169985,2.628588,0.860768,0.170686,2.714527,0.950692,0.048692,,,,2.69122,0.812045,0.172955
634.999,2.758704,0.971373,2.625935,0.858515,0.174254,2.629156,0.861183,0.170072,2.629815,0.861694,0.169239,2.714527,0.950692,0.048777,,,,2.714453,0.950581,0.048892
635.221,2.759218,0.971761,2.625935,0.858515,0.174898,2.629156,0.861183,0.170715,2.629815,0.861694,0.169882,2.714527,0.950692,0.049408,,,,2.714453,0.950581,0.049523
635.3983,2.759805,0.972194,2.625935,0.858515,0.175625,2.630365,0.862072,0.169946,2.630425,0.862131,0.169861,2.714527,0.950692,0.050124,,,,2.714853,0.951216,0.049606
635.6049,2.759805,0.972194,2.625935,0.858515,0.175625,2.630365,0.862072,0.169946,2.630425,0.862131,0.169861,2.714527,0.950692,0.050124,,,,2.714853,0.951216,0.049606
636.0025,2.759805,0.972194,2.625935,0.858515,0.175625,2.630365,0.862072,0.169946,2.630425,0.862131,0.169861,2.714527,0.950692,0.050124,,,,2.714853,0.951216,0.049606
636.2067,2.760672,0.972815,2.625935,0.858515,0.176688,2.631495,0.862862,0.169635,2.630995,0.86253,0.170231,2.714527,0.950692,0.051173,,,,2.715231,0.9518,0.050064
636.4031,2.760837,0.972931,2.625935,0.858515,0.176889,2.631495,0.862862,0.169837,2.630995,0.86253,0.170433,2.714527,0.950692,0.051373,,,,2.715231,0.9518,0.050264
636.6035,2.760837,0.972931,2.625935,0.858515,0.176889,2.631495,0.862862,0.169837,2.630995,0.86253,0.170433,2.714527,0.950692,0.051373,,,,2.715231,0.9518,0.050264
636.8672,2.760837,0.972931,2.625935,0.858515,0.176889,2.631495,0.862862,0.169837,2.630995,0.86253,0.170433,2.714527,0.950692,0.051373,,,,2.715231,0.9518,0.050264
636.9993,2.760837,0.972931,2.625935,0.858515,0.176889,2.631495,0.862862,0.169837,2.630995,0.86253,0.170433,2.714527,0.950692,0.051373,,,,2.715231,0.9518,0.050264
637.213,2.761426,0.973338,2.629722,0.850102,0.18037,2.631495,0.862862,0.170549,2.629789,0.85039,0.180124,2.714527,0.950692,0.05208,,,,2.715836,0.95271,0.05004
637.4005,2.761642,0.973484,2.629722,0.850102,0.180627,2.629795,0.850399,0.18037,2.63025,0.850683,0.179844,2.714527,0.950692,0.052338,,,,2.716149,0.953158,0.049827
637.6148,2.761642,0.973484,2.629722,0.850102,0.180627,2.629795,0.850399,0.18037,2.63025,0.850683,0.179844,2.714527,0.950692,0.052338,,,,2.716149,0.953158,0.049827
637.958,2.761642,0.973484,2.629722,0.850102,0.180627,2.629795,0.850399,0.18037,2.63025,0.850683,0.179844,2.714527,0.950692,0.052338,,,,2.716149,0.953158,0.049827
638.0062,2.762228,0.973873,2.629722,0.850102,0.18132,2.629795,0.850399,0.181064,2.63025,0.850683,0.180538,2.714527,0.950692,0.053035,,,,2.716149,0.953158,0.050521
638.1995,2.762429,0.974003,2.629722,0.850102,0.181556,2.629795,0.850399,0.181299,2.63025,0.850683,0.180773,2.714527,0.950692,0.053272,,,,2.716149,0.953158,0.050757
638.3997,2.762984,0.974355,2.629722,0.850102,0.182202,2.630417,0.850794,0.181222,2.630876,0.851071,0.180697,2.714527,0.950692,0.053925,,,,2.716578,0.953757,0.050772
638.5985,2.762984,0.974355,2.629722,0.850102,0.182202,2.630733,0.850984,0.180861,2.631194,0.851257,0.180338,2.714527,0.950692,0.053925,,,,2.716799,0.954051,0.050451
638.9579,2.762984,0.974355,2.629722,0.850102,0.182202,2.630733,0.850984,0.180861,2.631194,0.851257,0.180338,2.714527,0.950692,0.053925,,,,2.716799,0.954051,0.050451
638.9984,2.763086,0.974418,2.629722,0.850102,0.18232,2.630733,0.850984,0.180979,2.631194,0.851257,0.180456,2.714527,0.950692,0.054045,,,,2.716799,0.954051,0.05057
639.2038,2.763102,0.974427,2.629722,0.850102,0.182337,2.630733,0.850984,0.180997,2.631194,0.851257,0.180473,2.714527,0.950692,0.054063,,,,2.716799,0.954051,0.050588
639.4143,2.763257,0.974523,2.629722,0.850102,0.182516,2.630733,0.850984,0.181176,2.631194,0.851257,0.180652,2.714527,0.950692,0.054245,,,,2.716799,0.954051,0.050769
639.5989,2.763586,0.97472,2.629722,0.850102,0.182891,2.630963,0.851119,0.18129,2.631425,0.85139,0.180767,2.714527,0.950692,0.054626,,,,2.716962,0.954263,0.050915
639.911,2.763586,0.97472,2.629722,0.850102,0.182891,2.630963,0.851119,0.18129,2.631425,0.85139,0.180767,2.714527,0.950692,0.054626,,,,2.716962,0.954263,0.050915
639.9987,2.763648,0.974757,2.629722,0.850102,0.182962,2.630963,0.851119,0.181361,2.631425,0.85139,0.180838,2.714527,0.950692,0.054699,,,,2.716962,0.954263,0.050986
640.2016,2.76383,0.974863,2.629722,0.850102,0.183168,2.631195,0.851252,0.181306,2.631425,0.85139,0.181043,2.714527,0.950692,0.054909,,,,2.716962,0.954263,0.051196
640.4087,2.764117,0.975028,2.629722,0.850102,0.183489,2.631415,0.851375,0.181382,2.631659,0.85152,0.181106,2.714527,0.950692,0.055238,,,,2.717127,0.954473,0.051289
640.6011,2.764117,0.975028,2.629722,0.850102,0.183489,2.631415,0.851375,0.181382,2.631659,0.85152,0.181106,2.714527,0.950692,0.055238,,,,2.717127,0.954473,0.051289
640.9288,2.764117,0.975028,2.629722,0.850102,0.183489,2.631415,0.851375,0.181382,2.631659,0.85152,0.181106,2.714527,0.950692,0.055238,,,,2.717127,0.954473,0.051289
641.0011,2.764408,0.97519,2.629722,0.850102,0.183813,2.631415,0.851375,0.181706,2.631659,0.85152,0.181429,2.714527,0.950692,0.055572,,,,2.717127,0.954473,0.051621
641.2028,2.764408,0.97519,2.629722,0.850102,0.183813,2.631415,0.851375,0.181706,2.631659,0.85152,0.181429,2.714527,0.950692,0.055572,,,,2.717127,0.954473,0.051621
641.3985,2.764434,0.975204,2.629722,0.850102,0.183842,2.631415,0.851375,0.181735,2.631659,0.85152,0.181458,2.714527,0.950692,0.055601,,,,2.717127,0.954473,0.051651
641.5996,2.764434,0.975204,2.629722,0.850102,0.183842,2.631415,0.851375,0.181735,2.631659,0.85152,0.181458,2.714527,0.950692,0.055601,,,,2.717127,0.954473,0.051651
641.803,2.764514,0.975247,2.630669,0.849524,0.183631,2.631415,0.851375,0.181822,2.631659,0.85152,0.181545,2.714527,0.950692,0.055691,,,,2.717127,0.954473,0.05174
641.9982,2.764544,0.975262,2.630669,0.849524,0.183664,2.631415,0.851375,0.181855,2.630686,0.849563,0.183625,2.714527,0.950692,0.055726,,,,2.717127,0.954473,0.051775
642.2029,2.764544,0.975262,2.630669,0.849524,0.183664,2.631415,0.851375,0.181855,2.630686,0.849563,0.183625,2.714527,0.950692,0.055726,,,,2.717127,0.954473,0.051775
642.404,2.764501,0.975238,2.630669,0.849524,0.183616,2.630681,0.849555,0.183586,2.630686,0.849563,0.183578,2.714527,0.950692,0.055676,,,,2.717127,0.954473,0.051725
642.6111,2.764479,0.975225,2.630669,0.849524,0.183591,2.630681,0.849555,0.183561,2.630686,0.849563,0.183552,2.714527,0.950692,0.055651,,,,2.717127,0.954473,0.0517
642.9609,2.764479,0.975225,2.630669,0.849524,0.183591,2.630681,0.849555,0.183561,2.630686,0.849563,0.183552,2.714527,0.950692,0.055651,,,,2.717127,0.954473,0.0517
643.002,2.764454,0.975212,2.630669,0.849524,0.183564,2.63046,0.849455,0.183764,2.630463,0.849467,0.183753,2.714527,0.950692,0.055622,,,,2.716961,0.954295,0.051895
643.1983,2.76439,0.975179,2.630669,0.849524,0.183496,2.63046,0.849455,0.183695,2.630463,0.849467,0.183685,2.714527,0.950692,0.055551,,,,2.716961,0.954295,0.051824
643.3987,2.764356,0.975162,2.630669,0.849524,0.183459,2.63046,0.849455,0.183659,2.630463,0.849467,0.183648,2.714527,0.950692,0.055513,,,,2.716961,0.954295,0.051785
643.6073,2.764356,0.975162,2.630669,0.849524,0.183459,2.63046,0.849455,0.183659,2.630463,0.849467,0.183648,2.714527,0.950692,0.055513,,,,2.716961,0.954295,0.051785
644.1106,2.764356,0.975162,2.630669,0.849524,0.183459,2.63046,0.849455,0.183659,2.630463,0.849467,0.183648,2.714527,0.950692,0.055513,,,,2.716961,0.954295,0.051785
644.1995,2.763909,0.974947,2.630669,0.849524,0.182986,2.630183,0.849333,0.183471,2.630184,0.849351,0.183458,2.714527,0.950692,0.055017,,,,2.716753,0.954076,0.051569
644.4012,2.763648,0.974827,2.630669,0.849524,0.182714,2.629444,0.849015,0.183955,2.629901,0.849237,0.18347,2.714527,0.950692,0.05473,,,,2.716193,0.953499,0.052028
644.5984,2.763648,0.974827,2.630669,0.849524,0.182714,2.629444,0.849015,0.183955,2.629901,0.849237,0.18347,2.714527,0.950692,0.05473,,,,2.716193,0.953499,0.052028
644.8142,2.763648,0.974827,2.630669,0.849524,0.182714,2.629444,0.849015,0.183955,2.629901,0.849237,0.18347,2.714527,0.950692,0.05473,,,,2.716193,0.953499,0.052028
644.9987,2.763333,0.974685,2.630669,0.849524,0.182387,2.629124,0.848885,0.183951,2.629527,0.849089,0.183517,2.714527,0.950692,0.054384,,,,2.715947,0.953255,0.052006
645.2309,2.763179,0.974618,2.630669,0.849524,0.182229,2.629124,0.848885,0.183792,2.629204,0.848965,0.183679,2.714527,0.950692,0.054217,,,,2.715947,0.953255,0.051839
645.3987,2.763165,0.974612,2.630669,0.849524,0.182215,2.629124,0.848885,0.183778,2.629204,0.848965,0.183664,2.714527,0.950692,0.054201,,,,2.715947,0.953255,0.051823
645.5998,2.763165,0.974612,2.630669,0.849524,0.182215,2.629124,0.848885,0.183778,2.629204,0.848965,0.183664,2.714527,0.950692,0.054201,,,,2.715947,0.953255,0.051823
645.8016,2.763034,0.974555,2.630669,0.849524,0.182081,2.629124,0.848885,0.183644,2.629204,0.848965,0.18353,2.714527,0.950692,0.054059,,,,2.715947,0.953255,0.05168
646.0065,2.762809,0.974459,2.630669,0.849524,0.181851,2.629124,0.848885,0.183414,2.629204,0.848965,0.1833,2.714527,0.950692,0.053814,,,,2.715251,0.952577,0.05235
646.2006,2.762533,0.974343,2.630669,0.849524,0.181571,2.628221,0.848526,0.184037,2.628294,0.848626,0.183916,2.714527,0.950692,0.053515,,,,2.715251,0.952577,0.052051
646.412,2.762474,0.974318,2.630669,0.849524,0.181511,2.628221,0.848526,0.183977,2.628294,0.848626,0.183856,2.714527,0.950692,0.053452,,,,2.715251,0.952577,0.051987
646.6243,2.762016,0.974131,2.630669,0.849524,0.18105,2.627388,0.848212,0.184338,2.627454,0.848329,0.184209,2.714527,0.950692,0.052958,,,,2.714884,0.952231,0.051972
646.8517,2.761949,0.974104,2.630669,0.849524,0.180982,2.627388,0.848212,0.18427,2.627454,0.848329,0.184141,2.714527,0.950692,0.052886,,,,2.714884,0.952231,0.051899
647.0062,2.761932,0.974097,2.630669,0.849524,0.180965,2.627388,0.848212,0.184253,2.627454,0.848329,0.184125,2.714527,0.950692,0.052868,,,,2.714884,0.952231,0.051881
647.1994,2.761586,0.97396,2.630669,0.849524,0.18062,2.627001,0.848074,0.184283,2.627065,0.8482,0.184151,2.714527,0.950692,0.052496,,,,2.714281,0.951674,0.052292
647.4084,2.761461,0.973912,2.630669,0.849524,0.180496,2.626615,0.84794,0.184533,2.626676,0.848074,0.184397,2.714527,0.950692,0.052363,,,,2.713976,0.951401,0.05255
647.5989,2.761399,0.973888,2.630669,0.849524,0.180435,2.626615,0.84794,0.184471,2.626676,0.848074,0.184335,2.714527,0.950692,0.052297,,,,2.713976,0.951401,0.052484
647.7984,2.761399,0.973888,2.630669,0.849524,0.180435,2.626615,0.84794,0.184471,2.626676,0.848074,0.184335,2.714527,0.950692,0.052297,,,,2.713976,0.951401,0.052484
648.0107,2.761335,0.973864,2.630669,0.849524,0.180372,2.626615,0.84794,0.184408,2.626676,0.848074,0.184273,2.714527,0.950692,0.052229,,,,2.713976,0.951401,0.052416
648.1993,2.760976,0.973728,2.630643,0.850626,0.179278,2.626615,0.84794,0.184053,2.626676,0.848074,0.183917,2.714527,0.950692,0.051847,,,,2.713976,0.951401,0.052033
648.3984,2.760701,0.973626,2.630643,0.850626,0.179008,2.63059,0.850579,0.179079,2.630603,0.85059,0.179062,2.714527,0.950692,0.051555,,,,2.713584,0.951056,0.052244
648.6113,2.760658,0.97361,2.630643,0.850626,0.178966,2.63059,0.850579,0.179038,2.630603,0.85059,0.17902,2.714527,0.950692,0.05151,,,,2.713584,0.951056,0.052199
648.7986,2.759941,0.973353,2.630643,0.850626,0.178268,2.62944,0.850215,0.179425,2.629452,0.850227,0.179408,2.714527,0.950692,0.050753,,,,2.712671,0.950267,0.052606
648.9988,2.759941,0.973353,2.630643,0.850626,0.178268,2.62944,0.850215,0.179425,2.629452,0.850227,0.179408,2.714527,0.950692,0.050753,,,,2.712671,0.950267,0.052606
649.2053,2.758935,0.973005,2.630643,0.850626,0.1773,2.62944,0.850215,0.178456,2.62808,0.849823,0.179713,2.714527,0.950692,0.049698,,,,2.712123,0.949807,0.052245
649.3982,2.758935,0.973005,2.630643,0.850626,0.1773,2.628069,0.849805,0.179734,2.62808,0.849823,0.179713,2.714527,0.950692,0.049698,,,,2.711572,0.949352,0.052941
649.5997,2.758935,0.973005,2.630643,0.850626,0.1773,2.628069,0.849805,0.179734,2.62808,0.849823,0.179713,2.714527,0.950692,0.049698,,,,2.711572,0.949352,0.052941
649.7986,2.758935,0.973005,2.630643,0.850626,0.1773,2.628069,0.849805,0.179734,2.62808,0.849823,0.179713,2.714527,0.950692,0.049698,,,,2.711572,0.949352,0.052941
650.0028,2.757817,0.972634,2.630643,0.850626,0.176236,2.627348,0.849602,0.17933,2.627359,0.84962,0.179309,2.714527,0.950692,0.048533,,,,2.71099,0.94888,0.052507
650.2058,2.757817,0.972634,2.630643,0.850626,0.176236,2.627348,0.849602,0.17933,2.627359,0.84962,0.179309,2.714527,0.950692,0.048533,,,,2.71099,0.94888,0.052507
650.3986,2.757817,0.972634,2.630643,0.850626,0.176236,2.627348,0.849602,0.17933,2.627359,0.84962,0.179309,2.714527,0.950692,0.048533,,,,2.71099,0.94888,0.052507
650.6,2.757475,0.972525,2.630643,0.850626,0.175913,2.627348,0.849602,0.179006,2.626664,0.84943,0.179621,2.714527,0.950692,0.048178,,,,2.710427,0.94843,0.052859
650.8991,2.757413,0.972505,2.630643,0.850626,0.175855,2.627348,0.849602,0.178947,2.626664,0.84943,0.179562,2.714527,0.950692,0.048114,,,,2.710427,0.94843,0.052795
651.0019,2.7567,0.972281,2.630643,0.850626,0.175186,2.626653,0.849411,0.178911,2.625909,0.84923,0.179577,2.714527,0.950692,0.047377,,,,2.710427,0.94843,0.052058
651.2032,2.756199,0.972127,2.630643,0.850626,0.174718,2.625899,0.84921,0.179127,2.625909,0.84923,0.179106,2.714527,0.950692,0.046861,,,,2.710427,0.94843,0.051542
651.4093,2.755403,0.971887,2.630643,0.850626,0.17398,2.62408,0.848741,0.180029,2.624088,0.848768,0.180005,2.714527,0.950692,0.046043,,,,2.708205,0.946698,0.053499
651.6035,2.754392,0.971591,2.630643,0.850626,0.173049,2.623164,0.848519,0.17991,2.624088,0.848768,0.179065,2.714527,0.950692,0.04501,,,,2.707452,0.946131,0.0534
651.9295,2.754392,0.971591,2.630643,0.850626,0.173049,2.623164,0.848519,0.17991,2.624088,0.848768,0.179065,2.714527,0.950692,0.04501,,,,2.707452,0.946131,0.0534
651.9984,2.75397,0.97147,2.630643,0.850626,0.172663,2.623164,0.848519,0.179519,2.624088,0.848768,0.178675,2.714527,0.950692,0.04458,,,,2.707452,0.946131,0.052971
652.1985,2.75397,0.97147,2.630643,0.850626,0.172663,2.623164,0.848519,0.179519,2.624088,0.848768,0.178675,2.714527,0.950692,0.04458,,,,2.707452,0.946131,0.052971
652.3985,2.75295,0.971182,2.630643,0.850626,0.171734,2.622165,0.848284,0.179467,2.622265,0.848334,0.179361,2.714527,0.950692,0.043544,,,,2.706704,0.945577,0.052862
652.6083,2.752832,0.971149,2.630643,0.850626,0.171627,2.622165,0.848284,0.179359,2.622265,0.848334,0.179252,2.714527,0.950692,0.043425,,,,2.706704,0.945577,0.052743
652.9186,2.752832,0.971149,2.630643,0.850626,0.171627,2.622165,0.848284,0.179359,2.622265,0.848334,0.179252,2.714527,0.950692,0.043425,,,,2.706704,0.945577,0.052743
652.9984,2.752832,0.971149,2.630643,0.850626,0.171627,2.622165,0.848284,0.179359,2.622265,0.848334,0.179252,2.714527,0.950692,0.043425,,,,2.706704,0.945577,0.052743
653.2076,2.752832,0.971149,2.630643,0.850626,0.171627,2.622165,0.848284,0.179359,2.622265,0.848334,0.179252,2.714527,0.950692,0.043425,,,,2.706704,0.945577,0.052743
653.4014,2.752832,0.971149,2.630643,0.850626,0.171627,2.622165,0.848284,0.179359,2.622265,0.848334,0.179252,2.714527,0.950692,0.043425,,,,2.706704,0.945577,0.052743
653.5986,2.752832,0.971149,2.630643,0.850626,0.171627,2.622165,0.848284,0.179359,2.622265,0.848334,0.179252,2.714527,0.950692,0.043425,,,,2.706704,0.945577,0.052743
653.7985,2.752832,0.971149,2.630643,0.850626,0.171627,2.622165,0.848284,0.179359,2.622265,0.848334,0.179252,2.714527,0.950692,0.043425,,,,2.706704,0.945577,0.052743
653.9984,2.752832,0.971149,2.630643,0.850626,0.171627,2.622165,0.848284,0.179359,2.622265,0.848334,0.179252,2.714527,0.950692,0.043425,,,,2.706704,0.945577,0.052743
654.1987,2.752832,0.971149,2.630643,0.850626,0.171627,2.622165,0.848284,0.179359,2.622265,0.848334,0.179252,2.714527,0.950692,0.043425,,,,2.706704,0.945577,0.052743
654.4062,2.752832,0.971149,2.630643,0.850626,0.171627,2.622165,0.848284,0.179359,2.622265,0.848334,0.179252,2.714527,0.950692,0.043425,,,,2.706704,0.945577,0.052743
654.5987,2.752832,0.971149,2.630643,0.850626,0.171627,2.622165,0.848284,0.179359,2.622265,0.848334,0.179252,2.714527,0.950692,0.043425,,,,2.706704,0.945577,0.052743
654.8065,2.752832,0.971149,2.630643,0.850626,0.171627,2.622165,0.848284,0.179359,2.622265,0.848334,0.179252,2.714527,0.950692,0.043425,,,,2.706704,0.945577,0.052743
655.03,2.752832,0.971149,2.630643,0.850626,0.171627,2.622165,0.848284,0.179359,2.622265,0.848334,0.179252,2.714527,0.950692,0.043425,,,,2.706704,0.945577,0.052743
655.2036,2.752832,0.971149,2.630643,0.850626,0.171627,2.622165,0.848284,0.179359,2.622265,0.848334,0.179252,2.745418,0.986004,0.016603,,,,2.706704,0.945577,0.052743
655.4004,2.752832,0.971149,2.630643,0.850626,0.171627,2.622165,0.848284,0.179359,2.622265,0.848334,0.179252,2.745418,0.986004,0.016603,,,,2.745418,0.985973,0.016575
655.6008,2.752832,0.971149,2.630643,0.850626,0.171627,2.622165,0.848284,0.179359,2.622265,0.848334,0.179252,2.745418,0.986004,0.016603,,,,2.745418,0.985973,0.016575
655.9541,2.752832,0.971149,2.630643,0.850626,0.171627,2.622165,0.848284,0.179359,2.622265,0.848334,0.179252,2.745418,0.986004,0.016603,,,,2.745418,0.985973,0.016575
655.9984,2.752832,0.971149,2.630643,0.850626,0.171627,2.622165,0.848284,0.179359,2.622265,0.848334,0.179252,2.745418,0.986004,0.016603,,,,2.745418,0.985973,0.016575
656.1997,2.752832,0.971149,2.630643,0.850626,0.171627,2.622165,0.848284,0.179359,2.622265,0.848334,0.179252,2.745418,0.986004,0.016603,,,,2.745418,0.985973,0.016575
656.401,2.752832,0.971149,2.630643,0.850626,0.171627,2.622165,0.848284,0.179359,2.622265,0.848334,0.179252,2.745418,0.986004,0.016603,,,,2.745418,0.985973,0.016575
656.5999,2.752832,0.971149,2.630643,0.850626,0.171627,2.622165,0.848284,0.179359,2.622265,0.848334,0.179252,2.745418,0.986004,0.016603,,,,2.745418,0.985973,0.016575
656.8021,2.752832,0.971149,2.630643,0.850626,0.171627,2.622165,0.848284,0.179359,2.622265,0.848334,0.179252,2.745418,0.986004,0.016603,,,,2.745418,0.985973,0.016575
657.0005,2.752832,0.971149,2.630643,0.850626,0.171627,2.622165,0.848284,0.179359,2.622265,0.848334,0.179252,2.745418,0.986004,0.016603,,,,2.745418,0.985973,0.016575
657.2085,2.752832,0.971149,2.630643,0.850626,0.171627,2.622165,0.848284,0.179359,2.622265,0.848334,0.179252,2.745418,0.986004,0.016603,,,,2.745418,0.985973,0.016575
657.4091,2.752832,0.971149,2.630643,0.850626,0.171627,2.622165,0.848284,0.179359,2.622265,0.848334,0.179252,2.745418,0.986004,0.016603,,,,2.745418,0.985973,0.016575
657.6028,2.752832,0.971149,2.630643,0.850626,0.171627,2.622165,0.848284,0.179359,2.622265,0.848334,0.179252,2.745418,0.986004,0.016603,,,,2.745418,0.985973,0.016575
657.9323,2.752832,0.971149,2.630643,0.850626,0.171627,2.622165,0.848284,0.179359,2.622265,0.848334,0.179252,2.745418,0.986004,0.016603,,,,2.745418,0.985973,0.016575
657.9991,2.752832,0.971149,2.630643,0.850626,0.171627,2.622165,0.848284,0.179359,2.622265,0.848334,0.179252,2.745418,0.986004,0.016603,,,,2.745418,0.985973,0.016575
658.2028,2.752832,0.971149,2.630643,0.850626,0.171627,2.622165,0.848284,0.179359,2.622265,0.848334,0.179252,2.745418,0.986004,0.016603,,,,2.745418,0.985973,0.016575
658.3988,2.752832,0.971149,2.630643,0.850626,0.171627,2.622165,0.848284,0.179359,2.622265,0.848334,0.179252,2.745418,0.986004,0.016603,,,,2.745418,0.985973,0.016575
658.5984,2.752832,0.971149,2.630643,0.850626,0.171627,2.622165,0.848284,0.179359,2.622265,0.848334,0.179252,2.745418,0.986004,0.016603,,,,2.745418,0.985973,0.016575
658.8093,2.752832,0.971149,2.630643,0.850626,0.171627,2.622165,0.848284,0.179359,2.622265,0.848334,0.179252,2.745418,0.986004,0.016603,,,,2.745418,0.985973,0.016575
658.9985,2.752832,0.971149,2.630643,0.850626,0.171627,2.622165,0.848284,0.179359,2.622265,0.848334,0.179252,2.745418,0.986004,0.016603,,,,2.745418,0.985973,0.016575
659.2014,2.752832,0.971149,2.630643,0.850626,0.171627,2.622165,0.848284,0.179359,2.622265,0.848334,0.179252,2.745418,0.986004,0.016603,,,,2.745418,0.985973,0.016575
659.4028,2.752832,0.971149,2.630643,0.850626,0.171627,2.622165,0.848284,0.179359,2.622265,0.848334,0.179252,2.745418,0.986004,0.016603,,,,2.745418,0.985973,0.016575
659.6052,2.752832,0.971149,2.630643,0.850626,0.171627,2.622165,0.848284,0.179359,2.622265,0.848334,0.179252,2.745418,0.986004,0.016603,,,,2.745418,0.985973,0.016575
659.8445,2.752832,0.971149,2.630643,0.850626,0.171627,2.622165,0.848284,0.179359,2.622265,0.848334,0.179252,2.745418,0.986004,0.016603,,,,2.745418,0.985973,0.016575
660.0104,2.752832,0.971149,2.630643,0.850626,0.171627,2.622165,0.848284,0.179359,2.622265,0.848334,0.179252,2.745418,0.986004,0.016603,,,,2.745418,0.985973,0.016575
660.1995,2.752832,0.971149,2.630643,0.850626,0.171627,2.622165,0.848284,0.179359,2.622265,0.848334,0.179252,2.745418,0.986004,0.016603,,,,2.745418,0.985973,0.016575
660.4316,2.752832,0.971149,2.630643,0.850626,0.171627,2.622165,0.848284,0.179359,2.622265,0.848334,0.179252,2.745418,0.986004,0.016603,,,,2.745418,0.985973,0.016575
660.5988,2.752832,0.971149,2.630643,0.850626,0.171627,2.622165,0.848284,0.179359,2.622265,0.848334,0.179252,2.745418,0.986004,0.016603,,,,2.745418,0.985973,0.016575
660.8055,2.752832,0.971149,2.630643,0.850626,0.171627,2.622165,0.848284,0.179359,2.622265,0.848334,0.179252,2.745418,0.986004,0.016603,,,,2.745418,0.985973,0.016575
660.999,2.752832,0.971149,2.630643,0.850626,0.171627,2.622165,0.848284,0.179359,2.622265,0.848334,0.179252,2.745418,0.986004,0.016603,,,,2.745418,0.985973,0.016575
661.2013,2.752832,0.971149,2.630643,0.850626,0.171627,2.622165,0.848284,0.179359,2.622265,0.848334,0.179252,2.745418,0.986004,0.016603,,,,2.745418,0.985973,0.016575
661.403,2.752832,0.971149,2.630643,0.850626,0.171627,2.622165,0.848284,0.179359,2.622265,0.848334,0.179252,2.745418,0.986004,0.016603,,,,2.745418,0.985973,0.016575
661.6031,2.752832,0.971149,2.630643,0.850626,0.171627,2.622165,0.848284,0.179359,2.622265,0.848334,0.179252,2.745418,0.986004,0.016603,,,,2.745418,0.985973,0.016575
661.8156,2.752832,0.971149,2.630643,0.850626,0.171627,2.622165,0.848284,0.179359,2.622265,0.848334,0.179252,2.745418,0.986004,0.016603,,,,2.745418,0.985973,0.016575
661.9993,2.752832,0.971149,2.630643,0.850626,0.171627,2.622165,0.848284,0.179359,2.622265,0.848334,0.179252,2.745418,0.986004,0.016603,,,,2.745418,0.985973,0.016575
662.1989,2.752832,0.971149,2.630643,0.850626,0.171627,2.622165,0.848284,0.179359,2.622265,0.848334,0.179252,2.745418,0.986004,0.016603,,,,2.745418,0.985973,0.016575
662.3987,2.752832,0.971149,2.630643,0.850626,0.171627,2.622165,0.848284,0.179359,2.622265,0.848334,0.179252,2.745418,0.986004,0.016603,,,,2.745418,0.985973,0.016575
662.6029,2.752832,0.971149,2.630643,0.850626,0.171627,2.622165,0.848284,0.179359,2.622265,0.848334,0.179252,2.745418,0.986004,0.016603,,,,2.745418,0.985973,0.016575
662.802,2.752832,0.971149,2.630643,0.850626,0.171627,2.622165,0.848284,0.179359,2.622265,0.848334,0.179252,2.745418,0.986004,0.016603,,,,2.745418,0.985973,0.016575
663.0011,2.752832,0.971149,2.630643,0.850626,0.171627,2.622165,0.848284,0.179359,2.622265,0.848334,0.179252,2.745418,0.986004,0.016603,,,,2.745418,0.985973,0.016575
663.2182,2.752832,0.971149,2.630643,0.850626,0.171627,2.622165,0.848284,0.179359,2.622265,0.848334,0.179252,2.745418,0.986004,0.016603,,,,2.745418,0.985973,0.016575
663.3982,2.752832,0.971149,2.630643,0.850626,0.171627,2.622165,0.848284,0.179359,2.622265,0.848334,0.179252,2.745418,0.986004,0.016603,,,,2.745418,0.985973,0.016575
663.5983,2.752832,0.971149,2.630643,0.850626,0.171627,2.622165,0.848284,0.179359,2.622265,0.848334,0.179252,2.745418,0.986004,0.016603,,,,2.745418,0.985973,0.016575
663.8032,2.752832,0.971149,2.630643,0.850626,0.171627,2.622165,0.848284,0.179359,2.622265,0.848334,0.179252,2.745418,0.986004,0.016603,,,,2.745418,0.985973,0.016575
663.9985,2.752832,0.971149,2.630643,0.850626,0.171627,2.622165,0.848284,0.179359,2.622265,0.848334,0.179252,2.745418,0.986004,0.016603,,,,2.745418,0.985973,0.016575
664.2026,2.752832,0.971149,2.630643,0.850626,0.171627,2.622165,0.848284,0.179359,2.622265,0.848334,0.179252,2.745418,0.986004,0.016603,,,,2.745418,0.985973,0.016575
664.3997,2.752832,0.971149,2.630643,0.850626,0.171627,2.622165,0.848284,0.179359,2.622265,0.848334,0.179252,2.745418,0.986004,0.016603,,,,2.745418,0.985973,0.016575
664.6091,2.752832,0.971149,2.630643,0.850626,0.171627,2.622165,0.848284,0.179359,2.622265,0.848334,0.179252,2.745418,0.986004,0.016603,,,,2.745418,0.985973,0.016575
664.911,2.752832,0.971149,2.630643,0.850626,0.171627,2.622165,0.848284,0.179359,2.622265,0.848334,0.179252,2.745418,0.986004,0.016603,,,,2.745418,0.985973,0.016575
664.9993,2.752832,0.971149,2.630643,0.850626,0.171627,2.622165,0.848284,0.179359,2.622265,0.848334,0.179252,2.745418,0.986004,0.016603,,,,2.745418,0.985973,0.016575
665.1988,2.752832,0.971149,2.630643,0.850626,0.171627,2.622165,0.848284,0.179359,2.622265,0.848334,0.179252,2.745418,0.986004,0.016603,,,,2.745418,0.985973,0.016575
665.3989,2.752832,0.971149,2.630643,0.850626,0.171627,2.622165,0.848284,0.179359,2.622265,0.848334,0.179252,2.745418,0.986004,0.016603,,,,2.745418,0.985973,0.016575
665.5988,2.752832,0.971149,2.630643,0.850626,0.171627,2.622165,0.848284,0.179359,2.622265,0.848334,0.179252,2.745418,0.986004,0.016603,,,,2.745418,0.985973,0.016575
665.8088,2.752832,0.971149,2.630643,0.850626,0.171627,2.622165,0.848284,0.179359,2.622265,0.848334,0.179252,2.745418,0.986004,0.016603,,,,2.745418,0.985973,0.016575
665.9984,2.752832,0.971149,2.630643,0.850626,0.171627,2.622165,0.848284,0.179359,2.622265,0.848334,0.179252,2.745418,0.986004,0.016603,,,,2.745418,0.985973,0.016575
666.1984,2.752832,0.971149,2.630643,0.850626,0.171627,2.622165,0.848284,0.179359,2.622265,0.848334,0.179252,2.745418,0.986004,0.016603,,,,2.745418,0.985973,0.016575
666.4046,2.752832,0.971149,2.630643,0.850626,0.171627,2.622165,0.848284,0.179359,2.622265,0.848334,0.179252,2.745418,0.986004,0.016603,,,,2.745418,0.985973,0.016575
666.6004,2.752832,0.971149,2.630643,0.850626,0.171627,2.622165,0.848284,0.179359,2.622265,0.848334,0.179252,2.745418,0.986004,0.016603,,,,2.745418,0.985973,0.016575
666.7985,2.752832,0.971149,2.630643,0.850626,0.171627,2.622165,0.848284,0.179359,2.622265,0.848334,0.179252,2.745418,0.986004,0.016603,,,,2.745418,0.985973,0.016575
666.9992,2.752832,0.971149,2.630643,0.850626,0.171627,2.622165,0.848284,0.179359,2.622265,0.848334,0.179252,2.745418,0.986004,0.016603,,,,2.745418,0.985973,0.016575
667.2013,2.752832,0.971149,2.630643,0.850626,0.171627,2.622165,0.848284,0.179359,2.622265,0.848334,0.179252,2.745418,0.986004,0.016603,,,,2.745418,0.985973,0.016575
667.3982,2.752832,0.971149,2.630643,0.850626,0.171627,2.622165,0.848284,0.179359,2.622265,0.848334,0.179252,2.745418,0.986004,0.016603,,,,2.745418,0.985973,0.016575
667.6039,2.752832,0.971149,2.630643,0.850626,0.171627,2.622165,0.848284,0.179359,2.622265,0.848334,0.179252,2.745418,0.986004,0.016603,,,,2.745418,0.985973,0.016575
667.8006,2.752832,0.971149,2.630643,0.850626,0.171627,2.622165,0.848284,0.179359,2.622265,0.848334,0.179252,2.745418,0.986004,0.016603,,,,2.745418,0.985973,0.016575
667.9985,2.752832,0.971149,2.630643,0.850626,0.171627,2.622165,0.848284,0.179359,2.622265,0.848334,0.179252,2.745418,0.986004,0.016603,,,,2.745418,0.985973,0.016575
668.1984,2.752832,0.971149,2.630643,0.850626,0.171627,2.622165,0.848284,0.179359,2.622265,0.848334,0.179252,2.745418,0.986004,0.016603,,,,2.745418,0.985973,0.016575
668.4126,2.752832,0.971149,2.630643,0.850626,0.171627,2.622165,0.848284,0.179359,2.622265,0.848334,0.179252,2.745418,0.986004,0.016603,,,,2.745418,0.985973,0.016575
668.5997,2.752832,0.971149,2.630643,0.850626,0.171627,2.622165,0.848284,0.179359,2.622265,0.848334,0.179252,2.745418,0.986004,0.016603,,,,2.745418,0.985973,0.016575
668.8415,2.752832,0.971149,2.630643,0.850626,0.171627,2.622165,0.848284,0.179359,2.622265,0.848334,0.179252,2.745418,0.986004,0.016603,,,,2.745418,0.985973,0.016575
668.9993,2.752832,0.971149,2.630643,0.850626,0.171627,2.622165,0.848284,0.179359,2.622265,0.848334,0.179252,2.745418,0.986004,0.016603,,,,2.745418,0.985973,0.016575
669.2118,2.752832,0.971149,2.630643,0.850626,0.171627,2.622165,0.848284,0.179359,2.622265,0.848334,0.179252,2.745418,0.986004,0.016603,,,,2.745418,0.985973,0.016575
669.4097,2.752832,0.971149,2.630643,0.850626,0.171627,2.622165,0.848284,0.179359,2.622265,0.848334,0.179252,2.745418,0.986004,0.016603,,,,2.745418,0.985973,0.016575
669.6033,2.752832,0.971149,2.630643,0.850626,0.171627,2.622165,0.848284,0.179359,2.622265,0.848334,0.179252,2.745418,0.986004,0.016603,,,,2.745418,0.985973,0.016575
669.9303,2.752832,0.971149,2.630643,0.850626,0.171627,2.622165,0.848284,0.179359,2.622265,0.848334,0.179252,2.745418,0.986004,0.016603,,,,2.745418,0.985973,0.016575
670.0006,2.752832,0.971149,2.630643,0.850626,0.171627,2.622165,0.848284,0.179359,2.622265,0.848334,0.179252,2.745418,0.986004,0.016603,,,,2.745418,0.985973,0.016575
670.2066,2.752832,0.971149,2.630643,0.850626,0.171627,2.622165,0.848284,0.179359,2.622265,0.848334,0.179252,2.745418,0.986004,0.016603,,,,2.745418,0.985973,0.016575
670.4103,2.752832,0.971149,2.630643,0.850626,0.171627,2.622165,0.848284,0.179359,2.622265,0.848334,0.179252,2.745418,0.986004,0.016603,,,,2.745418,0.985973,0.016575
670.6074,2.752832,0.971149,2.630643,0.850626,0.171627,2.622165,0.848284,0.179359,2.622265,0.848334,0.179252,2.745418,0.986004,0.016603,,,,2.745418,0.985973,0.016575
670.9041,2.752832,0.971149,2.630643,0.850626,0.171627,2.622165,0.848284,0.179359,2.622265,0.848334,0.179252,2.745418,0.986004,0.016603,,,,2.745418,0.985973,0.016575
670.999,2.752832,0.971149,2.630643,0.850626,0.171627,2.622165,0.848284,0.179359,2.622265,0.848334,0.179252,2.745418,0.986004,0.016603,,,,2.745418,0.985973,0.016575
671.211,2.752832,0.971149,2.630643,0.850626,0.171627,2.622165,0.848284,0.179359,2.622265,0.848334,0.179252,2.733956,0.98212,0.021833,,,,2.745418,0.985973,0.016575
671.3984,2.752832,0.971149,2.630643,0.850626,0.171627,2.622165,0.848284,0.179359,2.622265,0.848334,0.179252,2.733956,0.98212,0.021833,,,,2.734024,0.982136,0.021782
671.5985,2.752832,0.971149,2.630643,0.850626,0.171627,2.622165,0.848284,0.179359,2.622265,0.848334,0.179252,2.733956,0.98212,0.021833,,,,2.734024,0.982136,0.021782
671.8337,2.752832,0.971149,2.630643,0.850626,0.171627,2.622165,0.848284,0.179359,2.622265,0.848334,0.179252,2.733956,0.98212,0.021833,,,,2.734024,0.982136,0.021782
671.9987,2.752832,0.971149,2.630643,0.850626,0.171627,2.622165,0.848284,0.179359,2.622265,0.848334,0.179252,2.733956,0.98212,0.021833,,,,2.734024,0.982136,0.021782
672.1983,2.752832,0.971149,2.630643,0.850626,0.171627,2.622165,0.848284,0.179359,2.622265,0.848334,0.179252,2.733956,0.98212,0.021833,,,,2.734024,0.982136,0.021782
672.4011,2.752832,0.971149,2.630643,0.850626,0.171627,2.622165,0.848284,0.179359,2.622265,0.848334,0.179252,2.733956,0.98212,0.021833,,,,2.734024,0.982136,0.021782
672.6017,2.752832,0.971149,2.630643,0.850626,0.171627,2.622165,0.848284,0.179359,2.622265,0.848334,0.179252,2.733956,0.98212,0.021833,,,,2.734024,0.982136,0.021782
672.8698,2.752832,0.971149,2.630643,0.850626,0.171627,2.622165,0.848284,0.179359,2.622265,0.848334,0.179252,2.733956,0.98212,0.021833,,,,2.734024,0.982136,0.021782
672.9982,2.752832,0.971149,2.630643,0.850626,0.171627,2.622165,0.848284,0.179359,2.622265,0.848334,0.179252,2.733956,0.98212,0.021833,,,,2.734024,0.982136,0.021782
673.2055,2.752832,0.971149,2.630643,0.850626,0.171627,2.622165,0.848284,0.179359,2.622265,0.848334,0.179252,2.733956,0.98212,0.021833,,,,2.734024,0.982136,0.021782
673.4502,2.752832,0.971149,2.630643,0.850626,0.171627,2.622165,0.848284,0.179359,2.622265,0.848334,0.179252,2.733956,0.98212,0.021833,,,,2.734024,0.982136,0.021782
673.6015,2.752832,0.971149,2.630643,0.850626,0.171627,2.622165,0.848284,0.179359,2.622265,0.848334,0.179252,2.733956,0.98212,0.021833,,,,2.734024,0.982136,0.021782
673.7988,2.752832,0.971149,2.630643,0.850626,0.171627,2.622165,0.848284,0.179359,2.622265,0.848334,0.179252,2.733956,0.98212,0.021833,,,,2.734024,0.982136,0.021782
674.0025,2.752832,0.971149,2.630643,0.850626,0.171627,2.622165,0.848284,0.179359,2.622265,0.848334,0.179252,2.733956,0.98212,0.021833,,,,2.734024,0.982136,0.021782
674.1985,2.752832,0.971149,2.630643,0.850626,0.171627,2.622165,0.848284,0.179359,2.622265,0.848334,0.179252,2.733956,0.98212,0.021833,,,,2.734024,0.982136,0.021782
674.4072,2.752832,0.971149,2.630643,0.850626,0.171627,2.622165,0.848284,0.179359,2.622265,0.848334,0.179252,2.733956,0.98212,0.021833,,,,2.734024,0.982136,0.021782
674.6012,2.752832,0.971149,2.630643,0.850626,0.171627,2.622165,0.848284,0.179359,2.622265,0.848334,0.179252,2.733956,0.98212,0.021833,,,,2.734024,0.982136,0.021782
674.8341,2.752832,0.971149,2.630643,0.850626,0.171627,2.622165,0.848284,0.179359,2.622265,0.848334,0.179252,2.733956,0.98212,0.021833,,,,2.734024,0.982136,0.021782
675.0025,2.752832,0.971149,2.630643,0.850626,0.171627,2.622165,0.848284,0.179359,2.622265,0.848334,0.179252,2.733956,0.98212,0.021833,,,,2.734024,0.982136,0.021782
675.1996,2.752832,0.971149,2.630643,0.850626,0.171627,2.622165,0.848284,0.179359,2.622265,0.848334,0.179252,2.733956,0.98212,0.021833,,,,2.734024,0.982136,0.021782
675.4013,2.752832,0.971149,2.630643,0.850626,0.171627,2.622165,0.848284,0.179359,2.622265,0.848334,0.179252,2.733956,0.98212,0.021833,,,,2.734024,0.982136,0.021782
675.6,2.752832,0.971149,2.630643,0.850626,0.171627,2.622165,0.848284,0.179359,2.622265,0.848334,0.179252,2.733956,0.98212,0.021833,,,,2.734024,0.982136,0.021782
675.804,2.752832,0.971149,2.630643,0.850626,0.171627,2.622165,0.848284,0.179359,2.622265,0.848334,0.179252,2.733956,0.98212,0.021833,,,,2.734024,0.982136,0.021782
676.0089,2.752832,0.971149,2.630643,0.850626,0.171627,2.622165,0.848284,0.179359,2.622265,0.848334,0.179252,2.733956,0.98212,0.021833,,,,2.734024,0.982136,0.021782
676.2029,2.752832,0.971149,2.630643,0.850626,0.171627,2.622165,0.848284,0.179359,2.622265,0.848334,0.179252,2.733956,0.98212,0.021833,,,,2.734024,0.982136,0.021782
676.3984,2.752832,0.971149,2.630643,0.850626,0.171627,2.622165,0.848284,0.179359,2.622265,0.848334,0.179252,2.733956,0.98212,0.021833,,,,2.734024,0.982136,0.021782
676.6029,2.752832,0.971149,2.630643,0.850626,0.171627,2.622165,0.848284,0.179359,2.622265,0.848334,0.179252,2.733956,0.98212,0.021833,,,,2.734024,0.982136,0.021782
676.8214,2.752832,0.971149,2.630643,0.850626,0.171627,2.622165,0.848284,0.179359,2.622265,0.848334,0.179252,2.733956,0.98212,0.021833,,,,2.734024,0.982136,0.021782
676.9992,2.752832,0.971149,2.630643,0.850626,0.171627,2.622165,0.848284,0.179359,2.622265,0.848334,0.179252,2.733956,0.98212,0.021833,,,,2.734024,0.982136,0.021782
677.2276,2.752832,0.971149,2.630643,0.850626,0.171627,2.622165,0.848284,0.179359,2.622265,0.848334,0.179252,2.733956,0.98212,0.021833,,,,2.734024,0.982136,0.021782
677.398,2.752832,0.971149,2.630643,0.850626,0.171627,2.622165,0.848284,0.179359,2.622265,0.848334,0.179252,2.733956,0.98212,0.021833,,,,2.734024,0.982136,0.021782
677.6012,2.752832,0.971149,2.630643,0.850626,0.171627,2.622165,0.848284,0.179359,2.622265,0.848334,0.179252,2.733956,0.98212,0.021833,,,,2.734024,0.982136,0.021782
677.8365,2.752832,0.971149,2.630643,0.850626,0.171627,2.622165,0.848284,0.179359,2.622265,0.848334,0.179252,2.733956,0.98212,0.021833,,,,2.734024,0.982136,0.021782
677.9987,2.752832,0.971149,2.630643,0.850626,0.171627,2.622165,0.848284,0.179359,2.622265,0.848334,0.179252,2.733956,0.98212,0.021833,,,,2.734024,0.982136,0.021782
678.1987,2.752832,0.971149,2.630643,0.850626,0.171627,2.622165,0.848284,0.179359,2.622265,0.848334,0.179252,2.733956,0.98212,0.021833,,,,2.734024,0.982136,0.021782
678.4011,2.752832,0.971149,2.630643,0.850626,0.171627,2.622165,0.848284,0.179359,2.622265,0.848334,0.179252,2.733956,0.98212,0.021833,,,,2.734024,0.982136,0.021782
678.5984,2.752832,0.971149,2.630643,0.850626,0.171627,2.622165,0.848284,0.179359,2.622265,0.848334,0.179252,2.733956,0.98212,0.021833,,,,2.734024,0.982136,0.021782
678.8382,2.752832,0.971149,2.630643,0.850626,0.171627,2.622165,0.848284,0.179359,2.622265,0.848334,0.179252,2.733956,0.98212,0.021833,,,,2.734024,0.982136,0.021782
679.0053,2.752832,0.971149,2.630643,0.850626,0.171627,2.622165,0.848284,0.179359,2.622265,0.848334,0.179252,2.733956,0.98212,0.021833,,,,2.734024,0.982136,0.021782
679.2277,2.752832,0.971149,2.630643,0.850626,0.171627,2.622165,0.848284,0.179359,2.622265,0.848334,0.179252,2.733956,0.98212,0.021833,,,,2.734024,0.982136,0.021782
679.4012,2.752832,0.971149,2.630643,0.850626,0.171627,2.622165,0.848284,0.179359,2.622265,0.848334,0.179252,2.733956,0.98212,0.021833,,,,2.734024,0.982136,0.021782
679.6055,2.752832,0.971149,2.630643,0.850626,0.171627,2.622165,0.848284,0.179359,2.622265,0.848334,0.179252,2.733956,0.98212,0.021833,,,,2.734024,0.982136,0.021782
679.9962,2.752832,0.971149,2.630643,0.850626,0.171627,2.622165,0.848284,0.179359,2.622265,0.848334,0.179252,2.733956,0.98212,0.021833,,,,2.734024,0.982136,0.021782
680.0039,2.752832,0.971149,2.630643,0.850626,0.171627,2.622165,0.848284,0.179359,2.622265,0.848334,0.179252,2.733956,0.98212,0.021833,,,,2.734024,0.982136,0.021782
680.201,2.752832,0.971149,2.630643,0.850626,0.171627,2.622165,0.848284,0.179359,2.622265,0.848334,0.179252,2.733956,0.98212,0.021833,,,,2.734024,0.982136,0.021782
680.4043,2.752832,0.971149,2.630643,0.850626,0.171627,2.622165,0.848284,0.179359,2.622265,0.848334,0.179252,2.733956,0.98212,0.021833,,,,2.734024,0.982136,0.021782
680.601,2.752832,0.971149,2.630643,0.850626,0.171627,2.622165,0.848284,0.179359,2.622265,0.848334,0.179252,2.733956,0.98212,0.021833,,,,2.734024,0.982136,0.021782
680.9452,2.752832,0.971149,2.630643,0.850626,0.171627,2.622165,0.848284,0.179359,2.622265,0.848334,0.179252,2.733956,0.98212,0.021833,,,,2.734024,0.982136,0.021782
680.9985,2.752832,0.971149,2.630643,0.850626,0.171627,2.622165,0.848284,0.179359,2.622265,0.848334,0.179252,2.733956,0.98212,0.021833,,,,2.734024,0.982136,0.021782
681.2129,2.752832,0.971149,2.630643,0.850626,0.171627,2.622165,0.848284,0.179359,2.622265,0.848334,0.179252,2.733956,0.98212,0.021833,,,,2.734024,0.982136,0.021782
681.4047,2.752832,0.971149,2.630643,0.850626,0.171627,2.622165,0.848284,0.179359,2.622265,0.848334,0.179252,2.733956,0.98212,0.021833,,,,2.734024,0.982136,0.021782
681.6001,2.752832,0.971149,2.630643,0.850626,0.171627,2.622165,0.848284,0.179359,2.622265,0.848334,0.179252,2.733956,0.98212,0.021833,,,,2.734024,0.982136,0.021782
682.0875,2.752832,0.971149,2.630643,0.850626,0.171627,2.622165,0.848284,0.179359,2.622265,0.848334,0.179252,2.733956,0.98212,0.021833,,,,2.734024,0.982136,0.021782
682.2144,2.752832,0.971149,2.630643,0.850626,0.171627,2.622165,0.848284,0.179359,2.622265,0.848334,0.179252,2.733956,0.98212,0.021833,,,,2.734024,0.982136,0.021782
682.3996,2.752832,0.971149,2.630643,0.850626,0.171627,2.622165,0.848284,0.179359,2.622265,0.848334,0.179252,2.733956,0.98212,0.021833,,,,2.734024,0.982136,0.021782
682.6016,2.752832,0.971149,2.630643,0.850626,0.171627,2.622165,0.848284,0.179359,2.622265,0.848334,0.179252,2.733956,0.98212,0.021833,,,,2.734024,0.982136,0.021782
682.8073,2.752832,0.971149,2.630643,0.850626,0.171627,2.622165,0.848284,0.179359,2.622265,0.848334,0.179252,2.733956,0.98212,0.021833,,,,2.734024,0.982136,0.021782
683.0128,2.752832,0.971149,2.630643,0.850626,0.171627,2.622165,0.848284,0.179359,2.622265,0.848334,0.179252,2.733956,0.98212,0.021833,,,,2.734024,0.982136,0.021782
683.1985,2.752832,0.971149,2.630643,0.850626,0.171627,2.622165,0.848284,0.179359,2.622265,0.848334,0.179252,2.733956,0.98212,0.021833,,,,2.734024,0.982136,0.021782
683.3987,2.75281,0.971143,2.630643,0.850626,0.171607,2.622165,0.848284,0.179338,2.622265,0.848334,0.179232,2.733956,0.98212,0.021817,,,,2.734024,0.982136,0.021766
683.6004,2.752623,0.97109,2.630643,0.850626,0.171437,2.622165,0.848284,0.179166,2.622265,0.848334,0.179059,2.733956,0.98212,0.021682,,,,2.734024,0.982136,0.021631
684.1307,2.752623,0.97109,2.630643,0.850626,0.171437,2.622165,0.848284,0.179166,2.622265,0.848334,0.179059,2.733956,0.98212,0.021682,,,,2.734024,0.982136,0.021631
684.21,2.751598,0.970801,2.630643,0.850626,0.170505,2.621701,0.848175,0.178635,2.621801,0.848227,0.178527,2.733956,0.98212,0.020961,,,,2.733566,0.982006,0.02123
684.4023,2.75042,0.970467,2.630643,0.850626,0.169435,2.621701,0.848175,0.177549,2.621801,0.848227,0.177441,2.733956,0.98212,0.020171,,,,2.733566,0.982006,0.020426
684.5982,2.748526,0.969927,2.630643,0.850626,0.167717,2.619011,0.847538,0.178194,2.616458,0.846992,0.18043,2.733956,0.98212,0.018998,,,,2.729051,0.980711,0.022261
684.9417,2.748526,0.969927,2.630643,0.850626,0.167717,2.619011,0.847538,0.178194,2.616458,0.846992,0.18043,2.733956,0.98212,0.018998,,,,2.729051,0.980711,0.022261
684.9987,2.746527,0.969356,2.630643,0.850626,0.165909,2.617193,0.847105,0.177968,2.616458,0.846992,0.17858,2.733956,0.98212,0.017915,,,,2.729051,0.980711,0.020841
685.2086,2.744892,0.968885,2.630643,0.850626,0.164432,2.617193,0.847105,0.176459,2.616458,0.846992,0.177069,2.733956,0.98212,0.017168,,,,2.729051,0.980711,0.019768
685.4212,2.744635,0.968811,2.630643,0.850626,0.1642,2.617193,0.847105,0.176221,2.616458,0.846992,0.176831,2.733956,0.98212,0.017063,,,,2.729051,0.980711,0.019607
685.6006,2.742713,0.968257,2.630643,0.850626,0.16247,2.612025,0.845866,0.17905,2.614631,0.846564,0.176675,2.733956,0.98212,0.016398,,,,2.727249,0.980188,0.019532
685.8262,2.742713,0.968257,2.630643,0.850626,0.16247,2.612025,0.845866,0.17905,2.614631,0.846564,0.176675,2.733956,0.98212,0.016398,,,,2.727249,0.980188,0.019532
686.0063,2.740472,0.967603,2.630643,0.850626,0.160456,2.612025,0.845866,0.176971,2.609329,0.845315,0.179313,2.733956,0.98212,0.015912,,,,2.724698,0.979444,0.019724
686.1989,2.738874,0.967134,2.630643,0.850626,0.159022,2.60938,0.845219,0.177854,2.606647,0.844669,0.180227,2.733956,0.98212,0.015772,,,,2.719406,0.977887,0.022241
686.4021,2.736608,0.966465,2.630643,0.850626,0.156994,2.60938,0.845219,0.175749,2.606647,0.844669,0.178113,2.733956,0.98212,0.015878,,,,2.719406,0.977887,0.020649
686.5996,2.735519,0.966141,2.630643,0.850626,0.156021,2.603775,0.843833,0.179765,2.606647,0.844669,0.177097,2.733956,0.98212,0.016055,,,,2.71664,0.97706,0.021808
686.8005,2.732721,0.965306,2.630643,0.850626,0.15353,2.603775,0.843833,0.177151,2.603843,0.843986,0.176998,2.733956,0.98212,0.016859,,,,2.713376,0.976074,0.02214
687.0125,2.732721,0.965306,2.630643,0.850626,0.15353,2.603775,0.843833,0.177151,2.603843,0.843986,0.176998,2.733956,0.98212,0.016859,,,,2.713376,0.976074,0.02214
687.2046,2.730798,0.964726,2.630643,0.850626,0.151821,2.603775,0.843833,0.175356,2.603843,0.843986,0.175202,2.733956,0.98212,0.017679,,,,2.713376,0.976074,0.020792
687.4129,2.728163,0.963922,2.630643,0.850626,0.149486,2.600469,0.842998,0.175864,2.596785,0.84225,0.179065,2.733956,0.98212,0.019098,,,,2.709901,0.975011,0.021365
687.5986,2.725355,0.963056,2.630643,0.850626,0.147006,2.596949,0.842097,0.176406,2.593264,0.841351,0.179611,2.733956,0.98212,0.020915,,,,2.706431,0.973933,0.021828
687.7981,2.725355,0.963056,2.630643,0.850626,0.147006,2.596949,0.842097,0.176406,2.593264,0.841351,0.179611,2.733956,0.98212,0.020915,,,,2.706431,0.973933,0.021828
687.9983,2.722791,0.962254,2.630643,0.850626,0.144748,2.596949,0.842097,0.173994,2.593264,0.841351,0.177186,2.733956,0.98212,0.022789,,,,2.706431,0.973933,0.020101
688.1983,2.719232,0.961128,2.630643,0.850626,0.141628,2.589427,0.840134,0.177451,2.589502,0.840373,0.177233,2.733956,0.98212,0.025642,,,,2.702724,0.972764,0.020198
688.4132,2.7183,0.96083,2.630643,0.850626,0.140814,2.589427,0.840134,0.176566,2.589502,0.840373,0.176348,2.733956,0.98212,0.026428,,,,2.702724,0.972764,0.019623
688.5984,2.714722,0.959673,2.630643,0.850626,0.137697,2.585685,0.83912,0.176589,2.581927,0.838344,0.179876,2.733956,0.98212,0.02956,,,,2.699032,0.97158,0.019697
688.8864,2.714722,0.959673,2.630643,0.850626,0.137697,2.585685,0.83912,0.176589,2.581927,0.838344,0.179876,2.733956,0.98212,0.02956,,,,2.699032,0.97158,0.019697
688.9997,2.712478,0.958938,2.630643,0.850626,0.135751,2.585685,0.83912,0.17445,2.581927,0.838344,0.177726,2.733956,0.98212,0.031603,,,,2.699032,0.97158,0.018456
689.2,2.712478,0.958938,2.630643,0.850626,0.135751,2.585685,0.83912,0.17445,2.581927,0.838344,0.177726,2.733956,0.98212,0.031603,,,,2.699032,0.97158,0.018456
689.4004,2.712478,0.958938,2.630643,0.850626,0.135751,2.585685,0.83912,0.17445,2.581927,0.838344,0.177726,2.733956,0.98212,0.031603,,,,2.699032,0.97158,0.018456
689.6104,2.711447,0.958598,2.630643,0.850626,0.134859,2.585685,0.83912,0.173467,2.581927,0.838344,0.176738,2.733956,0.98212,0.032558,,,,2.699032,0.97158,0.017963
689.9275,2.711034,0.958461,2.630643,0.850626,0.134503,2.585685,0.83912,0.173075,2.581927,0.838344,0.176343,2.733956,0.98212,0.032942,,,,2.699032,0.97158,0.017781
690.0428,2.707958,0.957433,2.630643,0.850626,0.131853,2.581863,0.838063,0.173635,2.577793,0.837203,0.177196,2.733956,0.98212,0.035852,,,,2.695262,0.970351,0.018113
690.2003,2.705133,0.956474,2.630643,0.850626,0.129431,2.573764,0.835778,0.178396,2.577793,0.837203,0.174474,2.733956,0.98212,0.038581,,,,2.691191,0.969,0.018742
690.4226,2.702714,0.955643,2.630643,0.850626,0.127368,2.573764,0.835778,0.176056,2.577793,0.837203,0.172143,2.733956,0.98212,0.040953,,,,2.691191,0.969,0.01764
690.5985,2.699254,0.954436,2.630643,0.850626,0.124435,2.569729,0.834586,0.176468,2.569695,0.834915,0.176269,2.733956,0.98212,0.044392,,,,2.683221,0.9663,0.019945
690.8868,2.699254,0.954436,2.630643,0.850626,0.124435,2.569729,0.834586,0.176468,2.569695,0.834915,0.176269,2.733956,0.98212,0.044392,,,,2.683221,0.9663,0.019945
691.0221,2.697214,0.953716,2.630643,0.850626,0.122716,2.569729,0.834586,0.174483,2.569695,0.834915,0.174284,2.733956,0.98212,0.046441,,,,2.683221,0.9663,0.018819
691.1985,2.694131,0.952613,2.630643,0.850626,0.120133,2.56151,0.832074,0.179215,2.561405,0.832461,0.179033,2.733956,0.98212,0.049565,,,,2.675068,0.963426,0.021916
691.4013,2.694131,0.952613,2.630643,0.850626,0.120133,2.56151,0.832074,0.179215,2.561405,0.832461,0.179033,2.733956,0.98212,0.049565,,,,2.675068,0.963426,0.021916
691.6008,2.693301,0.952313,2.630643,0.850626,0.119441,2.56151,0.832074,0.178399,2.561405,0.832461,0.178217,2.733956,0.98212,0.050412,,,,2.675068,0.963426,0.021353
691.7995,2.693301,0.952313,2.630643,0.850626,0.119441,2.56151,0.832074,0.178399,2.561405,0.832461,0.178217,2.733956,0.98212,0.050412,,,,2.675068,0.963426,0.021353
692.006,2.688529,0.950563,2.630643,0.850626,0.11549,2.557357,0.830758,0.177649,2.557245,0.831165,0.177458,2.733956,0.98212,0.055313,,,,2.67098,0.961919,0.020903
692.2021,2.685405,0.949392,2.630643,0.850626,0.112932,2.557357,0.830758,0.174557,2.553065,0.82983,0.17835,2.733956,0.98212,0.058552,,,,2.67098,0.961919,0.019105
692.3996,2.684138,0.948912,2.630643,0.850626,0.111901,2.557357,0.830758,0.173302,2.553065,0.82983,0.177089,2.733956,0.98212,0.059872,,,,2.67098,0.961919,0.018502
692.6104,2.68072,0.9476,2.630643,0.850626,0.10914,2.553183,0.829404,0.173885,2.553065,0.82983,0.173682,2.733956,0.98212,0.063449,,,,2.733832,0.982091,0.063328
692.8065,2.68072,0.9476,2.630643,0.850626,0.10914,2.553183,0.829404,0.173885,2.553065,0.82983,0.173682,2.733956,0.98212,0.063449,,,,2.733832,0.982091,0.063328
693.0093,2.676159,0.945809,2.630643,0.850626,0.105506,2.553183,0.829404,0.169332,2.553065,0.82983,0.169125,2.733956,0.98212,0.068257,,,,2.733832,0.982091,0.068136
693.2035,2.673702,0.944825,2.630643,0.850626,0.103574,2.544785,0.826572,0.174939,2.544784,0.827117,0.174571,2.733956,0.98212,0.070862,,,,2.729641,0.980898,0.066561
693.4004,2.673702,0.944825,2.630643,0.850626,0.103574,2.544785,0.826572,0.174939,2.544784,0.827117,0.174571,2.733956,0.98212,0.070862,,,,2.729641,0.980898,0.066561
693.605,2.673096,0.94458,2.630643,0.850626,0.1031,2.544785,0.826572,0.174326,2.544784,0.827117,0.173958,2.733956,0.98212,0.071507,,,,2.729641,0.980898,0.067204
693.8,2.671681,0.944005,2.630643,0.850626,0.101998,2.544785,0.826572,0.172896,2.544784,0.827117,0.172527,2.733956,0.98212,0.073014,,,,2.729641,0.980898,0.068706
693.9981,2.670067,0.943342,2.630643,0.850626,0.100749,2.544785,0.826572,0.171262,2.544784,0.827117,0.170891,2.733956,0.98212,0.074737,,,,2.725496,0.979682,0.06628
694.1983,2.665243,0.941321,2.630643,0.850626,0.09707,2.536701,0.823738,0.174209,2.536687,0.82432,0.173827,2.733956,0.98212,0.079914,,,,2.717323,0.977208,0.063247
694.4035,2.664443,0.940979,2.630643,0.850626,0.096468,2.536701,0.823738,0.173389,2.536687,0.82432,0.173005,2.733956,0.98212,0.080776,,,,2.717323,0.977208,0.0641
694.6224,2.660856,0.939428,2.630643,0.850626,0.0938,2.532697,0.822253,0.173651,2.532677,0.822854,0.173261,2.733956,0.98212,0.084654,,,,2.717323,0.977208,0.06794
694.803,2.657519,0.937951,2.630643,0.850626,0.091367,2.532697,0.822253,0.170195,2.532677,0.822854,0.169803,2.733956,0.98212,0.088281,,,,2.713271,0.9759,0.067442
695.0065,2.654209,0.936455,2.630643,0.850626,0.089005,2.52485,0.819261,0.174551,2.524816,0.819898,0.17415,2.733956,0.98212,0.091897,,,,2.713271,0.9759,0.071023
695.1988,2.653434,0.9361,2.630643,0.850626,0.08846,2.52485,0.819261,0.173739,2.524816,0.819898,0.173336,2.733956,0.98212,0.092746,,,,2.705352,0.973261,0.063847
695.3994,2.652855,0.935834,2.630643,0.850626,0.088055,2.52485,0.819261,0.173132,2.524816,0.819898,0.172729,2.733956,0.98212,0.09338,,,,2.705352,0.973261,0.064472
695.5996,2.651895,0.93539,2.630643,0.850626,0.087387,2.52485,0.819261,0.172123,2.524816,0.819898,0.171719,2.733956,0.98212,0.094434,,,,2.705352,0.973261,0.065512
695.9058,2.651895,0.93539,2.630643,0.850626,0.087387,2.52485,0.819261,0.172123,2.524816,0.819898,0.171719,2.733956,0.98212,0.094434,,,,2.705352,0.973261,0.065512
696.0058,2.647302,0.933226,2.505196,0.815285,0.184674,2.505212,0.815294,0.184655,2.50522,0.815297,0.184647,2.733956,0.98212,0.099497,,,,2.705352,0.973261,0.070517
696.2079,2.645206,0.932215,2.505196,0.815285,0.182416,2.501348,0.8138,0.186326,2.501355,0.813804,0.186318,2.733956,0.98212,0.101819,,,,2.697545,0.970487,0.064838
696.4078,2.641694,0.93049,2.505196,0.815285,0.178618,2.501348,0.8138,0.18252,2.497506,0.812272,0.186456,2.733956,0.98212,0.105726,,,,2.697545,0.970487,0.068695
696.5984,2.639314,0.929297,2.505196,0.815285,0.17603,2.501348,0.8138,0.179928,2.497506,0.812272,0.18386,2.733956,0.98212,0.108386,,,,2.697545,0.970487,0.071326
696.8148,2.639314,0.929297,2.505196,0.815285,0.17603,2.501348,0.8138,0.179928,2.497506,0.812272,0.18386,2.733956,0.98212,0.108386,,,,2.697545,0.970487,0.071326
697.0046,2.636614,0.927918,2.505196,0.815285,0.173081,2.493944,0.810853,0.184551,2.490131,0.809252,0.188518,2.733956,0.98212,0.111415,,,,2.69009,0.96767,0.066632
697.1996,2.63501,0.927086,2.505196,0.815285,0.171322,2.490332,0.809328,0.186544,2.486534,0.807691,0.190526,2.733956,0.98212,0.113222,,,,2.686451,0.966208,0.064628
697.4078,2.634303,0.926716,2.505196,0.815285,0.170545,2.490332,0.809328,0.185762,2.486534,0.807691,0.189743,2.733956,0.98212,0.11402,,,,2.686451,0.966208,0.065415
697.6024,2.633781,0.926442,2.505196,0.815285,0.169971,2.490332,0.809328,0.185184,2.486534,0.807691,0.189164,2.733956,0.98212,0.114609,,,,2.686451,0.966208,0.065997
697.9438,2.633781,0.926442,2.505196,0.815285,0.169971,2.490332,0.809328,0.185184,2.486534,0.807691,0.189164,2.733956,0.98212,0.114609,,,,2.686451,0.966208,0.065997
697.9984,2.627971,0.923313,2.505196,0.815285,0.163535,2.486864,0.80782,0.182345,2.483081,0.80615,0.186334,2.733956,0.98212,0.121208,,,,2.682957,0.964762,0.068859
698.2057,2.627971,0.923313,2.505196,0.815285,0.163535,2.486864,0.80782,0.182345,2.483081,0.80615,0.186334,2.733956,0.98212,0.121208,,,,2.682957,0.964762,0.068859
698.4066,2.624161,0.921183,2.505196,0.815285,0.159271,2.483413,0.806274,0.181698,2.479645,0.80457,0.185697,2.733956,0.98212,0.125572,,,,2.679479,0.963276,0.069513
698.6004,2.622357,0.920152,2.505196,0.815285,0.157239,2.483413,0.806274,0.179649,2.479645,0.80457,0.183647,2.733956,0.98212,0.12765,,,,2.679479,0.963276,0.071573
698.7981,2.622194,0.920058,2.505196,0.815285,0.157054,2.483413,0.806274,0.179463,2.479645,0.80457,0.18346,2.733956,0.98212,0.127838,,,,2.679479,0.963276,0.07176
699.0015,2.61977,0.918647,2.505196,0.815285,0.154308,2.476789,0.803217,0.18376,2.473052,0.801448,0.187781,2.733956,0.98212,0.130642,,,,2.672803,0.960336,0.067458
699.1999,2.618489,0.91789,2.505196,0.815285,0.15285,2.473542,0.801627,0.185813,2.469821,0.799826,0.189845,2.733956,0.98212,0.13213,,,,2.669529,0.958804,0.065415
699.4005,2.618489,0.91789,2.505196,0.815285,0.15285,2.473542,0.801627,0.185813,2.469821,0.799826,0.189845,2.733956,0.98212,0.13213,,,,2.669529,0.958804,0.065415
699.5987,2.617692,0.917414,2.505196,0.815285,0.151941,2.473542,0.801627,0.184894,2.469821,0.799826,0.188925,2.733956,0.98212,0.133057,,,,2.669529,0.958804,0.066334
699.8006,2.617692,0.917414,2.505196,0.815285,0.151941,2.473542,0.801627,0.184894,2.469821,0.799826,0.188925,2.733956,0.98212,0.133057,,,,2.669529,0.958804,0.066334
700.0043,2.617692,0.917414,2.505196,0.815285,0.151941,2.473542,0.801627,0.184894,2.469821,0.799826,0.188925,2.733956,0.98212,0.133057,,,,2.669529,0.958804,0.066334
700.2023,2.61552,0.916102,2.470915,0.80444,0.1827,2.473542,0.801627,0.18238,2.469821,0.799826,0.186409,2.733956,0.98212,0.135593,,,,2.669529,0.958804,0.06885
700.4027,2.612903,0.914486,2.470915,0.80444,0.17964,2.470888,0.80438,0.179699,2.470832,0.804352,0.17976,2.733956,0.98212,0.138666,,,,2.666369,0.957279,0.068483
700.5985,2.612443,0.914198,2.470915,0.80444,0.1791,2.467779,0.802752,0.182613,2.467725,0.802723,0.182675,2.733956,0.98212,0.139208,,,,2.666369,0.957279,0.069022
700.8041,2.61183,0.913813,2.470915,0.80444,0.17838,2.467779,0.802752,0.181893,2.467725,0.802723,0.181954,2.733956,0.98212,0.139931,,,,2.666369,0.957279,0.069741
701.0155,2.610636,0.913056,2.470915,0.80444,0.176973,2.467779,0.802752,0.180485,2.467725,0.802723,0.180546,2.733956,0.98212,0.141343,,,,2.666369,0.957279,0.071147
701.2145,2.607439,0.910984,2.470915,0.80444,0.173178,2.467779,0.802752,0.176689,2.464888,0.801191,0.179931,2.733956,0.98212,0.145145,,,,2.663228,0.955715,0.071507
701.4147,2.606346,0.91026,2.470915,0.80444,0.17187,2.464942,0.801221,0.178561,2.464888,0.801191,0.178623,2.733956,0.98212,0.146453,,,,2.66036,0.954243,0.069657
701.61,2.604055,0.908716,2.470915,0.80444,0.169114,2.45954,0.798216,0.181919,2.462124,0.799652,0.178995,2.733956,0.98212,0.149207,,,,2.654897,0.951349,0.066352
701.8567,2.604055,0.908716,2.470915,0.80444,0.169114,2.45954,0.798216,0.181919,2.462124,0.799652,0.178995,2.733956,0.98212,0.149207,,,,2.654897,0.951349,0.066352
702.0027,2.603135,0.908085,2.470915,0.80444,0.168001,2.45954,0.798216,0.180806,2.462124,0.799652,0.177881,2.733956,0.98212,0.150318,,,,2.654897,0.951349,0.067462
702.203,2.603135,0.908085,2.470915,0.80444,0.168001,2.45954,0.798216,0.180806,2.462124,0.799652,0.177881,2.733956,0.98212,0.150318,,,,2.654897,0.951349,0.067462
702.4059,2.601601,0.907019,2.470915,0.80444,0.166136,2.45954,0.798216,0.17894,2.462124,0.799652,0.176016,2.733956,0.98212,0.152178,,,,2.654897,0.951349,0.069323
702.5987,2.599062,0.905214,2.470915,0.80444,0.163025,2.45954,0.798216,0.175827,2.456934,0.796673,0.178834,2.733956,0.98212,0.155277,,,,2.652291,0.94988,0.069486
702.894,2.599062,0.905214,2.470915,0.80444,0.163025,2.45954,0.798216,0.175827,2.456934,0.796673,0.178834,2.733956,0.98212,0.155277,,,,2.652291,0.94988,0.069486
703.0037,2.595771,0.902797,2.470915,0.80444,0.158944,2.45218,0.793775,0.18029,2.454356,0.7951,0.177755,2.733956,0.98212,0.159334,,,,2.64968,0.948361,0.070585
703.2049,2.594857,0.902108,2.470915,0.80444,0.157799,2.45218,0.793775,0.179144,2.454356,0.7951,0.17661,2.733956,0.98212,0.16047,,,,2.647277,0.94692,0.068964
703.3989,2.594629,0.901935,2.470915,0.80444,0.157513,2.45218,0.793775,0.178858,2.454356,0.7951,0.176324,2.733956,0.98212,0.160754,,,,2.647277,0.94692,0.06925
703.599,2.592933,0.900632,2.470915,0.80444,0.155375,2.45218,0.793775,0.17672,2.451984,0.793608,0.176977,2.733956,0.98212,0.162873,,,,2.647277,0.94692,0.071385
704.0031,2.592933,0.900632,2.470915,0.80444,0.155375,2.45218,0.793775,0.17672,2.451984,0.793608,0.176977,2.733956,0.98212,0.162873,,,,2.647277,0.94692,0.071385
704.2036,2.59167,0.899644,2.470915,0.80444,0.153771,2.449897,0.792296,0.177829,2.449702,0.792129,0.178086,2.733956,0.98212,0.164462,,,,2.644965,0.945489,0.0703
704.3985,2.591103,0.899195,2.470915,0.80444,0.153047,2.449897,0.792296,0.177105,2.449702,0.792129,0.177362,2.733956,0.98212,0.165178,,,,2.644965,0.945489,0.071023
704.6109,2.591103,0.899195,2.470915,0.80444,0.153047,2.449897,0.792296,0.177105,2.449702,0.792129,0.177362,2.733956,0.98212,0.165178,,,,2.644965,0.945489,0.071023
704.805,2.591103,0.899195,2.470915,0.80444,0.153047,2.449897,0.792296,0.177105,2.449702,0.792129,0.177362,2.733956,0.98212,0.165178,,,,2.644965,0.945489,0.071023
705.0101,2.588237,0.896872,2.431005,0.788255,0.191101,2.431334,0.78837,0.190765,2.43129,0.788354,0.190811,2.733956,0.98212,0.168823,,,,2.642611,0.943987,0.071946
705.2055,2.587647,0.896382,2.431005,0.788255,0.190337,2.431334,0.78837,0.190001,2.43129,0.788354,0.190046,2.733956,0.98212,0.16958,,,,2.642611,0.943987,0.072713
705.3998,2.587647,0.896382,2.431005,0.788255,0.190337,2.431334,0.78837,0.190001,2.43129,0.788354,0.190046,2.733956,0.98212,0.16958,,,,2.642611,0.943987,0.072713
705.6061,2.587451,0.896218,2.431005,0.788255,0.190083,2.431334,0.78837,0.189746,2.43129,0.788354,0.189792,2.733956,0.98212,0.169832,,,,2.640518,0.942611,0.070487
705.9811,2.586872,0.895731,2.431005,0.788255,0.189329,2.431334,0.78837,0.188993,2.429254,0.786896,0.191542,2.733956,0.98212,0.170578,,,,2.640518,0.942611,0.071244
705.9992,2.584772,0.893928,2.431005,0.788255,0.186577,2.427343,0.785471,0.191172,2.4273,0.785454,0.191218,2.733956,0.98212,0.173303,,,,2.638508,0.941247,0.071601
706.2059,2.584772,0.893928,2.431005,0.788255,0.186577,2.427343,0.785471,0.191172,2.4273,0.785454,0.191218,2.733956,0.98212,0.173303,,,,2.638508,0.941247,0.071601
706.4066,2.583163,0.8925,2.431005,0.788255,0.184443,2.423947,0.782889,0.193299,2.423904,0.782872,0.193344,2.733956,0.98212,0.175415,,,,2.635013,0.938802,0.069514
706.6159,2.582295,0.891714,2.431005,0.788255,0.183282,2.423947,0.782889,0.192138,2.423904,0.782872,0.192183,2.733956,0.98212,0.176563,,,,2.635013,0.938802,0.070685
706.9751,2.582295,0.891714,2.431005,0.788255,0.183282,2.423947,0.782889,0.192138,2.423904,0.782872,0.192183,2.733956,0.98212,0.176563,,,,2.635013,0.938802,0.070685
706.9983,2.581947,0.891394,2.431005,0.788255,0.182815,2.423947,0.782889,0.19167,2.423904,0.782872,0.191715,2.733956,0.98212,0.177026,,,,2.635013,0.938802,0.071158
707.1983,2.581947,0.891394,2.431005,0.788255,0.182815,2.423947,0.782889,0.19167,2.423904,0.782872,0.191715,2.733956,0.98212,0.177026,,,,2.635013,0.938802,0.071158
707.3988,2.580897,0.890421,2.431005,0.788255,0.181399,2.423947,0.782889,0.190254,2.423904,0.782872,0.190299,2.733956,0.98212,0.178427,,,,2.635013,0.938802,0.072589
707.5985,2.579292,0.888894,2.431005,0.788255,0.179213,2.422218,0.781493,0.190281,2.420806,0.78037,0.19208,2.733956,0.98212,0.180589,,,,2.631819,0.936425,0.07084
707.8003,2.579292,0.888894,2.431005,0.788255,0.179213,2.422218,0.781493,0.190281,2.420806,0.78037,0.19208,2.733956,0.98212,0.180589,,,,2.631819,0.936425,0.07084
707.9998,2.579292,0.888894,2.431005,0.788255,0.179213,2.422218,0.781493,0.190281,2.420806,0.78037,0.19208,2.733956,0.98212,0.180589,,,,2.631819,0.936425,0.07084
708.2031,2.578837,0.888453,2.431005,0.788255,0.178589,2.420688,0.78022,0.191639,2.420806,0.78037,0.191457,2.733956,0.98212,0.181206,,,,2.631819,0.936425,0.071473
708.4249,2.577711,0.887342,2.431005,0.788255,0.177033,2.420688,0.78022,0.190082,2.420806,0.78037,0.1899,2.733956,0.98212,0.182745,,,,2.631819,0.936425,0.073054
708.6197,2.576819,0.886443,2.431005,0.788255,0.175791,2.419189,0.778934,0.190802,2.419308,0.779084,0.190619,2.733956,0.98212,0.183974,,,,2.630271,0.935199,0.072348
709.1389,2.576819,0.886443,2.431005,0.788255,0.175791,2.419189,0.778934,0.190802,2.419308,0.779084,0.190619,2.733956,0.98212,0.183974,,,,2.630271,0.935199,0.072348
709.1985,2.574781,0.884326,2.431005,0.788255,0.17292,2.416318,0.776356,0.19175,2.415145,0.775321,0.193302,2.733956,0.98212,0.186817,,,,2.627301,0.932734,0.071427
709.401,2.574781,0.884326,2.431005,0.788255,0.17292,2.416318,0.776356,0.19175,2.415145,0.775321,0.193302,2.733956,0.98212,0.186817,,,,2.627301,0.932734,0.071427
709.5991,2.574645,0.884181,2.431005,0.788255,0.172726,2.416318,0.776356,0.191557,2.415145,0.775321,0.193108,2.733956,0.98212,0.187008,,,,2.627301,0.932734,0.071624
710.0239,2.574645,0.884181,2.431005,0.788255,0.172726,2.416318,0.776356,0.191557,2.415145,0.775321,0.193108,2.733956,0.98212,0.187008,,,,2.627301,0.932734,0.071624
710.1985,2.572991,0.882379,2.418113,0.776462,0.187632,2.418031,0.776418,0.187724,2.418022,0.776413,0.187735,2.733956,0.98212,0.189362,,,,2.624923,0.930666,0.070912
710.4028,2.572162,0.881444,2.418113,0.776462,0.18642,2.416973,0.775392,0.187965,2.418022,0.776413,0.186523,2.733956,0.98212,0.19056,,,,2.624923,0.930666,0.072156
710.6125,2.571028,0.880124,2.418113,0.776462,0.18474,2.416973,0.775392,0.186284,2.416963,0.775387,0.186295,2.733956,0.98212,0.192221,,,,2.623841,0.929665,0.072412
710.8923,2.571028,0.880124,2.418113,0.776462,0.18474,2.416973,0.775392,0.186284,2.416963,0.775387,0.186295,2.733956,0.98212,0.192221,,,,2.623841,0.929665,0.072412
711.0013,2.570396,0.879368,2.418113,0.776462,0.183793,2.415998,0.774417,0.18669,2.415023,0.773446,0.188043,2.733956,0.98212,0.193158,,,,2.622844,0.928713,0.072012
711.1984,2.569752,0.878579,2.418113,0.776462,0.182818,2.414465,0.772834,0.187872,2.414269,0.772642,0.188142,2.733956,0.98212,0.194124,,,,2.621275,0.927166,0.070819
711.4037,2.569605,0.878397,2.418113,0.776462,0.182594,2.414465,0.772834,0.187648,2.414269,0.772642,0.187918,2.733956,0.98212,0.194345,,,,2.621275,0.927166,0.071051
711.6096,2.569605,0.878397,2.418113,0.776462,0.182594,2.414465,0.772834,0.187648,2.414269,0.772642,0.187918,2.733956,0.98212,0.194345,,,,2.621275,0.927166,0.071051
711.9511,2.569605,0.878397,2.418113,0.776462,0.182594,2.414465,0.772834,0.187648,2.414269,0.772642,0.187918,2.733956,0.98212,0.194345,,,,2.621275,0.927166,0.071051
711.9982,2.568563,0.877062,2.418113,0.776462,0.180985,2.414465,0.772834,0.186036,2.414269,0.772642,0.186306,2.733956,0.98212,0.19594,,,,2.621275,0.927166,0.072725
712.205,2.567988,0.876296,2.418113,0.776462,0.180082,2.413807,0.772109,0.186083,2.413611,0.771917,0.186352,2.733956,0.98212,0.196835,,,,2.620601,0.926456,0.072691
712.4411,2.567365,0.875439,2.418113,0.776462,0.179089,2.412534,0.770657,0.186955,2.412966,0.771181,0.186303,2.733956,0.98212,0.197822,,,,2.619294,0.925033,0.071807
712.5986,2.567365,0.875439,2.418113,0.776462,0.179089,2.412534,0.770657,0.186955,2.412966,0.771181,0.186303,2.733956,0.98212,0.197822,,,,2.619294,0.925033,0.071807
712.8427,2.567365,0.875439,2.418113,0.776462,0.179089,2.412534,0.770657,0.186955,2.412966,0.771181,0.186303,2.733956,0.98212,0.197822,,,,2.619294,0.925033,0.071807
712.999,2.567112,0.875082,2.418113,0.776462,0.17868,2.412534,0.770657,0.186545,2.412966,0.771181,0.185893,2.733956,0.98212,0.198228,,,,2.619294,0.925033,0.072237
713.1988,2.566433,0.8741,2.418113,0.776462,0.177573,2.411365,0.769231,0.187199,2.411173,0.769019,0.187478,2.733956,0.98212,0.19933,,,,2.618686,0.924325,0.072477
713.4069,2.566433,0.8741,2.418113,0.776462,0.177573,2.411365,0.769231,0.187199,2.411173,0.769019,0.187478,2.733956,0.98212,0.19933,,,,2.618686,0.924325,0.072477
713.601,2.566143,0.873668,2.418113,0.776462,0.177093,2.411365,0.769231,0.186717,2.411173,0.769019,0.186995,2.733956,0.98212,0.199808,,,,2.618686,0.924325,0.072986
713.9453,2.566143,0.873668,2.418113,0.776462,0.177093,2.411365,0.769231,0.186717,2.411173,0.769019,0.186995,2.733956,0.98212,0.199808,,,,2.618686,0.924325,0.072986
714.0036,2.565517,0.872706,2.418113,0.776462,0.176043,2.411365,0.769231,0.18566,2.411173,0.769019,0.185939,2.587621,0.920054,0.052253,,,,2.618098,0.923615,0.073188
714.2032,2.565433,0.872575,2.418113,0.776462,0.175901,2.411365,0.769231,0.185518,2.411173,0.769019,0.185796,2.587621,0.920054,0.052407,,,,2.618098,0.923615,0.073339
714.4009,2.565351,0.872445,2.400444,0.76346,0.197666,2.411365,0.769231,0.185377,2.411173,0.769019,0.185655,2.587621,0.920054,0.05256,,,,2.618098,0.923615,0.073489
714.6017,2.564519,0.871087,2.400444,0.76346,0.196225,2.400165,0.762897,0.196768,2.400133,0.762876,0.196806,2.587621,0.920054,0.054142,,,,2.587067,0.919605,0.053501
714.8065,2.564519,0.871087,2.400444,0.76346,0.196225,2.400165,0.762897,0.196768,2.400133,0.762876,0.196806,2.587621,0.920054,0.054142,,,,2.587067,0.919605,0.053501
714.9989,2.564115,0.870395,2.400444,0.76346,0.195507,2.400165,0.762897,0.19605,2.400133,0.762876,0.196088,2.587621,0.920054,0.054941,,,,2.58636,0.919097,0.053542
715.2056,2.563629,0.869537,2.400444,0.76346,0.194631,2.398643,0.760676,0.197663,2.398611,0.760655,0.197702,2.587621,0.920054,0.055925,,,,2.585622,0.918545,0.053717
715.4105,2.563629,0.869537,2.400444,0.76346,0.194631,2.398643,0.760676,0.197663,2.398611,0.760655,0.197702,2.587621,0.920054,0.055925,,,,2.585622,0.918545,0.053717
715.6019,2.56348,0.869267,2.400444,0.76346,0.19436,2.398643,0.760676,0.197391,2.398611,0.760655,0.197429,2.587621,0.920054,0.056232,,,,2.585622,0.918545,0.054024
715.8598,2.56348,0.869267,2.400444,0.76346,0.19436,2.398643,0.760676,0.197391,2.398611,0.760655,0.197429,2.587621,0.920054,0.056232,,,,2.585622,0.918545,0.054024
716.0034,2.562988,0.868346,2.400444,0.76346,0.193446,2.398643,0.760676,0.196474,2.398228,0.760045,0.197167,2.587621,0.920054,0.057276,,,,2.58495,0.918026,0.054318
716.2233,2.562988,0.868346,2.400444,0.76346,0.193446,2.398643,0.760676,0.196474,2.398228,0.760045,0.197167,2.587621,0.920054,0.057276,,,,2.58495,0.918026,0.054318
716.4015,2.562891,0.868158,2.400444,0.76346,0.193263,2.398643,0.760676,0.19629,2.398228,0.760045,0.196983,2.587621,0.920054,0.057487,,,,2.58495,0.918026,0.054529
716.6155,2.562479,0.86734,2.400444,0.76346,0.192474,2.398261,0.760066,0.196152,2.397873,0.759456,0.19681,2.587621,0.920054,0.058402,,,,2.584388,0.917575,0.054805
716.8044,2.56236,0.867097,2.400444,0.76346,0.192243,2.397496,0.758797,0.197254,2.397502,0.758815,0.197239,2.587621,0.920054,0.058673,,,,2.583249,0.916628,0.053756
717.0027,2.562282,0.866934,2.400444,0.76346,0.192089,2.397496,0.758797,0.197099,2.397502,0.758815,0.197084,2.587621,0.920054,0.058853,,,,2.583249,0.916628,0.053936
717.2013,2.561984,0.866302,2.400444,0.76346,0.191498,2.397179,0.758225,0.197081,2.397185,0.758243,0.197067,2.587621,0.920054,0.059552,,,,2.582762,0.916192,0.054044
717.4071,2.561748,0.865784,2.400444,0.76346,0.191021,2.397179,0.758225,0.1966,2.397185,0.758243,0.196586,2.587621,0.920054,0.060122,,,,2.582762,0.916192,0.054613
717.6037,2.561712,0.865704,2.400444,0.76346,0.190948,2.396867,0.757637,0.19711,2.397185,0.758243,0.196512,2.587621,0.920054,0.06021,,,,2.582274,0.91574,0.054096
717.8018,2.561712,0.865704,2.400444,0.76346,0.190948,2.396867,0.757637,0.19711,2.397185,0.758243,0.196512,2.587621,0.920054,0.06021,,,,2.582274,0.91574,0.054096
718.0027,2.561694,0.865664,2.400444,0.76346,0.190912,2.396867,0.757637,0.197073,2.397185,0.758243,0.196476,2.587621,0.920054,0.060253,,,,2.582274,0.91574,0.054139
718.2027,2.561265,0.864662,2.41265,0.778641,0.171715,2.396867,0.757637,0.196166,2.396872,0.757655,0.196152,2.587621,0.920054,0.061342,,,,2.5819,0.915381,0.054756
718.4032,2.560975,0.863934,2.41265,0.778641,0.171099,2.412221,0.778228,0.171677,2.412267,0.778273,0.171615,2.587621,0.920054,0.062124,,,,2.581548,0.915029,0.055081
718.5983,2.560896,0.86373,2.41265,0.778641,0.17093,2.412007,0.777791,0.171911,2.412053,0.777836,0.171849,2.587621,0.920054,0.062342,,,,2.581209,0.91468,0.05485
718.7983,2.560595,0.862907,2.41265,0.778641,0.170259,2.411703,0.777139,0.171828,2.411748,0.777184,0.171766,2.587621,0.920054,0.063215,,,,2.580718,0.914154,0.055057
719.0313,2.560452,0.862499,2.41265,0.778641,0.169933,2.411703,0.777139,0.171501,2.411748,0.777184,0.171439,2.587621,0.920054,0.063645,,,,2.580718,0.914154,0.055488
719.204,2.560382,0.862296,2.41265,0.778641,0.169773,2.41142,0.776504,0.171901,2.411466,0.776549,0.171839,2.587621,0.920054,0.063858,,,,2.580253,0.913637,0.055052
719.403,2.560382,0.862296,2.41265,0.778641,0.169773,2.41142,0.776504,0.171901,2.411466,0.776549,0.171839,2.587621,0.920054,0.063858,,,,2.580253,0.913637,0.055052
719.6041,2.560382,0.862296,2.41265,0.778641,0.169773,2.41142,0.776504,0.171901,2.411466,0.776549,0.171839,2.587621,0.920054,0.063858,,,,2.580253,0.913637,0.055052
720.2794,2.559862,0.860668,2.41265,0.778641,0.168522,2.41142,0.776504,0.170642,2.411466,0.776549,0.170581,2.587621,0.920054,0.065553,,,,2.580253,0.913637,0.056758
720.4057,2.559598,0.859746,2.41265,0.778641,0.167844,2.410675,0.774648,0.171521,2.410721,0.774693,0.171459,2.587621,0.920054,0.066501,,,,2.578973,0.912101,0.055826
720.5985,2.559598,0.859746,2.41265,0.778641,0.167844,2.410675,0.774648,0.171521,2.410721,0.774693,0.171459,2.587621,0.920054,0.066501,,,,2.578973,0.912101,0.055826
720.8481,2.559598,0.859746,2.41265,0.778641,0.167844,2.410675,0.774648,0.171521,2.410721,0.774693,0.171459,2.587621,0.920054,0.066501,,,,2.578973,0.912101,0.055826
720.9993,2.559285,0.858542,2.41265,0.778641,0.16699,2.410675,0.774648,0.170654,2.410721,0.774693,0.170593,2.587621,0.920054,0.067724,,,,2.578973,0.912101,0.057063
721.1985,2.559268,0.858475,2.41265,0.778641,0.166944,2.410318,0.773654,0.171408,2.410364,0.773699,0.171346,2.587621,0.920054,0.067793,,,,2.578327,0.911266,0.056126
721.4111,2.559268,0.858475,2.41265,0.778641,0.166944,2.410318,0.773654,0.171408,2.410364,0.773699,0.171346,2.587621,0.920054,0.067793,,,,2.578327,0.911266,0.056126
721.5984,2.559268,0.858475,2.41265,0.778641,0.166944,2.410318,0.773654,0.171408,2.410364,0.773699,0.171346,2.587621,0.920054,0.067793,,,,2.578327,0.911266,0.056126
722.03,2.559268,0.858475,2.41265,0.778641,0.166944,2.410318,0.773654,0.171408,2.410364,0.773699,0.171346,2.587621,0.920054,0.067793,,,,2.578327,0.911266,0.056126
722.2055,2.559064,0.857579,2.41265,0.778641,0.166337,2.410199,0.773278,0.171077,2.410245,0.773323,0.171015,2.587621,0.920054,0.068692,,,,2.578097,0.910945,0.056659
722.4111,2.558993,0.857231,2.414411,0.778797,0.164487,2.410199,0.773278,0.170844,2.410245,0.773323,0.170782,2.587621,0.920054,0.069038,,,,2.578097,0.910945,0.05701
722.6008,2.55894,0.856961,2.414411,0.778797,0.164312,2.414315,0.778684,0.16445,2.410245,0.773323,0.170604,2.587621,0.920054,0.069305,,,,2.577858,0.910597,0.056874
722.8712,2.558898,0.856737,2.414411,0.778797,0.164168,2.414315,0.778684,0.164306,2.410245,0.773323,0.170457,2.587621,0.920054,0.069527,,,,2.577858,0.910597,0.0571
723.0075,2.558825,0.85633,2.414411,0.778797,0.163911,2.414189,0.778219,0.16438,2.41431,0.778676,0.164057,2.587621,0.920054,0.069928,,,,2.577858,0.910597,0.057508
723.2132,2.558736,0.85578,2.414411,0.778797,0.163573,2.414081,0.777786,0.164342,2.414194,0.778245,0.164025,2.587621,0.920054,0.070466,,,,2.577367,0.909851,0.057191
723.4017,2.558703,0.855562,2.414411,0.778797,0.163442,2.414081,0.777786,0.16421,2.414194,0.778245,0.163893,2.587621,0.920054,0.070678,,,,2.577367,0.909851,0.057407
723.6011,2.558694,0.855498,2.414411,0.778797,0.163404,2.413976,0.777327,0.164482,2.41408,0.777788,0.164171,2.587621,0.920054,0.07074,,,,2.577367,0.909851,0.057471
723.8057,2.558694,0.855498,2.414411,0.778797,0.163404,2.413976,0.777327,0.164482,2.41408,0.777788,0.164171,2.587621,0.920054,0.07074,,,,2.577367,0.909851,0.057471
724.0016,2.558694,0.855498,2.414411,0.778797,0.163404,2.413976,0.777327,0.164482,2.41408,0.777788,0.164171,2.587621,0.920054,0.07074,,,,2.577123,0.909448,0.05701
724.1991,2.558577,0.854602,2.414411,0.778797,0.162881,2.413888,0.776911,0.164227,2.41408,0.777788,0.163645,2.587621,0.920054,0.071607,,,,2.577123,0.909448,0.057897
724.4098,2.558577,0.854602,2.414411,0.778797,0.162881,2.413888,0.776911,0.164227,2.41408,0.777788,0.163645,2.587621,0.920054,0.071607,,,,2.577123,0.909448,0.057897
724.6059,2.55857,0.854543,2.414411,0.778797,0.162847,2.413888,0.776911,0.164193,2.41408,0.777788,0.163611,2.587621,0.920054,0.071663,,,,2.577123,0.909448,0.057955
724.8701,2.558563,0.854486,2.414411,0.778797,0.162815,2.413888,0.776911,0.16416,2.41408,0.777788,0.163578,2.587621,0.920054,0.071718,,,,2.577123,0.909448,0.058012
725.0004,2.558486,0.85371,2.414411,0.778797,0.162387,2.413735,0.776107,0.16424,2.413821,0.776588,0.163938,2.587621,0.920054,0.072459,,,,2.576513,0.908365,0.057551
725.2014,2.558419,0.852779,2.414411,0.778797,0.1619,2.413735,0.776107,0.163743,2.413821,0.776588,0.163443,2.587621,0.920054,0.073339,,,,2.576513,0.908365,0.058457
725.3985,2.558411,0.852633,2.414411,0.778797,0.161827,2.413673,0.775697,0.163915,2.413751,0.77618,0.16362,2.587621,0.920054,0.073476,,,,2.576326,0.907995,0.058188
725.6119,2.558411,0.852633,2.414411,0.778797,0.161827,2.413673,0.775697,0.163915,2.413751,0.77618,0.16362,2.587621,0.920054,0.073476,,,,2.576326,0.907995,0.058188
725.8074,2.558411,0.852633,2.414411,0.778797,0.161827,2.413673,0.775697,0.163915,2.413751,0.77618,0.16362,2.587621,0.920054,0.073476,,,,2.576326,0.907995,0.058188
725.9984,2.558404,0.852495,2.414411,0.778797,0.161757,2.413673,0.775697,0.163844,2.413751,0.77618,0.16355,2.587621,0.920054,0.073606,,,,2.576326,0.907995,0.058322
726.2158,2.558397,0.852348,2.414411,0.778797,0.161684,2.413673,0.775697,0.163769,2.413751,0.77618,0.163475,2.587621,0.920054,0.073744,,,,2.576326,0.907995,0.058464
726.3981,2.558385,0.851987,2.414411,0.778797,0.161509,2.413606,0.775187,0.163888,2.413674,0.775671,0.163601,2.587621,0.920054,0.07408,,,,2.576102,0.907531,0.058302
726.6022,2.55838,0.851817,2.413908,0.779819,0.161418,2.413606,0.775187,0.163805,2.413674,0.775671,0.163518,2.587621,0.920054,0.074238,,,,2.576102,0.907531,0.058465
726.8869,2.55838,0.851817,2.413908,0.779819,0.161418,2.413606,0.775187,0.163805,2.413674,0.775671,0.163518,2.587621,0.920054,0.074238,,,,2.576102,0.907531,0.058465
727.007,2.558382,0.850831,2.413908,0.779819,0.160983,2.413871,0.779723,0.161059,2.413868,0.779716,0.161064,2.587621,0.920054,0.075144,,,,2.575896,0.90706,0.058893
727.2023,2.55839,0.850579,2.413908,0.779819,0.160879,2.413871,0.779723,0.160954,2.413868,0.779716,0.16096,2.587621,0.920054,0.075374,,,,2.575896,0.90706,0.059131
727.414,2.55839,0.850579,2.413908,0.779819,0.160879,2.413871,0.779723,0.160954,2.413868,0.779716,0.16096,2.587621,0.920054,0.075374,,,,2.575896,0.90706,0.059131
727.5987,2.558394,0.850489,2.413908,0.779819,0.160842,2.413871,0.779723,0.160918,2.413868,0.779716,0.160924,2.587621,0.920054,0.075455,,,,2.575896,0.90706,0.059216
727.8359,2.558394,0.850489,2.413908,0.779819,0.160842,2.413871,0.779723,0.160918,2.413868,0.779716,0.160924,2.587621,0.920054,0.075455,,,,2.575896,0.90706,0.059216
728.0014,2.558411,0.850144,2.413908,0.779819,0.160707,2.413871,0.779723,0.160783,2.413868,0.779716,0.160788,2.587621,0.920054,0.075766,,,,2.575896,0.90706,0.05954
728.1989,2.558433,0.849837,2.413908,0.779819,0.160592,2.413871,0.779723,0.160668,2.413868,0.779716,0.160674,2.587621,0.920054,0.076042,,,,2.575896,0.90706,0.059828
728.4,2.558458,0.849556,2.413908,0.779819,0.160492,2.413871,0.779723,0.160568,2.413868,0.779716,0.160574,2.587621,0.920054,0.076292,,,,2.575896,0.90706,0.06009
728.601,2.558474,0.849391,2.413908,0.779819,0.160436,2.413871,0.779723,0.160511,2.413868,0.779716,0.160517,2.587621,0.920054,0.076438,,,,2.575896,0.90706,0.060243
728.8133,2.558474,0.849391,2.413908,0.779819,0.160436,2.413871,0.779723,0.160511,2.413868,0.779716,0.160517,2.587621,0.920054,0.076438,,,,2.575896,0.90706,0.060243
729.0075,2.558485,0.849291,2.413908,0.779819,0.160402,2.413871,0.779723,0.160477,2.413868,0.779716,0.160483,2.587621,0.920054,0.076526,,,,2.575896,0.90706,0.060335
729.206,2.558491,0.849235,2.413908,0.779819,0.160384,2.413871,0.779723,0.160459,2.413868,0.779716,0.160465,2.587621,0.920054,0.076575,,,,2.575896,0.90706,0.060387
729.4011,2.558491,0.849235,2.413908,0.779819,0.160384,2.413871,0.779723,0.160459,2.413868,0.779716,0.160465,2.587621,0.920054,0.076575,,,,2.575896,0.90706,0.060387
729.5983,2.558511,0.849091,2.413908,0.779819,0.160339,2.413871,0.779723,0.160414,2.413868,0.779716,0.16042,2.587621,0.920054,0.076701,,,,2.575896,0.90706,0.06052
729.8362,2.558511,0.849091,2.413908,0.779819,0.160339,2.413871,0.779723,0.160414,2.413868,0.779716,0.16042,2.587621,0.920054,0.076701,,,,2.575896,0.90706,0.06052
730.002,2.558529,0.848974,2.407977,0.772774,0.168738,2.413871,0.779723,0.16038,2.413868,0.779716,0.160386,2.587621,0.920054,0.076802,,,,2.575896,0.90706,0.060626
730.2348,2.55854,0.848908,2.407977,0.772774,0.168717,2.408081,0.772962,0.16854,2.408081,0.772962,0.16854,2.587621,0.920054,0.07686,,,,2.575896,0.90706,0.060687
730.4004,2.558548,0.848865,2.407977,0.772774,0.168705,2.408081,0.772962,0.168528,2.408081,0.772962,0.168528,2.587621,0.920054,0.076896,,,,2.575896,0.90706,0.060725
730.6033,2.558549,0.848859,2.407977,0.772774,0.168703,2.408081,0.772962,0.168526,2.408081,0.772962,0.168526,2.587621,0.920054,0.076902,,,,2.575896,0.90706,0.060731
730.8036,2.558552,0.848841,2.407977,0.772774,0.168698,2.408081,0.772962,0.168521,2.408081,0.772962,0.168521,2.587621,0.920054,0.076917,,,,2.575896,0.90706,0.060747
730.9983,2.558554,0.848816,2.407977,0.772774,0.168688,2.408081,0.772962,0.168511,2.408081,0.772962,0.168511,2.587621,0.920054,0.07694,,,,2.575896,0.90706,0.060771
731.2174,2.558553,0.848816,2.407977,0.772774,0.168688,2.408081,0.772962,0.168511,2.408081,0.772962,0.168511,2.587621,0.920054,0.07694,,,,2.575896,0.90706,0.060771
731.4008,2.55855,0.848825,2.407977,0.772774,0.168689,2.408081,0.772962,0.168512,2.408081,0.772962,0.168512,2.587621,0.920054,0.076932,,,,2.575896,0.90706,0.060763
731.6015,2.55855,0.848825,2.407977,0.772774,0.168689,2.408081,0.772962,0.168512,2.408081,0.772962,0.168512,2.587621,0.920054,0.076932,,,,2.575896,0.90706,0.060763
731.8051,2.558525,0.848918,2.407977,0.772774,0.168708,2.408081,0.772962,0.168531,2.408081,0.772962,0.168531,2.587621,0.920054,0.076856,,,,2.575896,0.90706,0.060681
731.9983,2.558516,0.848949,2.407977,0.772774,0.168715,2.408081,0.772962,0.168537,2.408081,0.772962,0.168537,2.587621,0.920054,0.076831,,,,2.575996,0.907647,0.061245
732.2217,2.558466,0.849118,2.407977,0.772774,0.168747,2.407966,0.773602,0.168384,2.407966,0.773602,0.168383,2.587621,0.920054,0.076693,,,,2.575996,0.907647,0.061097
732.4179,2.558446,0.849184,2.407977,0.772774,0.168758,2.407966,0.773602,0.168395,2.407966,0.773602,0.168395,2.587621,0.920054,0.07664,,,,2.576038,0.907969,0.06136
732.6337,2.558432,0.849228,2.407977,0.772774,0.168766,2.407896,0.773919,0.168322,2.407897,0.773919,0.168322,2.587621,0.920054,0.076604,,,,2.576074,0.908292,0.061642
732.9074,2.558422,0.849257,2.407977,0.772774,0.16877,2.407896,0.773919,0.168327,2.407897,0.773919,0.168326,2.587621,0.920054,0.076582,,,,2.576074,0.908292,0.061617
732.9984,2.558336,0.849516,2.407977,0.772774,0.168811,2.407896,0.773919,0.168365,2.407897,0.773919,0.168365,2.587621,0.920054,0.076375,,,,2.576074,0.908292,0.061394
733.1983,2.558336,0.849516,2.407977,0.772774,0.168811,2.407896,0.773919,0.168365,2.407897,0.773919,0.168365,2.587621,0.920054,0.076375,,,,2.576074,0.908292,0.061394
733.4012,2.55829,0.849648,2.407977,0.772774,0.16883,2.407806,0.774297,0.168295,2.407807,0.774297,0.168294,2.587621,0.920054,0.076271,,,,2.57611,0.908678,0.061661
733.5988,2.55829,0.849648,2.407977,0.772774,0.16883,2.407806,0.774297,0.168295,2.407807,0.774297,0.168294,2.587621,0.920054,0.076271,,,,2.57611,0.908678,0.061661
733.8673,2.55829,0.849648,2.407977,0.772774,0.16883,2.407806,0.774297,0.168295,2.407807,0.774297,0.168294,2.587621,0.920054,0.076271,,,,2.57611,0.908678,0.061661
733.9983,2.558176,0.849958,2.407977,0.772774,0.16887,2.407577,0.775177,0.168143,2.407579,0.775177,0.168141,2.587621,0.920054,0.076029,,,,2.576176,0.909585,0.062285
734.2045,2.558134,0.850068,2.410084,0.760629,0.172969,2.407577,0.775177,0.168155,2.407579,0.775177,0.168153,2.587621,0.920054,0.075944,,,,2.576176,0.909585,0.062192
734.4249,2.558013,0.850371,2.410084,0.760629,0.173022,2.410107,0.761005,0.172807,2.407579,0.775177,0.16818,2.587621,0.920054,0.075712,,,,2.576192,0.91005,0.062387
734.5986,2.558013,0.850371,2.410084,0.760629,0.173022,2.410107,0.761005,0.172807,2.407579,0.775177,0.16818,2.546813,0.872913,0.025171,,,,2.576192,0.91005,0.062387
734.822,2.557848,0.850758,2.410084,0.760629,0.173083,2.409813,0.761921,0.172646,2.409962,0.761485,0.172743,2.546813,0.872913,0.024752,,,,2.546936,0.872992,0.024767
734.9986,2.557782,0.850907,2.410084,0.760629,0.173104,2.409813,0.761921,0.172665,2.409962,0.761485,0.172763,2.546813,0.872913,0.024589,,,,2.546936,0.872992,0.024605
735.2014,2.557739,0.851001,2.410084,0.760629,0.173117,2.40963,0.762441,0.172567,2.409962,0.761485,0.172775,2.546813,0.872913,0.024485,,,,2.546936,0.872992,0.024501
735.412,2.557739,0.851001,2.410084,0.760629,0.173117,2.40963,0.762441,0.172567,2.409962,0.761485,0.172775,2.546813,0.872913,0.024485,,,,2.547007,0.873539,0.024963
735.5984,2.557523,0.851467,2.410084,0.760629,0.173176,2.40963,0.762441,0.172621,2.409962,0.761485,0.172832,2.546813,0.872913,0.023972,,,,2.547007,0.873539,0.024449
735.7983,2.557409,0.851705,2.410084,0.760629,0.173204,2.40934,0.763215,0.172495,2.40944,0.763053,0.172493,2.546813,0.872913,0.023708,,,,2.547098,0.874361,0.024891
736.0052,2.557394,0.851735,2.410084,0.760629,0.173207,2.40934,0.763215,0.172498,2.40944,0.763053,0.172496,2.546813,0.872913,0.023675,,,,2.547098,0.874361,0.024858
736.1994,2.556977,0.852568,2.410084,0.760629,0.173293,2.40934,0.763215,0.17257,2.40944,0.763053,0.172569,2.546813,0.872913,0.022743,,,,2.547098,0.874361,0.023927
736.4014,2.556931,0.852656,2.410084,0.760629,0.173301,2.40934,0.763215,0.172577,2.40944,0.763053,0.172575,2.546813,0.872913,0.022644,,,,2.547098,0.874361,0.023828
736.6008,2.556883,0.852748,2.410084,0.760629,0.173309,2.40934,0.763215,0.172583,2.40944,0.763053,0.172582,2.546813,0.872913,0.02254,,,,2.547098,0.874361,0.023724
736.8429,2.556818,0.852871,2.410084,0.760629,0.17332,2.40934,0.763215,0.172592,2.40944,0.763053,0.17259,2.546813,0.872913,0.022401,,,,2.547098,0.874361,0.023586
737.0014,2.556358,0.853714,2.410084,0.760629,0.173381,2.408733,0.764754,0.172357,2.408861,0.764603,0.172326,2.546813,0.872913,0.021441,,,,2.547251,0.876008,0.024082
737.1985,2.556223,0.853952,2.410084,0.760629,0.173395,2.408052,0.766308,0.172151,2.408208,0.766169,0.172088,2.546813,0.872913,0.021168,,,,2.547344,0.877702,0.025355
737.4078,2.556223,0.853952,2.410084,0.760629,0.173395,2.408052,0.766308,0.172151,2.408208,0.766169,0.172088,2.546813,0.872913,0.021168,,,,2.547344,0.877702,0.025355
737.6025,2.555896,0.854513,2.410084,0.760629,0.173423,2.408052,0.766308,0.172157,2.408208,0.766169,0.172095,2.546813,0.872913,0.02052,,,,2.547344,0.877702,0.024716
737.8305,2.555896,0.854513,2.410084,0.760629,0.173423,2.408052,0.766308,0.172157,2.408208,0.766169,0.172095,2.546813,0.872913,0.02052,,,,2.547344,0.877702,0.024716
737.9983,2.555519,0.855142,2.409534,0.774723,0.16667,2.407585,0.767275,0.172061,2.408208,0.766169,0.172095,2.546813,0.872913,0.019789,,,,2.547344,0.877702,0.023995
738.2006,2.555033,0.855922,2.409534,0.774723,0.166623,2.407585,0.767275,0.172044,2.409483,0.77444,0.166806,2.546813,0.872913,0.018876,,,,2.547364,0.878776,0.024106
738.3989,2.555033,0.855922,2.409534,0.774723,0.166623,2.407585,0.767275,0.172044,2.409483,0.77444,0.166806,2.546813,0.872913,0.018876,,,,2.547364,0.878776,0.024106
738.5982,2.55407,0.857385,2.409534,0.774723,0.166504,2.408914,0.775691,0.166566,2.407793,0.777584,0.166629,2.546813,0.872913,0.01714,,,,2.54732,0.882164,0.025682
738.9541,2.55407,0.857385,2.409534,0.774723,0.166504,2.408914,0.775691,0.166566,2.407793,0.777584,0.166629,2.546813,0.872913,0.01714,,,,2.54732,0.882164,0.025682
739.0115,2.553796,0.857785,2.409534,0.774723,0.166465,2.408332,0.776748,0.166513,2.407178,0.778622,0.166624,2.546813,0.872913,0.016662,,,,2.547255,0.883369,0.026407
739.1987,2.553646,0.857999,2.409534,0.774723,0.166443,2.408332,0.776748,0.166487,2.407178,0.778622,0.166594,2.546813,0.872913,0.016405,,,,2.547255,0.883369,0.026162
739.4052,2.553354,0.858414,2.409534,0.774723,0.166399,2.408332,0.776748,0.166436,2.407178,0.778622,0.166536,2.546813,0.872913,0.015907,,,,2.547255,0.883369,0.025689
739.5995,2.553064,0.85882,2.409534,0.774723,0.166353,2.40763,0.777971,0.166395,2.406438,0.779822,0.166553,2.546813,0.872913,0.015418,,,,2.547154,0.884775,0.02662
739.9584,2.553064,0.85882,2.409534,0.774723,0.166353,2.40763,0.777971,0.166395,2.406438,0.779822,0.166553,2.546813,0.872913,0.015418,,,,2.547154,0.884775,0.02662
740.0154,2.552842,0.859127,2.409534,0.774723,0.166316,2.40763,0.777971,0.166351,2.406438,0.779822,0.166503,2.546813,0.872913,0.015047,,,,2.547154,0.884775,0.026272
740.2072,2.551534,0.860873,2.409534,0.774723,0.16609,2.40763,0.777971,0.166075,2.405588,0.781146,0.166302,2.546813,0.872913,0.012933,,,,2.547154,0.884775,0.0243
740.3984,2.551534,0.860873,2.409534,0.774723,0.16609,2.40763,0.777971,0.166075,2.405588,0.781146,0.166302,2.546813,0.872913,0.012933,,,,2.547154,0.884775,0.0243
740.606,2.550905,0.861679,2.409534,0.774723,0.165973,2.406823,0.779322,0.165958,2.405588,0.781146,0.16614,2.546813,0.872913,0.011957,,,,2.547013,0.886342,0.024969
740.8413,2.550814,0.861794,2.409534,0.774723,0.165956,2.406823,0.779322,0.165937,2.405588,0.781146,0.166117,2.546813,0.872913,0.011818,,,,2.547013,0.886342,0.024841
740.9998,2.550079,0.862708,2.409534,0.774723,0.165814,2.405982,0.780676,0.165811,2.403787,0.783847,0.166194,2.546813,0.872913,0.010716,,,,2.546842,0.887927,0.025426
741.2057,2.549443,0.863478,2.409534,0.774723,0.165687,2.404103,0.783584,0.165852,2.402777,0.785253,0.166223,2.546813,0.872913,0.009795,,,,2.546412,0.891363,0.028049
741.4061,2.549443,0.863478,2.409534,0.774723,0.165687,2.404103,0.783584,0.165852,2.402777,0.785253,0.166223,2.546813,0.872913,0.009795,,,,2.546412,0.891363,0.028049
741.5984,2.549443,0.863478,2.409534,0.774723,0.165687,2.404103,0.783584,0.165852,2.402777,0.785253,0.166223,2.546813,0.872913,0.009795,,,,2.546412,0.891363,0.028049
741.9464,2.549443,0.863478,2.409534,0.774723,0.165687,2.404103,0.783584,0.165852,2.402777,0.785253,0.166223,2.546813,0.872913,0.009795,,,,2.546412,0.891363,0.028049
742.0052,2.548325,0.864795,2.409534,0.774723,0.165457,2.404103,0.783584,0.165515,2.402777,0.785253,0.165865,2.546813,0.872913,0.008258,,,,2.546412,0.891363,0.026636
742.2019,2.547804,0.865394,2.394944,0.787769,0.17144,2.40301,0.785155,0.165541,2.401633,0.786788,0.165967,2.546813,0.872913,0.007584,,,,2.546108,0.893253,0.02791
742.4136,2.546375,0.866991,2.394944,0.787769,0.170902,2.395026,0.787753,0.170837,2.395005,0.787786,0.17084,2.546813,0.872913,0.005938,,,,2.546108,0.893253,0.026263
742.6042,2.546375,0.866991,2.394944,0.787769,0.170902,2.395026,0.787753,0.170837,2.395005,0.787786,0.17084,2.546813,0.872913,0.005938,,,,2.546108,0.893253,0.026263
742.805,2.546375,0.866991,2.394944,0.787769,0.170902,2.395026,0.787753,0.170837,2.395005,0.787786,0.17084,2.546813,0.872913,0.005938,,,,2.546108,0.893253,0.026263
743.0617,2.545952,0.867451,2.394944,0.787769,0.170742,2.395026,0.787753,0.170677,2.395005,0.787786,0.17068,2.546813,0.872913,0.005529,,,,2.545769,0.895161,0.02771
743.2002,2.545527,0.867909,2.394944,0.787769,0.17058,2.395026,0.787753,0.170515,2.395005,0.787786,0.170518,2.546813,0.872913,0.005167,,,,2.545769,0.895161,0.027253
743.3984,2.544883,0.868592,2.394944,0.787769,0.170335,2.395026,0.787753,0.17027,2.395005,0.787786,0.170273,2.546813,0.872913,0.004733,,,,2.545769,0.895161,0.026584
743.601,2.544164,0.869342,2.394944,0.787769,0.17006,2.393818,0.789268,0.17034,2.393795,0.7893,0.170345,2.546813,0.872913,0.004447,,,,2.545397,0.897063,0.027749
743.8067,2.543372,0.870153,2.394944,0.787769,0.169759,2.390688,0.793061,0.171043,2.39245,0.790923,0.170455,2.546813,0.872913,0.004411,,,,2.544371,0.901872,0.031734
744.0065,2.543372,0.870153,2.394944,0.787769,0.169759,2.390688,0.793061,0.171043,2.39245,0.790923,0.170455,2.546813,0.872913,0.004411,,,,2.544371,0.901872,0.031734
744.2016,2.541647,0.871878,2.394944,0.787769,0.169104,2.390688,0.793061,0.170297,2.39245,0.790923,0.169745,2.546813,0.872913,0.005268,,,,2.544371,0.901872,0.030117
744.4104,2.541458,0.872064,2.394944,0.787769,0.169033,2.390688,0.793061,0.170215,2.39245,0.790923,0.169668,2.546813,0.872913,0.005421,,,,2.544371,0.901872,0.02995
744.6021,2.540164,0.873321,2.394944,0.787769,0.168546,2.388862,0.795127,0.170313,2.388861,0.79511,0.170321,2.546813,0.872913,0.006661,,,,2.544371,0.901872,0.02886
744.9004,2.540164,0.873321,2.394944,0.787769,0.168546,2.388862,0.795127,0.170313,2.388861,0.79511,0.170321,2.546813,0.872913,0.006661,,,,2.544371,0.901872,0.02886
745.0015,2.5383,0.875085,2.394944,0.787769,0.167854,2.388862,0.795127,0.169484,2.386842,0.797315,0.170257,2.546813,0.872913,0.008786,,,,2.543704,0.904548,0.029954
745.2113,2.537673,0.875667,2.394944,0.787769,0.167623,2.388862,0.795127,0.169208,2.386842,0.797315,0.169967,2.546813,0.872913,0.009546,,,,2.543704,0.904548,0.029504
745.4035,2.535193,0.877914,2.394944,0.787769,0.16672,2.384817,0.799555,0.169567,2.384781,0.799493,0.169627,2.546813,0.872913,0.012651,,,,2.54216,0.910343,0.033169
745.6052,2.534843,0.878224,2.394944,0.787769,0.166595,2.384817,0.799555,0.169401,2.384781,0.799493,0.169461,2.546813,0.872913,0.013095,,,,2.54216,0.910343,0.032942
745.9753,2.534843,0.878224,2.394944,0.787769,0.166595,2.384817,0.799555,0.169401,2.384781,0.799493,0.169461,2.546813,0.872913,0.013095,,,,2.54216,0.910343,0.032942
746.0002,2.53248,0.880284,2.394944,0.787769,0.165757,2.382603,0.801822,0.169173,2.379887,0.804496,0.170378,2.546813,0.872913,0.016117,,,,2.540135,0.917042,0.037546
746.2005,2.53248,0.880284,2.394944,0.787769,0.165757,2.382603,0.801822,0.169173,2.379887,0.804496,0.170378,2.546813,0.872913,0.016117,,,,2.540135,0.917042,0.037546
746.4011,2.532353,0.880394,2.394944,0.787769,0.165712,2.382603,0.801822,0.16911,2.379887,0.804496,0.170312,2.546813,0.872913,0.01628,,,,2.540135,0.917042,0.037466
746.6036,2.530337,0.882102,2.394944,0.787769,0.165015,2.382603,0.801822,0.168137,2.379887,0.804496,0.169286,2.546813,0.872913,0.018865,,,,2.540135,0.917042,0.036288
746.7992,2.530337,0.882102,2.394944,0.787769,0.165015,2.382603,0.801822,0.168137,2.379887,0.804496,0.169286,2.546813,0.872913,0.018865,,,,2.540135,0.917042,0.036288
747.0081,2.527563,0.884391,2.390726,0.794805,0.163554,2.377219,0.807164,0.169019,2.37715,0.807121,0.1691,2.546813,0.872913,0.022411,,,,2.538922,0.920635,0.037983
747.2012,2.525181,0.886303,2.390726,0.794805,0.162635,2.390477,0.795149,0.162648,2.390507,0.795108,0.162647,2.546813,0.872913,0.02544,,,,2.537599,0.924364,0.040035
747.4142,2.525032,0.886422,2.390726,0.794805,0.162578,2.390477,0.795149,0.16259,2.390507,0.795108,0.162589,2.546813,0.872913,0.02563,,,,2.537599,0.924364,0.039969
747.6132,2.521274,0.889328,2.390726,0.794805,0.161175,2.387839,0.797629,0.161906,2.387869,0.797588,0.161905,2.546813,0.872913,0.030359,,,,2.536335,0.927757,0.041275
747.8132,2.521003,0.889533,2.390726,0.794805,0.161075,2.385224,0.80001,0.162635,2.385254,0.799969,0.162632,2.546813,0.872913,0.030698,,,,2.535048,0.931051,0.04383
747.9987,2.518747,0.89121,2.390726,0.794805,0.16026,2.382414,0.802488,0.16266,2.382445,0.802447,0.162657,2.546813,0.872913,0.033503,,,,2.53363,0.934519,0.045795
748.2195,2.518747,0.89121,2.390726,0.794805,0.16026,2.382414,0.802488,0.16266,2.382445,0.802447,0.162657,2.546813,0.872913,0.033503,,,,2.53363,0.934519,0.045795
748.4033,2.517222,0.892321,2.390726,0.794805,0.15972,2.382414,0.802488,0.161997,2.382445,0.802447,0.161995,2.546813,0.872913,0.035388,,,,2.53363,0.934519,0.045275
748.6004,2.515937,0.893245,2.390726,0.794805,0.159274,2.382414,0.802488,0.161447,2.382445,0.802447,0.161445,2.546813,0.872913,0.036968,,,,2.53363,0.934519,0.044906
748.8046,2.511921,0.896062,2.390726,0.794805,0.157928,2.375504,0.808399,0.162156,2.379294,0.805143,0.1608,2.546813,0.872913,0.041872,,,,2.532002,0.938332,0.046798
748.9987,2.510218,0.897228,2.390726,0.794805,0.157381,2.375504,0.808399,0.161364,2.379294,0.805143,0.160066,2.546813,0.872913,0.043936,,,,2.532002,0.938332,0.04652
749.2032,2.508953,0.898083,2.390726,0.794805,0.156984,2.375504,0.808399,0.160785,2.379294,0.805143,0.159529,2.546813,0.872913,0.045462,,,,2.532002,0.938332,0.046381
749.4069,2.505191,0.900567,2.390726,0.794805,0.155845,2.372149,0.811104,0.160324,2.372662,0.810648,0.160153,2.546813,0.872913,0.049971,,,,2.528502,0.946209,0.051251
749.6014,2.504161,0.901231,2.390726,0.794805,0.155544,2.372149,0.811104,0.159844,2.372662,0.810648,0.159678,2.546813,0.872913,0.051196,,,,2.528502,0.946209,0.051142
749.8304,2.504161,0.901231,2.390726,0.794805,0.155544,2.372149,0.811104,0.159844,2.372662,0.810648,0.159678,2.546813,0.872913,0.051196,,,,2.528502,0.946209,0.051142
750.0001,2.501099,0.903169,2.390726,0.794805,0.154677,2.365116,0.816597,0.161203,2.365625,0.816136,0.161023,2.546813,0.872913,0.054819,,,,2.526672,0.950008,0.053365
750.1984,2.501099,0.903169,2.390726,0.794805,0.154677,2.365116,0.816597,0.161203,2.365625,0.816136,0.161023,2.546813,0.872913,0.054819,,,,2.526672,0.950008,0.053365
750.4002,2.498602,0.904713,2.390726,0.794805,0.154003,2.365116,0.816597,0.159947,2.365625,0.816136,0.159778,2.546813,0.872913,0.057754,,,,2.526672,0.950008,0.053287
750.6011,2.498602,0.904713,2.390726,0.794805,0.154003,2.365116,0.816597,0.159947,2.365625,0.816136,0.159778,2.546813,0.872913,0.057754,,,,2.526672,0.950008,0.053287
750.8294,2.498602,0.904713,2.390726,0.794805,0.154003,2.365116,0.816597,0.159947,2.365625,0.816136,0.159778,2.546813,0.872913,0.057754,,,,2.526672,0.950008,0.053287
751.0018,2.493842,0.907571,2.363209,0.829413,0.152229,2.365116,0.816597,0.157629,2.36321,0.82922,0.152328,2.546813,0.872913,0.063301,,,,2.522424,0.958503,0.058404
751.2108,2.491845,0.908738,2.363209,0.829413,0.151128,2.363201,0.82923,0.151231,2.359296,0.831918,0.153201,2.546813,0.872913,0.065612,,,,2.522424,0.958503,0.058409
751.4007,2.487276,0.911339,2.363209,0.829413,0.148676,2.359287,0.831927,0.150623,2.359296,0.831918,0.150621,2.546813,0.872913,0.07086,,,,2.517831,0.967076,0.063562
751.6008,2.484928,0.912641,2.363209,0.829413,0.147453,2.355245,0.83463,0.151338,2.350971,0.837484,0.1536,2.546813,0.872913,0.073539,,,,2.515343,0.971422,0.066183
751.799,2.481214,0.914652,2.363209,0.829413,0.145571,2.346627,0.84022,0.153798,2.346623,0.840218,0.153803,2.546813,0.872913,0.077751,,,,2.515343,0.971422,0.066239
752.0055,2.481214,0.914652,2.363209,0.829413,0.145571,2.346627,0.84022,0.153798,2.346623,0.840218,0.153803,2.546813,0.872913,0.077751,,,,2.515343,0.971422,0.066239
752.2009,2.481214,0.914652,2.363209,0.829413,0.145571,2.346627,0.84022,0.153798,2.346623,0.840218,0.153803,2.546813,0.872913,0.077751,,,,2.515343,0.971422,0.066239
752.4039,2.477361,0.916681,2.363209,0.829413,0.143688,2.346627,0.84022,0.151452,2.346623,0.840218,0.151457,2.546813,0.872913,0.082092,,,,2.515343,0.971422,0.066627
752.5995,2.477361,0.916681,2.363209,0.829413,0.143688,2.346627,0.84022,0.151452,2.346623,0.840218,0.151457,2.546813,0.872913,0.082092,,,,2.515343,0.971422,0.066627
753.0659,2.477361,0.916681,2.363209,0.829413,0.143688,2.346627,0.84022,0.151452,2.346623,0.840218,0.151457,2.546813,0.872913,0.082092,,,,2.515343,0.971422,0.066627
753.1985,2.46971,0.920555,2.363209,0.829413,0.140176,2.337052,0.845969,0.152189,2.337046,0.845965,0.152195,2.546813,0.872913,0.090634,,,,2.506766,0.985627,0.074883
753.4333,2.468447,0.921176,2.363209,0.829413,0.139626,2.337052,0.845969,0.151397,2.337046,0.845965,0.151403,2.546813,0.872913,0.092035,,,,2.506766,0.985627,0.074981
753.6007,2.462219,0.924164,2.363209,0.829413,0.137042,2.331972,0.848884,0.150437,2.331966,0.848879,0.150444,2.546813,0.872913,0.098908,,,,2.506766,0.985627,0.075909
753.8731,2.462219,0.924164,2.363209,0.829413,0.137042,2.331972,0.848884,0.150437,2.331966,0.848879,0.150444,2.546813,0.872913,0.098908,,,,2.506766,0.985627,0.075909
754.0085,2.460626,0.924909,2.363209,0.829413,0.136417,2.326779,0.851773,0.152525,2.331966,0.848879,0.149445,2.546813,0.872913,0.100656,,,,2.500312,0.99561,0.081078
754.2004,2.455678,0.927176,2.363209,0.829413,0.134566,2.326779,0.851773,0.149334,2.326772,0.851767,0.149343,2.546813,0.872913,0.106065,,,,2.500312,0.99561,0.081703
754.3999,2.455678,0.927176,2.363209,0.829413,0.134566,2.326779,0.851773,0.149334,2.326772,0.851767,0.149343,2.546813,0.872913,0.106065,,,,2.500312,0.99561,0.081703
754.6129,2.452256,0.928704,2.363209,0.829413,0.133372,2.326779,0.851773,0.147184,2.326772,0.851767,0.147192,2.546813,0.872913,0.109788,,,,2.500312,0.99561,0.082376
754.9629,2.451682,0.928957,2.363209,0.829413,0.133178,2.326779,0.851773,0.146827,2.326772,0.851767,0.146836,2.546813,0.872913,0.110412,,,,2.500312,0.99561,0.082507
755.039,2.448805,0.930214,2.317752,0.86585,0.146005,2.326779,0.851773,0.145064,2.31774,0.865739,0.146066,2.546813,0.872913,0.113529,,,,2.500312,0.99561,0.083244
755.2069,2.445912,0.931457,2.317752,0.86585,0.143977,2.31774,0.865739,0.144038,2.31774,0.865739,0.144039,2.546813,0.872913,0.116654,,,,2.493094,1.006157,0.088352
755.4066,2.443878,0.932318,2.317752,0.86585,0.142568,2.31774,0.865739,0.142631,2.31774,0.865739,0.142631,2.528548,0.89538,0.092377,,,,2.493094,1.006157,0.088738
755.6057,2.440966,0.933532,2.317752,0.86585,0.140578,2.31774,0.865739,0.140643,2.31774,0.865739,0.140643,2.528548,0.89538,0.095532,,,,2.493094,1.006157,0.089396
755.9138,2.439214,0.934252,2.317752,0.86585,0.139398,2.31774,0.865739,0.139463,2.31774,0.865739,0.139463,2.528548,0.89538,0.097425,,,,2.493094,1.006157,0.089852
756.0414,2.43218,0.937064,2.317752,0.86585,0.134778,2.306242,0.871477,0.141993,2.30047,0.874311,0.145895,2.528548,0.89538,0.104997,,,,2.52378,0.900142,0.098761
756.2063,2.427761,0.938769,2.317752,0.86585,0.131981,2.306242,0.871477,0.138906,2.30047,0.874311,0.14268,2.528548,0.89538,0.10973,,,,2.52378,0.900142,0.103497
756.4132,2.425974,0.939445,2.317752,0.86585,0.130874,2.29458,0.877021,0.145469,2.294605,0.877012,0.14545,2.528548,0.89538,0.111638,,,,2.519139,0.904631,0.099457
756.5986,2.422293,0.940814,2.317752,0.86585,0.12864,2.29458,0.877021,0.142759,2.294605,0.877012,0.142741,2.528548,0.89538,0.115562,,,,2.519139,0.904631,0.103385
757.2256,2.422293,0.940814,2.317752,0.86585,0.12864,2.29458,0.877021,0.142759,2.294605,0.877012,0.142741,2.528548,0.89538,0.115562,,,,2.519139,0.904631,0.103385
757.4082,2.41216,0.944435,2.317752,0.86585,0.122835,2.288367,0.879789,0.139657,2.288392,0.87978,0.139638,2.528548,0.89538,0.126304,,,,2.509164,0.913931,0.101687
757.6093,2.408958,0.945535,2.317752,0.86585,0.121112,2.288367,0.879789,0.137349,2.288392,0.87978,0.137331,2.528548,0.89538,0.129682,,,,2.509164,0.913931,0.105071
757.9833,2.408958,0.945535,2.317752,0.86585,0.121112,2.288367,0.879789,0.137349,2.288392,0.87978,0.137331,2.528548,0.89538,0.129682,,,,2.509164,0.913931,0.105071
758.0019,2.404122,0.947157,2.317752,0.86585,0.118619,2.28209,0.882496,0.138105,2.282116,0.882488,0.138086,2.528548,0.89538,0.134769,,,,2.50403,0.91855,0.103923
758.2006,2.397915,0.94917,2.317752,0.86585,0.115621,2.269321,0.887826,0.142476,2.269348,0.887819,0.142456,2.528548,0.89538,0.141274,,,,2.498834,0.923117,0.104227
758.4094,2.395911,0.949804,2.317752,0.86585,0.114705,2.262691,0.890415,0.145859,2.262717,0.890409,0.145838,2.528548,0.89538,0.143369,,,,2.493432,0.927753,0.099983
758.6138,2.391198,0.951267,2.317752,0.86585,0.112651,2.262691,0.890415,0.142187,2.262717,0.890409,0.142166,2.528548,0.89538,0.148286,,,,2.493432,0.927753,0.104904
758.8302,2.390858,0.951371,2.317752,0.86585,0.112509,2.262691,0.890415,0.141924,2.262717,0.890409,0.141903,2.528548,0.89538,0.14864,,,,2.493432,0.927753,0.105258
759.013,2.390858,0.951371,2.317752,0.86585,0.112509,2.262691,0.890415,0.141924,2.262717,0.890409,0.141903,2.528548,0.89538,0.14864,,,,2.493432,0.927753,0.105258
759.2049,2.379609,0.954693,2.25311,0.89141,0.141445,2.246334,0.893763,0.146543,2.246334,0.893763,0.146543,2.528548,0.89538,0.160315,,,,2.482385,0.937018,0.104285
759.4061,2.379609,0.954693,2.25311,0.89141,0.141445,2.246334,0.893763,0.146543,2.246334,0.893763,0.146543,2.528548,0.89538,0.160315,,,,2.482385,0.937018,0.104285
759.6022,2.369332,0.957533,2.25311,0.89141,0.133715,2.239492,0.896033,0.143669,2.239492,0.896033,0.143668,2.528548,0.89538,0.170918,,,,2.482385,0.937018,0.1149
759.8127,2.369332,0.957533,2.25311,0.89141,0.133715,2.239492,0.896033,0.143669,2.239492,0.896033,0.143668,2.528548,0.89538,0.170918,,,,2.482385,0.937018,0.1149
759.9984,2.36727,0.958081,2.25311,0.89141,0.132202,2.239492,0.896033,0.142046,2.239492,0.896033,0.142046,2.528548,0.89538,0.173038,,,,2.482385,0.937018,0.117027
760.2067,2.363446,0.959077,2.25311,0.89141,0.129433,2.232613,0.89823,0.14429,2.232614,0.89823,0.144289,2.528548,0.89538,0.176964,,,,2.471115,0.946047,0.108454
760.4043,2.359531,0.960073,2.25311,0.89141,0.126649,2.225494,0.900417,0.146713,2.225494,0.900417,0.146713,2.528548,0.89538,0.180975,,,,2.4652,0.950572,0.106095
760.6054,2.359531,0.960073,2.25311,0.89141,0.126649,2.225494,0.900417,0.146713,2.225494,0.900417,0.146713,2.528548,0.89538,0.180975,,,,2.4652,0.950572,0.106095
760.9826,2.359531,0.960073,2.25311,0.89141,0.126649,2.225494,0.900417,0.146713,2.225494,0.900417,0.146713,2.528548,0.89538,0.180975,,,,2.4652,0.950572,0.106095
761.0028,2.355889,0.960977,2.25311,0.89141,0.124109,2.225494,0.900417,0.143773,2.225494,0.900417,0.143772,2.528548,0.89538,0.184701,,,,2.4652,0.950572,0.109805
761.2026,2.355159,0.961156,2.25311,0.89141,0.123606,2.225494,0.900417,0.143187,2.225494,0.900417,0.143186,2.528548,0.89538,0.185447,,,,2.4652,0.950572,0.110548
761.3983,2.350045,0.962388,2.25311,0.89141,0.120142,2.225494,0.900417,0.139116,2.218198,0.902573,0.14478,2.528548,0.89538,0.190666,,,,2.459108,0.955131,0.109305
761.6151,2.343456,0.963915,2.25311,0.89141,0.115842,2.225494,0.900417,0.133967,2.218198,0.902573,0.139472,2.528548,0.89538,0.197374,,,,2.452969,0.959626,0.109597
761.9334,2.343456,0.963915,2.25311,0.89141,0.115842,2.210901,0.90473,0.145168,2.210879,0.904654,0.145219,2.528548,0.89538,0.197374,,,,2.452969,0.959626,0.109597
762.0005,2.336311,0.965503,2.25311,0.89141,0.11141,2.210901,0.90473,0.13936,2.203336,0.906713,0.145391,2.528548,0.89538,0.204628,,,,2.452969,0.959626,0.116806
762.2053,2.328814,0.967101,2.25311,0.89141,0.107052,2.203358,0.906789,0.139201,2.203336,0.906713,0.139253,2.528548,0.89538,0.212221,,,,2.446613,0.964179,0.117834
762.4067,2.323606,0.968171,2.25311,0.89141,0.104221,2.187241,0.911027,0.147854,2.195403,0.908799,0.141283,2.528548,0.89538,0.217486,,,,2.432975,0.973756,0.109512
762.5992,2.323606,0.968171,2.25311,0.89141,0.104221,2.187241,0.911027,0.147854,2.195403,0.908799,0.141283,2.528548,0.89538,0.217486,,,,2.432975,0.973756,0.109512
762.7991,2.318708,0.96915,2.25311,0.89141,0.101718,2.187241,0.911027,0.143742,2.195403,0.908799,0.137282,2.528548,0.89538,0.22243,,,,2.432975,0.973756,0.11436
763.0359,2.3141,0.970048,2.192946,0.907849,0.136187,2.187241,0.911027,0.139917,2.195403,0.908799,0.133569,2.528548,0.89538,0.227076,,,,2.432975,0.973756,0.118933
763.1998,2.306888,0.971414,2.192946,0.907849,0.130473,2.187241,0.911027,0.134022,2.192854,0.90789,0.130534,2.528548,0.89538,0.234339,,,,2.432975,0.973756,0.126109
763.399,2.303477,0.972043,2.192946,0.907849,0.12782,2.192543,0.907994,0.128096,2.184436,0.909863,0.134302,2.528548,0.89538,0.237769,,,,2.425811,0.978596,0.122509
763.6386,2.2962,0.973347,2.192946,0.907849,0.122276,2.192543,0.907994,0.122539,2.184436,0.909863,0.128536,2.528548,0.89538,0.245081,,,,2.425811,0.978596,0.129717
764.2686,2.287638,0.974819,2.192946,0.907849,0.115981,2.184003,0.909988,0.122242,2.167329,0.913731,0.13493,2.528548,0.89538,0.25367,,,,2.425811,0.978596,0.138225
764.4152,2.279473,0.976162,2.192946,0.907849,0.110243,2.166853,0.913786,0.12874,2.150124,0.917274,0.142123,2.528548,0.89538,0.261848,,,,2.396359,0.99783,0.118878
764.6134,2.27772,0.976443,2.192946,0.907849,0.109049,2.166853,0.913786,0.127348,2.150124,0.917274,0.140648,2.528548,0.89538,0.263602,,,,2.396359,0.99783,0.120551
764.7984,2.275951,0.976724,2.192946,0.907849,0.107858,2.166853,0.913786,0.125951,2.150124,0.917274,0.139164,2.528548,0.89538,0.265372,,,,2.396359,0.99783,0.122244
764.9982,2.275951,0.976724,2.192946,0.907849,0.107858,2.166853,0.913786,0.125951,2.150124,0.917274,0.139164,2.528548,0.89538,0.265372,,,,2.396359,0.99783,0.122244
765.1989,2.26071,0.979047,2.192946,0.907849,0.098291,2.157916,0.915662,0.120765,2.14116,0.919017,0.133775,2.528548,0.89538,0.280603,,,,2.380816,1.007421,0.123413
765.4017,2.255267,0.979835,2.192946,0.907849,0.095215,2.157916,0.915662,0.116599,2.14116,0.919017,0.129303,2.528548,0.89538,0.286034,,,,2.380816,1.007421,0.128544
765.6127,2.247448,0.98093,2.192946,0.907849,0.091166,2.148966,0.917479,0.117152,2.12281,0.92246,0.137671,2.528548,0.89538,0.29383,,,,2.380816,1.007421,0.135973
765.929,2.246988,0.980993,2.192946,0.907849,0.090943,2.148966,0.917479,0.1168,2.12281,0.92246,0.137282,2.528548,0.89538,0.294289,,,,2.380816,1.007421,0.136412
765.9986,2.245148,0.981244,2.192946,0.907849,0.090066,2.148966,0.917479,0.115398,2.12281,0.92246,0.135728,2.528548,0.89538,0.296123,,,,2.380816,1.007421,0.138171
766.2102,2.233689,0.982752,2.192946,0.907849,0.085266,2.130626,0.921078,0.120107,2.104586,0.925638,0.141172,2.528548,0.89538,0.307532,,,,2.364814,1.017077,0.135543
766.407,2.233689,0.982752,2.192946,0.907849,0.085266,2.130626,0.921078,0.120107,2.104586,0.925638,0.141172,2.528548,0.89538,0.307532,,,,2.364814,1.017077,0.135543
766.5991,2.233689,0.982752,2.192946,0.907849,0.085266,2.130626,0.921078,0.120107,2.104586,0.925638,0.141172,2.528548,0.89538,0.307532,,,,2.364814,1.017077,0.135543
766.8404,2.233689,0.982752,2.192946,0.907849,0.085266,2.130626,0.921078,0.120107,2.104586,0.925638,0.141172,2.528548,0.89538,0.307532,,,,2.364814,1.017077,0.135543
767.0016,2.233233,0.98281,2.192946,0.907849,0.085101,2.130626,0.921078,0.119746,2.104586,0.925638,0.140779,2.528548,0.89538,0.307986,,,,2.364814,1.017077,0.13597
767.1984,2.216844,0.984808,2.192946,0.907849,0.080584,2.121527,0.922742,0.113743,2.104586,0.925638,0.126897,2.528548,0.89538,0.324279,,,,2.348391,1.026703,0.138057
767.4013,2.21543,0.984972,2.192946,0.907849,0.080334,2.112154,0.924395,0.119731,2.095189,0.927155,0.133419,2.528548,0.89538,0.325684,,,,2.348391,1.026703,0.139356
767.6003,2.214015,0.985135,2.192946,0.907849,0.080107,2.112154,0.924395,0.118597,2.095189,0.927155,0.132217,2.528548,0.89538,0.327089,,,,2.348391,1.026703,0.140658
767.8346,2.214015,0.985135,2.192946,0.907849,0.080107,2.112154,0.924395,0.118597,2.095189,0.927155,0.132217,2.528548,0.89538,0.327089,,,,2.348391,1.026703,0.140658
767.9993,2.198992,0.986792,2.192946,0.907849,0.079174,2.102743,0.925997,0.113842,2.076415,0.930069,0.135066,2.528548,0.89538,0.342,,,,2.340097,1.031431,0.147998
768.2107,2.198992,0.986792,2.192946,0.907849,0.079174,2.102743,0.925997,0.113842,2.076415,0.930069,0.135066,2.528548,0.89538,0.342,,,,2.340097,1.031431,0.147998
768.4053,2.197573,0.986942,2.192946,0.907849,0.079228,2.102743,0.925997,0.112726,2.076415,0.930069,0.133842,2.528548,0.89538,0.343407,,,,2.340097,1.031431,0.149307
768.6001,2.189041,0.987816,2.192946,0.907849,0.080062,2.093368,0.927535,0.11308,2.076415,0.930069,0.126568,2.528548,0.89538,0.351866,,,,2.323466,1.040784,0.144485
768.8188,2.18667,0.988051,2.192946,0.907849,0.080447,2.083945,0.929026,0.118475,2.057454,0.932793,0.140536,2.528548,0.89538,0.354215,,,,2.323466,1.040784,0.146608
769.0031,2.18667,0.988051,2.192946,0.907849,0.080447,2.083945,0.929026,0.118475,2.057454,0.932793,0.140536,2.528548,0.89538,0.354215,,,,2.323466,1.040784,0.146608
769.2179,2.184289,0.988284,2.192946,0.907849,0.0809,2.083945,0.929026,0.116535,2.057454,0.932793,0.138443,2.528548,0.89538,0.356575,,,,2.323466,1.040784,0.14875
769.4036,2.184289,0.988284,2.192946,0.907849,0.0809,2.083945,0.929026,0.116535,2.057454,0.932793,0.138443,2.528548,0.89538,0.356575,,,,2.323466,1.040784,0.14875
769.6056,2.183329,0.988378,2.049095,0.930163,0.146314,2.083945,0.929026,0.115757,2.057454,0.932793,0.137602,2.528548,0.89538,0.357526,,,,2.323466,1.040784,0.149616
770.1629,2.183329,0.988378,2.049095,0.930163,0.146314,2.083945,0.929026,0.115757,2.057454,0.932793,0.137602,2.528548,0.89538,0.357526,,,,2.323466,1.040784,0.149616
770.2242,2.174588,0.989204,2.049095,0.930163,0.138688,2.049315,0.930149,0.138494,2.049068,0.930194,0.138699,2.528548,0.89538,0.366184,,,,2.306438,1.050056,0.145215
770.4237,2.167289,0.989863,2.049095,0.930163,0.132415,2.049315,0.930149,0.132225,2.049068,0.930194,0.132425,2.528548,0.89538,0.373411,,,,2.306438,1.050056,0.15161
770.601,2.160017,0.990492,2.049095,0.930163,0.126267,2.049315,0.930149,0.12608,2.049068,0.930194,0.126276,2.528548,0.89538,0.380607,,,,2.306438,1.050056,0.158072
771.2107,2.160017,0.990492,2.049095,0.930163,0.126267,2.049315,0.930149,0.12608,2.049068,0.930194,0.126276,2.528548,0.89538,0.380607,,,,2.306438,1.050056,0.158072
771.4043,2.138846,0.992168,2.049095,0.930163,0.109086,2.010776,0.934616,0.140407,2.010403,0.93465,0.140733,2.528548,0.89538,0.401542,,,,2.272112,1.068184,0.153422
771.6292,2.136421,0.992345,2.049095,0.930163,0.107202,2.010776,0.934616,0.138272,2.010403,0.93465,0.138597,2.528548,0.89538,0.403939,,,,2.272112,1.068184,0.155446
771.8357,2.136421,0.992345,2.049095,0.930163,0.107202,2.010776,0.934616,0.138272,2.010403,0.93465,0.138597,2.528548,0.89538,0.403939,,,,2.272112,1.068184,0.155446
772.0043,2.131593,0.992689,2.049095,0.930163,0.103515,2.010776,0.934616,0.13405,2.010403,0.93465,0.134371,2.528548,0.89538,0.408708,,,,2.272112,1.068184,0.159514
772.2252,2.121963,0.993343,2.049095,0.930163,0.096444,2.010776,0.934616,0.125744,2.00076,0.935628,0.134243,2.528548,0.89538,0.41822,,,,2.263474,1.072581,0.162185
772.402,2.118111,0.993593,2.049095,0.930163,0.093736,1.991492,0.936584,0.138861,2.00076,0.935628,0.130886,2.528548,0.89538,0.422025,,,,2.263474,1.072581,0.165438
772.6277,2.110397,0.994073,2.049095,0.930163,0.088557,1.991492,0.936584,0.132073,2.00076,0.935628,0.124242,2.528548,0.89538,0.42964,,,,2.263474,1.072581,0.172035
772.9517,2.109426,0.994131,2.049095,0.930163,0.08793,1.991492,0.936584,0.131226,2.00076,0.935628,0.123414,2.528548,0.89538,0.430598,,,,2.254818,1.076939,0.16732
772.9986,2.104086,0.994446,2.049095,0.930163,0.084594,1.981816,0.937485,0.134887,1.981414,0.937502,0.135244,2.528548,0.89538,0.43587,,,,2.254818,1.076939,0.171829
773.2011,2.097288,0.994829,2.049095,0.930163,0.080648,1.981816,0.937485,0.128927,1.971688,0.93836,0.137709,2.528548,0.89538,0.442579,,,,2.237338,1.085643,0.166917
773.4076,2.090465,0.995193,2.049095,0.930163,0.077074,1.97209,0.938348,0.131316,1.971688,0.93836,0.131673,2.528548,0.89538,0.449311,,,,2.237338,1.085643,0.17249
773.5996,2.089484,0.995244,2.049095,0.930163,0.076595,1.97209,0.938348,0.130455,1.971688,0.93836,0.130811,2.528548,0.89538,0.450278,,,,2.237338,1.085643,0.173299
773.8348,2.089484,0.995244,2.049095,0.930163,0.076595,1.97209,0.938348,0.130455,1.971688,0.93836,0.130811,2.528548,0.89538,0.450278,,,,2.237338,1.085643,0.173299
774.0259,2.087044,0.995369,2.049095,0.930163,0.075445,1.97209,0.938348,0.128319,1.971688,0.93836,0.128674,2.528548,0.89538,0.452686,,,,2.237338,1.085643,0.175321
774.1985,2.081773,0.995631,2.049095,0.930163,0.07317,1.97209,0.938348,0.12374,1.971688,0.93836,0.12409,2.528548,0.89538,0.457885,,,,2.237338,1.085643,0.17973
774.4027,2.076501,0.995881,2.049095,0.930163,0.071204,1.9529,0.939972,0.135658,1.952497,0.939974,0.136024,2.528548,0.89538,0.463085,,,,2.228511,1.089948,0.178762
774.6024,2.061862,0.996521,2.049095,0.930163,0.067575,1.943269,0.940715,0.131068,1.942866,0.940712,0.131434,2.528548,0.89538,0.47752,,,,2.211113,1.098347,0.180678
774.8923,2.061862,0.996521,2.049095,0.930163,0.067575,1.943269,0.940715,0.131068,1.942866,0.940712,0.131434,2.528548,0.89538,0.47752,,,,2.211113,1.098347,0.180678
775.0116,2.056395,0.996739,2.049095,0.930163,0.066975,1.943269,0.940715,0.126239,1.942866,0.940712,0.126602,2.528548,0.89538,0.48291,,,,2.211113,1.098347,0.1851
775.2213,2.051953,0.996908,2.049095,0.930163,0.066806,1.943269,0.940715,0.122352,1.942866,0.940712,0.122711,2.528548,0.89538,0.48729,,,,2.211113,1.098347,0.188737
775.4041,2.044083,0.997189,2.049095,0.930163,0.067212,1.923525,0.942162,0.132522,1.932915,0.941436,0.124365,2.528548,0.89538,0.495047,,,,2.202096,1.102617,0.189956
775.5987,2.041132,0.997288,2.049095,0.930163,0.067595,1.923525,0.942162,0.129885,1.92304,0.942118,0.130343,2.528548,0.89538,0.497956,,,,2.193135,1.10682,0.187356
775.9526,2.041132,0.997288,2.049095,0.930163,0.067595,1.923525,0.942162,0.129885,1.92304,0.942118,0.130343,2.528548,0.89538,0.497956,,,,2.193135,1.10682,0.187356
776.0022,2.04064,0.997304,2.049095,0.930163,0.067671,1.923525,0.942162,0.129447,1.92304,0.942118,0.129904,2.528548,0.89538,0.498441,,,,2.193135,1.10682,0.187745
776.2033,2.030778,0.997611,1.911337,0.942078,0.13172,1.911214,0.942085,0.131828,1.911217,0.942085,0.131825,2.528548,0.89538,0.50816,,,,2.184176,1.11098,0.190744
776.4024,2.022868,0.997835,1.911337,0.942078,0.124692,1.911214,0.942085,0.124799,1.911217,0.942085,0.124796,2.265657,0.992035,0.242858,,,,2.184176,1.11098,0.197033
776.601,2.022868,0.997835,1.911337,0.942078,0.124692,1.911214,0.942085,0.124799,1.911217,0.942085,0.124796,2.265657,0.992035,0.242858,,,,2.184176,1.11098,0.197033
776.8589,2.022868,0.997835,1.911337,0.942078,0.124692,1.911214,0.942085,0.124799,1.911217,0.942085,0.124796,2.265657,0.992035,0.242858,,,,2.184176,1.11098,0.197033
777.0026,2.012419,0.998099,1.911337,0.942078,0.115568,1.901271,0.942607,0.12423,1.901274,0.942606,0.124228,2.265657,0.992035,0.253311,,,,2.255669,0.993784,0.243289
777.1985,2.007443,0.998212,1.911337,0.942078,0.111299,1.901271,0.942607,0.119852,1.901274,0.942606,0.119849,2.265657,0.992035,0.258288,,,,2.255669,0.993784,0.248266
777.3985,1.997487,0.998414,1.911337,0.942078,0.102935,1.881326,0.94359,0.128449,1.88133,0.943588,0.128446,2.265657,0.992035,0.268246,,,,2.245804,0.995317,0.248336
777.6041,1.991508,0.998521,1.911337,0.942078,0.098047,1.881326,0.94359,0.123115,1.871345,0.944019,0.131945,2.265657,0.992035,0.274226,,,,2.226043,0.998318,0.234535
777.9751,1.991508,0.998521,1.911337,0.942078,0.098047,1.881326,0.94359,0.123115,1.871345,0.944019,0.131945,2.265657,0.992035,0.274226,,,,2.226043,0.998318,0.234535
777.9993,1.990511,0.998537,1.911337,0.942078,0.097243,1.881326,0.94359,0.122232,1.871345,0.944019,0.131045,2.265657,0.992035,0.275223,,,,2.226043,0.998318,0.235532
778.2019,1.990511,0.998537,1.911337,0.942078,0.097243,1.881326,0.94359,0.122232,1.871345,0.944019,0.131045,2.265657,0.992035,0.275223,,,,2.226043,0.998318,0.235532
778.4208,1.988017,0.998578,1.911337,0.942078,0.095248,1.881326,0.94359,0.120028,1.871345,0.944019,0.128799,2.265657,0.992035,0.277717,,,,2.226043,0.998318,0.238026
778.6306,1.974052,0.998776,1.911337,0.942078,0.084546,1.871341,0.944022,0.116394,1.871345,0.944019,0.116392,2.265657,0.992035,0.291683,,,,2.226043,0.998318,0.251991
779.0184,1.974052,0.998776,1.911337,0.942078,0.084546,1.871341,0.944022,0.116394,1.871345,0.944019,0.116392,2.265657,0.992035,0.291683,,,,2.226043,0.998318,0.251991
779.1984,1.957173,0.998948,1.911337,0.942078,0.073043,1.841408,0.945176,0.127644,1.841411,0.945171,0.127643,2.265657,0.992035,0.308561,,,,2.206262,1.001201,0.249099
779.4148,1.953749,0.998975,1.911337,0.942078,0.070965,1.841408,0.945176,0.124559,1.841411,0.945171,0.124557,2.265657,0.992035,0.311986,,,,2.206262,1.001201,0.252523
779.6021,1.943964,0.999036,1.911337,0.942078,0.065641,1.831608,0.945494,0.124461,1.831612,0.945489,0.12446,2.265657,0.992035,0.321769,,,,2.186843,1.003927,0.242928
779.8413,1.943964,0.999036,1.911337,0.942078,0.065641,1.831608,0.945494,0.124461,1.831612,0.945489,0.12446,2.265657,0.992035,0.321769,,,,2.186843,1.003927,0.242928
780.0006,1.941506,0.999048,1.911337,0.942078,0.064465,1.831608,0.945494,0.122252,1.831612,0.945489,0.122251,2.265657,0.992035,0.324227,,,,2.186843,1.003927,0.245385
780.2144,1.936124,0.999069,1.911337,0.942078,0.062148,1.831608,0.945494,0.117447,1.831612,0.945489,0.117446,2.265657,0.992035,0.329608,,,,2.186843,1.003927,0.250766
780.3985,1.925855,0.999092,1.911337,0.942078,0.058834,1.812019,0.946087,0.125571,1.812023,0.946081,0.125571,2.265657,0.992035,0.339875,,,,2.167423,1.006562,0.241684
780.5984,1.917067,0.999093,1.911337,0.942078,0.057303,1.802231,0.946341,0.126373,1.802235,0.946334,0.126373,2.265657,0.992035,0.348661,,,,2.157715,1.007837,0.240807
780.8119,1.917067,0.999093,1.911337,0.942078,0.057303,1.802231,0.946341,0.126373,1.802235,0.946334,0.126373,2.265657,0.992035,0.348661,,,,2.157715,1.007837,0.240807
781.0127,1.906332,0.999073,1.911337,0.942078,0.057215,1.802231,0.946341,0.116695,1.802235,0.946334,0.116695,2.265657,0.992035,0.359394,,,,2.157715,1.007837,0.251536
781.2037,1.898067,0.99904,1.911337,0.942078,0.058488,1.78274,0.946805,0.126605,1.802235,0.946334,0.10937,2.265657,0.992035,0.367657,,,,2.138379,1.010335,0.240578
781.4079,1.893691,0.999017,1.911337,0.942078,0.059611,1.772999,0.946996,0.131426,1.773003,0.946988,0.131426,2.265657,0.992035,0.372031,,,,2.138379,1.010335,0.24495
781.6064,1.888836,0.998986,1.911337,0.942078,0.061196,1.772999,0.946996,0.126969,1.773003,0.946988,0.126969,2.265657,0.992035,0.376885,,,,2.138379,1.010335,0.249802
781.9847,1.886409,0.998969,1.911337,0.942078,0.062113,1.772999,0.946996,0.124751,1.773003,0.946988,0.124751,2.265657,0.992035,0.379312,,,,2.138379,1.010335,0.252227
782.0022,1.877087,0.998893,1.911337,0.942078,0.06634,1.772999,0.946996,0.116307,1.773003,0.946988,0.116308,2.265657,0.992035,0.388631,,,,2.128712,1.011542,0.251943
782.199,1.877087,0.998893,1.911337,0.942078,0.06634,1.772999,0.946996,0.116307,1.773003,0.946988,0.116308,2.265657,0.992035,0.388631,,,,2.128712,1.011542,0.251943
782.403,1.877087,0.998893,1.911337,0.942078,0.06634,1.772999,0.946996,0.116307,1.773003,0.946988,0.116308,2.265657,0.992035,0.388631,,,,2.128712,1.011542,0.251943
782.5986,1.876094,0.998883,1.76571,0.952023,0.119919,1.772999,0.946996,0.115416,1.773003,0.946988,0.115417,2.265657,0.992035,0.389623,,,,2.128712,1.011542,0.252935
782.8299,1.876094,0.998883,1.76571,0.952023,0.119919,1.772999,0.946996,0.115416,1.773003,0.946988,0.115417,2.265657,0.992035,0.389623,,,,2.128712,1.011542,0.252935
783.0065,1.862742,0.998743,1.76571,0.952023,0.107694,1.755643,0.951979,0.116863,1.755643,0.951979,0.116863,2.265657,0.992035,0.402971,,,,2.108977,1.013963,0.246705
783.2065,1.860768,0.998719,1.76571,0.952023,0.105908,1.755643,0.951979,0.115047,1.755643,0.951979,0.115047,2.265657,0.992035,0.404944,,,,2.108977,1.013963,0.248677
783.3999,1.859288,0.998701,1.76571,0.952023,0.104573,1.755643,0.951979,0.113689,1.755643,0.951979,0.113689,2.265657,0.992035,0.406424,,,,2.108977,1.013963,0.250155
783.6167,1.85433,0.998636,1.76571,0.952023,0.100131,1.755643,0.951979,0.10916,1.755643,0.951979,0.10916,2.265657,0.992035,0.41138,,,,2.108977,1.013963,0.255108
784.1084,1.845884,0.998516,1.76571,0.952023,0.092679,1.745703,0.951969,0.110467,1.745703,0.951969,0.110467,2.265657,0.992035,0.419823,,,,2.089236,1.016311,0.244002
784.2109,1.831019,0.998272,1.76571,0.952023,0.080026,1.735752,0.95194,0.105936,1.725845,0.95191,0.114938,2.265657,0.992035,0.434683,,,,2.069509,1.01858,0.239353
784.4137,1.827569,0.998211,1.76571,0.952023,0.0772,1.735752,0.95194,0.102817,1.725845,0.95191,0.111765,2.265657,0.992035,0.438132,,,,2.069509,1.01858,0.242796
784.6339,1.827569,0.998211,1.76571,0.952023,0.0772,1.735752,0.95194,0.102817,1.725845,0.95191,0.111765,2.265657,0.992035,0.438132,,,,2.069509,1.01858,0.242796
784.8411,1.827569,0.998211,1.76571,0.952023,0.0772,1.735752,0.95194,0.102817,1.725845,0.95191,0.111765,2.265657,0.992035,0.438132,,,,2.069509,1.01858,0.242796
785.0007,1.821162,0.998093,1.76571,0.952023,0.072093,1.716017,0.951844,0.114867,1.715978,0.951847,0.114902,2.265657,0.992035,0.444536,,,,2.059702,1.019674,0.239514
785.2078,1.813246,0.997941,1.76571,0.952023,0.066092,1.716017,0.951844,0.107603,1.715978,0.951847,0.107637,2.265657,0.992035,0.452449,,,,2.049847,1.020762,0.237699
785.4019,1.800857,0.997697,1.76571,0.952023,0.057631,1.706103,0.951775,0.105295,1.706064,0.951773,0.105331,2.265657,0.992035,0.464835,,,,2.049847,1.020762,0.250056
785.5991,1.795405,0.997586,1.76571,0.952023,0.054386,1.696184,0.951699,0.109318,1.696145,0.951693,0.109356,2.265657,0.992035,0.470284,,,,2.039987,1.021845,0.245782
785.959,1.795405,0.997586,1.76571,0.952023,0.054386,1.696184,0.951699,0.109318,1.696145,0.951693,0.109356,2.265657,0.992035,0.470284,,,,2.039987,1.021845,0.245782
786.005,1.794414,0.997566,1.76571,0.952023,0.053834,1.686266,0.951618,0.117504,1.686227,0.951607,0.117545,2.265657,0.992035,0.471275,,,,2.030127,1.022922,0.237073
786.1987,1.794414,0.997566,1.76571,0.952023,0.053834,1.686266,0.951618,0.117504,1.686227,0.951607,0.117545,2.265657,0.992035,0.471275,,,,2.030127,1.022922,0.237073
786.4153,1.786432,0.997402,1.76571,0.952023,0.049887,1.686266,0.951618,0.110134,1.686227,0.951607,0.110175,2.265657,0.992035,0.479255,,,,2.030127,1.022922,0.245027
786.6043,1.782437,0.997321,1.76571,0.952023,0.048287,1.686266,0.951618,0.106478,1.686227,0.951607,0.106519,2.265657,0.992035,0.483248,,,,2.030127,1.022922,0.249009
786.8872,1.78044,0.99728,1.76571,0.952023,0.047593,1.686266,0.951618,0.10466,1.686227,0.951607,0.1047,2.265657,0.992035,0.485245,,,,2.030127,1.022922,0.251001
787.0029,1.773551,0.997139,1.76571,0.952023,0.045792,1.666604,0.951445,0.116299,1.666565,0.951424,0.116344,2.265657,0.992035,0.492133,,,,2.020196,1.024001,0.248104
787.1985,1.763226,0.996929,1.76571,0.952023,0.044975,1.666604,0.951445,0.106792,1.666565,0.951424,0.106837,2.265657,0.992035,0.502455,,,,2.010423,1.025062,0.248792
787.4031,1.763226,0.996929,1.76571,0.952023,0.044975,1.666604,0.951445,0.106792,1.666565,0.951424,0.106837,2.265657,0.992035,0.502455,,,,2.010423,1.025062,0.248792
787.6074,1.751892,0.996702,1.76571,0.952023,0.046766,1.666604,0.951445,0.096552,1.666565,0.951424,0.096597,2.265657,0.992035,0.513786,,,,1.990842,1.027189,0.240887
787.8685,1.751892,0.996702,1.76571,0.952023,0.046766,1.666604,0.951445,0.096552,1.666565,0.951424,0.096597,2.265657,0.992035,0.513786,,,,1.990842,1.027189,0.240887
787.9985,1.745983,0.996585,1.76571,0.952023,0.048733,1.646909,0.951272,0.108944,1.64687,0.951241,0.108993,2.265657,0.992035,0.519694,,,,1.990842,1.027189,0.246764
788.2053,1.745491,0.996575,1.76571,0.952023,0.048925,1.637062,0.951192,0.117543,1.637023,0.951156,0.117593,2.265657,0.992035,0.520186,,,,1.981053,1.028259,0.237684
788.4372,1.739528,0.996459,1.76571,0.952023,0.051576,1.637062,0.951192,0.11202,1.637023,0.951156,0.11207,2.265657,0.992035,0.526147,,,,1.981053,1.028259,0.243609
788.5989,1.731025,0.996299,1.76571,0.952023,0.056244,1.627064,0.951114,0.113356,1.637023,0.951156,0.10428,2.265657,0.992035,0.534649,,,,1.981053,1.028259,0.252062
788.9594,1.731025,0.996299,1.76571,0.952023,0.056244,1.627064,0.951114,0.113356,1.637023,0.951156,0.10428,2.265657,0.992035,0.534649,,,,1.981053,1.028259,0.252062
789.011,1.731025,0.996299,1.76571,0.952023,0.056244,1.627064,0.951114,0.113356,1.637023,0.951156,0.10428,2.265657,0.992035,0.534649,,,,1.981053,1.028259,0.252062
789.2046,1.724066,0.996172,1.6262,0.948375,0.108915,1.627064,0.951114,0.106956,1.626214,0.948389,0.108896,2.265657,0.992035,0.541606,,,,1.971114,1.029349,0.249266
789.4021,1.716645,0.996042,1.6262,0.948375,0.102237,1.627064,0.951114,0.100216,1.626214,0.948389,0.102218,2.265657,0.992035,0.549027,,,,1.971114,1.029349,0.25664
789.6066,1.712691,0.995974,1.6262,0.948375,0.098723,1.626086,0.948374,0.098824,1.606467,0.947907,0.116594,2.265657,0.992035,0.55298,,,,1.951481,1.03152,0.241421
790.2481,1.70622,0.995868,1.6262,0.948375,0.093053,1.626086,0.948374,0.093152,1.606467,0.947907,0.110685,2.265657,0.992035,0.55945,,,,1.951481,1.03152,0.247838
790.4067,1.696258,0.995715,1.6262,0.948375,0.084553,1.606183,0.947887,0.101985,1.586567,0.947477,0.11983,2.265657,0.992035,0.56941,,,,1.941589,1.032636,0.248093
790.5987,1.696258,0.995715,1.6262,0.948375,0.084553,1.606183,0.947887,0.101985,1.586567,0.947477,0.11983,2.265657,0.992035,0.56941,,,,1.941589,1.032636,0.248093
791.0917,1.696258,0.995715,1.6262,0.948375,0.084553,1.606183,0.947887,0.101985,1.586567,0.947477,0.11983,2.265657,0.992035,0.56941,,,,1.941589,1.032636,0.248093
791.2103,1.681955,0.995522,1.6262,0.948375,0.073016,1.586514,0.947452,0.106863,1.576731,0.947286,0.115752,2.265657,0.992035,0.583713,,,,1.922041,1.034865,0.243289
791.4023,1.680477,0.995504,1.6262,0.948375,0.071882,1.586514,0.947452,0.105537,1.576731,0.947286,0.114403,2.265657,0.992035,0.58519,,,,1.922041,1.034865,0.24475
791.6091,1.6671,0.995359,1.6262,0.948375,0.062292,1.586514,0.947452,0.093751,1.576731,0.947286,0.10236,2.265657,0.992035,0.598566,,,,1.922041,1.034865,0.257984
791.821,1.6671,0.995359,1.6262,0.948375,0.062292,1.586514,0.947452,0.093751,1.576731,0.947286,0.10236,2.265657,0.992035,0.598566,,,,1.922041,1.034865,0.257984
791.9999,1.660166,0.995296,1.6262,0.948375,0.057925,1.576669,0.947267,0.096325,1.566886,0.947112,0.10499,2.265657,0.992035,0.605499,,,,1.912262,1.036013,0.255362
792.1983,1.647816,0.995205,1.6262,0.948375,0.051578,1.556941,0.94693,0.102902,1.556934,0.946952,0.102897,2.265657,0.992035,0.617849,,,,1.902379,1.03719,0.258001
792.4105,1.646334,0.995196,1.6262,0.948375,0.050966,1.547076,0.946794,0.11043,1.537205,0.946673,0.11943,2.265657,0.992035,0.619331,,,,1.88279,1.039561,0.240582
792.5993,1.646334,0.995196,1.6262,0.948375,0.050966,1.547076,0.946794,0.11043,1.537205,0.946673,0.11943,2.265657,0.992035,0.619331,,,,1.88279,1.039561,0.240582
792.8092,1.646334,0.995196,1.6262,0.948375,0.050966,1.547076,0.946794,0.11043,1.537205,0.946673,0.11943,2.265657,0.992035,0.619331,,,,1.88279,1.039561,0.240582
792.9984,1.632932,0.995129,1.6262,0.948375,0.047236,1.53716,0.946674,0.107332,1.527289,0.946565,0.116271,2.265657,0.992035,0.632732,,,,1.872949,1.040785,0.24432
793.2002,1.632932,0.995129,1.6262,0.948375,0.047236,1.53716,0.946674,0.107332,1.527289,0.946565,0.116271,2.265657,0.992035,0.632732,,,,1.872949,1.040785,0.24432
793.4023,1.622486,0.995098,1.6262,0.948375,0.046871,1.53716,0.946674,0.098109,1.517355,0.946475,0.115831,2.265657,0.992035,0.643178,,,,1.863093,1.042027,0.245141
793.607,1.614488,0.995084,1.6262,0.948375,0.048156,1.517175,0.946466,0.108782,1.507362,0.9464,0.117669,2.265657,0.992035,0.651176,,,,1.853181,1.043294,0.243513
793.8256,1.610988,0.99508,1.6262,0.948375,0.04912,1.517175,0.946466,0.105661,1.507362,0.9464,0.11449,2.265657,0.992035,0.654676,,,,1.853181,1.043294,0.246946
794.0724,1.598983,0.995074,1.6262,0.948375,0.054052,1.517175,0.946466,0.095159,1.49737,0.946335,0.112698,2.265657,0.992035,0.666681,,,,1.84327,1.04457,0.249251
794.2009,1.598983,0.995074,1.6262,0.948375,0.054052,1.517175,0.946466,0.095159,1.49737,0.946335,0.112698,2.265657,0.992035,0.666681,,,,1.84327,1.04457,0.249251
794.3984,1.595981,0.995075,1.6262,0.948375,0.055625,1.507183,0.94638,0.101273,1.49737,0.946335,0.109999,2.265657,0.992035,0.669683,,,,1.84327,1.04457,0.252194
794.6065,1.590987,0.995077,1.6262,0.948375,0.05849,1.507183,0.94638,0.096925,1.49737,0.946335,0.105546,2.265657,0.992035,0.674677,,,,1.84327,1.04457,0.257092
794.8886,1.590987,0.995077,1.6262,0.948375,0.05849,1.507183,0.94638,0.096925,1.49737,0.946335,0.105546,2.265657,0.992035,0.674677,,,,1.84327,1.04457,0.257092
794.9987,1.582998,0.995082,1.6262,0.948375,0.063624,1.497183,0.946303,0.09871,1.48737,0.946278,0.107362,2.265657,0.992035,0.682666,,,,1.833353,1.045856,0.255451
795.2123,1.576018,0.995087,1.482661,0.95179,0.102908,1.497183,0.946303,0.092708,1.481676,0.948095,0.105398,2.265657,0.992035,0.689646,,,,1.813586,1.048437,0.243484
795.4125,1.566547,0.995096,1.482661,0.95179,0.094405,1.472595,0.951726,0.103479,1.472051,0.950685,0.104412,2.265657,0.992035,0.699116,,,,1.803703,1.049731,0.243367
795.6469,1.559068,0.995104,1.482661,0.95179,0.08783,1.472595,0.951726,0.096744,1.472051,0.950685,0.097699,2.265657,0.992035,0.706595,,,,1.803703,1.049731,0.250659
795.9921,1.559068,0.995104,1.482661,0.95179,0.08783,1.472595,0.951726,0.096744,1.472051,0.950685,0.097699,2.265657,0.992035,0.706595,,,,1.803703,1.049731,0.250659
795.9983,1.555592,0.995108,1.482661,0.95179,0.084826,1.472595,0.951726,0.093651,1.462459,0.953268,0.1021,2.265657,0.992035,0.710072,,,,1.793853,1.051023,0.244734
796.2086,1.548116,0.995116,1.482661,0.95179,0.078495,1.472595,0.951726,0.087098,1.462459,0.953268,0.095333,2.265657,0.992035,0.717548,,,,1.793853,1.051023,0.252016
796.4001,1.546617,0.995117,1.482661,0.95179,0.07725,1.452602,0.951733,0.103543,1.452806,0.955868,0.101691,2.265657,0.992035,0.719046,,,,1.793853,1.051023,0.253478
796.6076,1.546617,0.995117,1.482661,0.95179,0.07725,1.452602,0.951733,0.103543,1.452806,0.955868,0.101691,2.265657,0.992035,0.719046,,,,1.793853,1.051023,0.253478
796.9948,1.546617,0.995117,1.482661,0.95179,0.07725,1.452602,0.951733,0.103543,1.452806,0.955868,0.101691,2.265657,0.992035,0.719046,,,,1.793853,1.051023,0.253478
796.999,1.542124,0.995119,1.482661,0.95179,0.073575,1.44261,0.951727,0.108563,1.443157,0.958462,0.105538,2.265657,0.992035,0.72354,,,,1.774039,1.053623,0.239181
797.1984,1.533141,0.995117,1.482661,0.95179,0.066524,1.44261,0.951727,0.100392,1.443157,0.958462,0.097164,2.265657,0.992035,0.732522,,,,1.774039,1.053623,0.247901
797.43,1.527153,0.99511,1.482661,0.95179,0.062098,1.44261,0.951727,0.095024,1.443157,0.958462,0.091643,2.265657,0.992035,0.73851,,,,1.774039,1.053623,0.253725
797.5994,1.522663,0.995102,1.482661,0.95179,0.058958,1.432621,0.951709,0.099952,1.433507,0.961043,0.09544,2.265657,0.992035,0.743001,,,,1.764132,1.054898,0.248763
797.9511,1.522663,0.995102,1.482661,0.95179,0.058958,1.432621,0.951709,0.099952,1.433507,0.961043,0.09544,2.265657,0.992035,0.743001,,,,1.764132,1.054898,0.248763
798.0007,1.516677,0.995089,1.482661,0.95179,0.055063,1.422639,0.951681,0.103574,1.423861,0.963613,0.098008,1.781115,1.012303,0.264997,,,,1.781089,1.012336,0.264973
798.2087,1.505752,0.995054,1.482661,0.95179,0.049041,1.422639,0.951681,0.09375,1.423861,0.963613,0.087719,1.781115,1.012303,0.275902,,,,1.781089,1.012336,0.275879
798.4116,1.500352,0.995035,1.482661,0.95179,0.046724,1.422639,0.951681,0.088988,1.423861,0.963613,0.082693,1.781115,1.012303,0.281293,,,,1.781089,1.012336,0.28127
798.5984,1.500352,0.995035,1.482661,0.95179,0.046724,1.422639,0.951681,0.088988,1.423861,0.963613,0.082693,1.781115,1.012303,0.281293,,,,1.781089,1.012336,0.28127
798.8153,1.500352,0.995035,1.482661,0.95179,0.046724,1.422639,0.951681,0.088988,1.423861,0.963613,0.082693,1.781115,1.012303,0.281293,,,,1.781089,1.012336,0.28127
799.0009,1.4969,0.995022,1.482661,0.95179,0.045517,1.412716,0.951642,0.094704,1.41427,0.966157,0.087527,1.781115,1.012303,0.284739,,,,1.771168,1.012113,0.2748
799.1989,1.490492,0.994997,1.482661,0.95179,0.043911,1.412716,0.951642,0.089044,1.41427,0.966157,0.081496,1.781115,1.012303,0.291137,,,,1.771168,1.012113,0.281198
799.4075,1.484092,0.994968,1.482661,0.95179,0.043202,1.393005,0.951549,0.100905,1.395214,0.971195,0.092002,1.781115,1.012303,0.297528,,,,1.751462,1.011654,0.267891
799.6063,1.477162,0.994932,1.482661,0.95179,0.043491,1.393005,0.951549,0.094681,1.395214,0.971195,0.085317,1.781115,1.012303,0.304448,,,,1.751462,1.011654,0.274809
799.9377,1.477162,0.994932,1.482661,0.95179,0.043491,1.393005,0.951549,0.094681,1.395214,0.971195,0.085317,1.781115,1.012303,0.304448,,,,1.751462,1.011654,0.274809
800.0109,1.46625,0.994864,1.482661,0.95179,0.046095,1.373116,0.951419,0.102769,1.376002,0.976228,0.092152,1.781115,1.012303,0.315347,,,,1.74155,1.011405,0.275796
800.2053,1.454809,0.994772,1.482661,0.95179,0.051217,1.373116,0.951419,0.092483,1.376002,0.976228,0.08096,1.781115,1.012303,0.326776,,,,1.731608,1.011146,0.277283
800.3985,1.447321,0.9947,1.482661,0.95179,0.05559,1.353123,0.951216,0.103751,1.356648,0.981251,0.091665,1.781115,1.012303,0.334257,,,,1.711622,1.010589,0.264777
800.5996,1.447321,0.9947,1.482661,0.95179,0.05559,1.353123,0.951216,0.103751,1.356648,0.981251,0.091665,1.781115,1.012303,0.334257,,,,1.711622,1.010589,0.264777
801.1592,1.447321,0.9947,1.482661,0.95179,0.05559,1.353123,0.951216,0.103751,1.356648,0.981251,0.091665,1.781115,1.012303,0.334257,,,,1.711622,1.010589,0.264777
801.1988,1.435347,0.994565,1.482661,0.95179,0.063784,1.353123,0.951216,0.092951,1.356648,0.981251,0.079817,1.781115,1.012303,0.346223,,,,1.711622,1.010589,0.276739
801.3989,1.435347,0.994565,1.482661,0.95179,0.063784,1.353123,0.951216,0.092951,1.356648,0.981251,0.079817,1.781115,1.012303,0.346223,,,,1.711622,1.010589,0.276739
801.6062,1.429858,0.994494,1.339783,0.956522,0.097752,1.353123,0.951216,0.088098,1.356648,0.981251,0.074398,1.781115,1.012303,0.351708,,,,1.711622,1.010589,0.282223
802.0057,1.429359,0.994487,1.339783,0.956522,0.097289,1.353123,0.951216,0.087661,1.356648,0.981251,0.073906,1.781115,1.012303,0.352206,,,,1.711622,1.010589,0.282721
802.2007,1.40241,0.994052,1.339783,0.956522,0.073012,1.329659,0.956285,0.08197,1.332475,0.958222,0.078579,1.781115,1.012303,0.379144,,,,1.671649,1.009281,0.269669
802.415,1.400913,0.994024,1.339783,0.956522,0.071717,1.329659,0.956285,0.080631,1.332475,0.958222,0.077237,1.781115,1.012303,0.380641,,,,1.671649,1.009281,0.271165
802.6057,1.397416,0.993958,1.339783,0.956522,0.068724,1.31966,0.956101,0.086482,1.313391,0.952242,0.09381,1.781115,1.012303,0.384137,,,,1.661657,1.008899,0.264663
803.1031,1.397416,0.993958,1.339783,0.956522,0.068724,1.31966,0.956101,0.086482,1.313391,0.952242,0.09381,1.781115,1.012303,0.384137,,,,1.661657,1.008899,0.264663
803.2049,1.386419,0.993747,1.339783,0.956522,0.059671,1.309663,0.955898,0.085581,1.313391,0.952242,0.083999,1.781115,1.012303,0.395131,,,,1.661657,1.008899,0.275654
803.4031,1.386419,0.993747,1.339783,0.956522,0.059671,1.309663,0.955898,0.085581,1.313391,0.952242,0.083999,1.781115,1.012303,0.395131,,,,1.661657,1.008899,0.275654
803.6023,1.383954,0.9937,1.339783,0.956522,0.057734,1.309663,0.955898,0.083355,1.313391,0.952242,0.08184,1.781115,1.012303,0.397596,,,,1.661657,1.008899,0.278119
804.0602,1.383954,0.9937,1.339783,0.956522,0.057734,1.309663,0.955898,0.083355,1.313391,0.952242,0.08184,1.781115,1.012303,0.397596,,,,1.661657,1.008899,0.278119
804.1988,1.369523,0.993439,1.339783,0.956522,0.047406,1.299665,0.955687,0.079406,1.303854,0.949235,0.07916,1.781115,1.012303,0.412024,,,,1.642453,1.008149,0.273327
804.4073,1.365193,0.993367,1.339783,0.956522,0.044758,1.280452,0.955282,0.092907,1.285526,0.943456,0.094011,1.781115,1.012303,0.416352,,,,1.632851,1.007803,0.268047
804.6273,1.360446,0.993293,1.339783,0.956522,0.042179,1.280452,0.955282,0.088566,1.285526,0.943456,0.089982,1.781115,1.012303,0.421098,,,,1.632851,1.007803,0.272791
805.0284,1.360446,0.993293,1.339783,0.956522,0.042179,1.280452,0.955282,0.088566,1.285526,0.943456,0.089982,1.781115,1.012303,0.421098,,,,1.632851,1.007803,0.272791
805.206,1.349077,0.993144,1.339783,0.956522,0.037783,1.261557,0.95494,0.095495,1.267486,0.937828,0.098575,1.781115,1.012303,0.432462,,,,1.613965,1.007151,0.265257
805.4001,1.33813,0.993038,1.339783,0.956522,0.036554,1.252063,0.954823,0.09417,1.258405,0.935053,0.098582,1.781115,1.012303,0.443403,,,,1.604473,1.006878,0.266702
805.5985,1.33813,0.993038,1.339783,0.956522,0.036554,1.252063,0.954823,0.09417,1.258405,0.935053,0.098582,1.781115,1.012303,0.443403,,,,1.604473,1.006878,0.266702
805.8378,1.33813,0.993038,1.339783,0.956522,0.036554,1.252063,0.954823,0.09417,1.258405,0.935053,0.098582,1.781115,1.012303,0.443403,,,,1.604473,1.006878,0.266702
805.9982,1.326777,0.992977,1.339783,0.956522,0.038706,1.242639,0.954739,0.09242,1.249383,0.932329,0.098326,1.781115,1.012303,0.454749,,,,1.604473,1.006878,0.278044
806.2537,1.322521,0.992967,1.339783,0.956522,0.040327,1.242639,0.954739,0.088558,1.249383,0.932329,0.095006,1.781115,1.012303,0.459001,,,,1.595052,1.006639,0.272874
806.4044,1.322521,0.992967,1.339783,0.956522,0.040327,1.242639,0.954739,0.088558,1.249383,0.932329,0.095006,1.781115,1.012303,0.459001,,,,1.595052,1.006639,0.272874
806.608,1.317278,0.992963,1.339783,0.956522,0.04283,1.242639,0.954739,0.083858,1.249383,0.932329,0.091029,1.781115,1.012303,0.464239,,,,1.595052,1.006639,0.27811
806.9226,1.317278,0.992963,1.339783,0.956522,0.04283,1.242639,0.954739,0.083858,1.249383,0.932329,0.091029,1.781115,1.012303,0.464239,,,,1.595052,1.006639,0.27811
807.0011,1.301069,0.993007,1.339783,0.956522,0.053197,1.223058,0.954638,0.086936,1.230617,0.926739,0.09672,1.781115,1.012303,0.480433,,,,1.575475,1.006216,0.274724
807.1984,1.301069,0.993007,1.339783,0.956522,0.053197,1.223058,0.954638,0.086936,1.230617,0.926739,0.09672,1.781115,1.012303,0.480433,,,,1.575475,1.006216,0.274724
807.4154,1.29862,0.993021,1.339783,0.956522,0.055014,1.223058,0.954638,0.084752,1.230617,0.926739,0.094961,1.781115,1.012303,0.48288,,,,1.575475,1.006216,0.277169
807.6115,1.290491,0.993096,1.339783,0.956522,0.061379,1.204053,0.954661,0.094597,1.212369,0.921431,0.106014,1.781115,1.012303,0.490999,,,,1.556473,1.005927,0.266291
807.9391,1.290491,0.993096,1.339783,0.956522,0.061379,1.204053,0.954661,0.094597,1.212369,0.921431,0.106014,1.781115,1.012303,0.490999,,,,1.556473,1.005927,0.266291
807.999,1.274234,0.99339,1.201175,0.951154,0.084389,1.204053,0.954661,0.080158,1.201093,0.950944,0.084566,1.781115,1.012303,0.507233,,,,1.546971,1.005914,0.273024
808.2077,1.274234,0.99339,1.201175,0.951154,0.084389,1.204053,0.954661,0.080158,1.201093,0.950944,0.084566,1.781115,1.012303,0.507233,,,,1.546971,1.005914,0.273024
808.4105,1.267542,0.993566,1.201175,0.951154,0.078761,1.200914,0.951138,0.07899,1.191592,0.950745,0.087189,1.781115,1.012303,0.513915,,,,1.537469,1.005968,0.270212
808.6012,1.260775,0.993773,1.201175,0.951154,0.07327,1.191306,0.95111,0.081523,1.181985,0.95061,0.089838,1.781115,1.012303,0.520669,,,,1.527861,1.006088,0.26737
808.8448,1.2593,0.993821,1.201175,0.951154,0.072104,1.191306,0.95111,0.080295,1.181985,0.95061,0.08857,1.781115,1.012303,0.522142,,,,1.527861,1.006088,0.268842
808.9985,1.252355,0.994059,1.201175,0.951154,0.066785,1.181412,0.951127,0.082922,1.181985,0.95061,0.082702,1.781115,1.012303,0.529074,,,,1.527861,1.006088,0.275769
809.2003,1.249865,0.994149,1.201175,0.951154,0.064956,1.181412,0.951127,0.08085,1.181985,0.95061,0.080643,1.781115,1.012303,0.53156,,,,1.527861,1.006088,0.278252
809.4011,1.242352,0.994434,1.201175,0.951154,0.059739,1.181412,0.951127,0.074761,1.172091,0.950517,0.082857,1.781115,1.012303,0.539059,,,,1.517968,1.006257,0.27587
809.6001,1.242352,0.994434,1.201175,0.951154,0.059739,1.181412,0.951127,0.074761,1.172091,0.950517,0.082857,1.781115,1.012303,0.539059,,,,1.517968,1.006257,0.27587
810.0169,1.242352,0.994434,1.201175,0.951154,0.059739,1.181412,0.951127,0.074761,1.172091,0.950517,0.082857,1.781115,1.012303,0.539059,,,,1.517968,1.006257,0.27587
810.1985,1.231839,0.994861,1.201175,0.951154,0.053391,1.171417,0.951188,0.074554,1.162096,0.950466,0.082674,1.781115,1.012303,0.549552,,,,1.507975,1.006472,0.27638
810.3983,1.227334,0.995053,1.201175,0.951154,0.051102,1.171417,0.951188,0.07107,1.162096,0.950466,0.079019,1.781115,1.012303,0.554049,,,,1.507975,1.006472,0.280873
810.6028,1.217825,0.995473,1.201175,0.951154,0.047343,1.151418,0.951376,0.079715,1.142096,0.950431,0.088111,1.781115,1.012303,0.563541,,,,1.487982,1.006968,0.270401
810.9663,1.217825,0.995473,1.201175,0.951154,0.047343,1.151418,0.951376,0.079715,1.142096,0.950431,0.088111,1.781115,1.012303,0.563541,,,,1.487982,1.006968,0.270401
811.0015,1.209317,0.995866,1.201175,0.951154,0.045447,1.141419,0.951514,0.081101,1.132096,0.950458,0.089582,1.781115,1.012303,0.572033,,,,1.477986,1.00726,0.26891
811.1985,1.202814,0.996176,1.201175,0.951154,0.045051,1.141419,0.951514,0.075921,1.132096,0.950458,0.084208,1.781115,1.012303,0.578526,,,,1.477986,1.00726,0.275395
811.3983,1.201813,0.996224,1.201175,0.951154,0.045074,1.141419,0.951514,0.075143,1.132096,0.950458,0.083397,1.781115,1.012303,0.579524,,,,1.477986,1.00726,0.276393
811.599,1.193311,0.996642,1.201175,0.951154,0.046163,1.141419,0.951514,0.068771,1.132096,0.950458,0.076683,1.781115,1.012303,0.588012,,,,1.477986,1.00726,0.284873
811.9062,1.193311,0.996642,1.201175,0.951154,0.046163,1.141419,0.951514,0.068771,1.132096,0.950458,0.076683,1.781115,1.012303,0.588012,,,,1.477986,1.00726,0.284873
812.0092,1.178809,0.997384,1.201175,0.951154,0.051356,1.121422,0.951834,0.073267,1.102098,0.950642,0.08983,1.781115,1.012303,0.602491,,,,1.448003,1.008236,0.269413
812.1983,1.173808,0.997649,1.201175,0.951154,0.053951,1.121422,0.951834,0.069594,1.102098,0.950642,0.085744,1.781115,1.012303,0.607483,,,,1.448003,1.008236,0.274399
812.3983,1.159308,0.998439,1.201175,0.951154,0.063156,1.091429,0.95245,0.081991,1.0821,0.950863,0.090689,1.781115,1.012303,0.621962,,,,1.428018,1.008984,0.268917
812.6284,1.154309,0.99872,1.201175,0.951154,0.066775,1.091429,0.95245,0.078069,1.0821,0.950863,0.086628,1.781115,1.012303,0.626953,,,,1.428018,1.008984,0.273901
813.0271,1.152809,0.998805,1.201175,0.951154,0.067896,1.091429,0.95245,0.076917,1.0821,0.950863,0.08543,1.781115,1.012303,0.628451,,,,1.428018,1.008984,0.275397
813.1996,1.143813,0.999321,1.201175,0.951154,0.074902,1.091429,0.95245,0.070292,1.0821,0.950863,0.078465,1.781115,1.012303,0.637434,,,,1.428018,1.008984,0.284369
813.4366,1.141814,0.999437,1.201175,0.951154,0.076517,1.091429,0.95245,0.068894,1.0821,0.950863,0.076976,1.781115,1.012303,0.63943,,,,1.418026,1.009383,0.27639
813.605,1.126823,1.000323,1.064362,0.956081,0.076543,1.071435,0.952943,0.072889,1.062101,0.951136,0.081292,1.781115,1.012303,0.654401,,,,1.398043,1.010213,0.2714
814.053,1.118329,1.000839,1.064362,0.956081,0.070112,1.071435,0.952943,0.067031,1.062101,0.951136,0.075046,1.781115,1.012303,0.662884,,,,1.398043,1.010213,0.279871
814.2023,1.110337,1.001332,1.064362,0.956081,0.064508,1.054119,0.956402,0.071966,1.054007,0.956368,0.072074,1.781115,1.012303,0.670867,,,,1.378063,1.011106,0.267904
814.4029,1.106842,1.00155,1.064362,0.956081,0.062225,1.054119,0.956402,0.069412,1.054007,0.956368,0.069519,1.781115,1.012303,0.674358,,,,1.378063,1.011106,0.271389
814.6239,1.103346,1.001769,1.064362,0.956081,0.06006,1.044127,0.956807,0.074354,1.054007,0.956368,0.067048,1.781115,1.012303,0.67785,,,,1.378063,1.011106,0.274875
814.8807,1.103346,1.001769,1.064362,0.956081,0.06006,1.044127,0.956807,0.074354,1.054007,0.956368,0.067048,1.781115,1.012303,0.67785,,,,1.378063,1.011106,0.274875
815.0091,1.098853,1.002052,1.064362,0.956081,0.057471,1.044127,0.956807,0.071007,1.054007,0.956368,0.064016,1.781115,1.012303,0.682339,,,,1.378063,1.011106,0.279357
815.2057,1.093861,1.002368,1.064362,0.956081,0.054888,1.044127,0.956807,0.067448,1.054007,0.956368,0.060862,1.781115,1.012303,0.687326,,,,1.378063,1.011106,0.284336
815.4026,1.093861,1.002368,1.064362,0.956081,0.054888,1.044127,0.956807,0.067448,1.054007,0.956368,0.060862,1.781115,1.012303,0.687326,,,,1.378063,1.011106,0.284336
815.6304,1.091365,1.002526,1.064362,0.956081,0.053724,1.044127,0.956807,0.065739,1.034024,0.957167,0.073112,1.781115,1.012303,0.689819,,,,1.368074,1.011572,0.276857
816.0435,1.08837,1.002716,1.064362,0.956081,0.052452,1.044127,0.956807,0.063758,1.034024,0.957167,0.07091,1.781115,1.012303,0.692811,,,,1.368074,1.011572,0.279844
816.2424,1.06941,1.003929,1.064362,0.956081,0.048114,1.024152,0.957638,0.064739,1.024039,0.957575,0.064863,1.781115,1.012303,0.711754,,,,1.348104,1.012525,0.278827
816.3988,1.061424,1.004444,1.064362,0.956081,0.048453,1.00417,0.958482,0.073421,1.004056,0.958399,0.073561,1.781115,1.012303,0.719733,,,,1.328127,1.013492,0.266857
816.603,1.056933,1.004735,1.064362,0.956081,0.049218,1.00417,0.958482,0.070166,1.004056,0.958399,0.070306,1.781115,1.012303,0.724221,,,,1.328127,1.013492,0.271336
816.8202,1.056933,1.004735,1.064362,0.956081,0.049218,1.00417,0.958482,0.070166,1.004056,0.958399,0.070306,1.781115,1.012303,0.724221,,,,1.328127,1.013492,0.271336
817.0097,1.052941,1.004993,1.064362,0.956081,0.050229,0.994179,0.958909,0.074677,1.004056,0.958399,0.067533,1.781115,1.012303,0.728211,,,,1.328127,1.013492,0.275318
817.2053,1.044476,1.005541,1.064362,0.956081,0.053309,0.994179,0.958909,0.068588,1.004056,0.958399,0.062098,1.781115,1.012303,0.73667,,,,1.328127,1.013492,0.283763
817.3983,1.044476,1.005541,1.064362,0.956081,0.053309,0.994179,0.958909,0.068588,1.004056,0.958399,0.062098,1.781115,1.012303,0.73667,,,,1.328127,1.013492,0.283763
817.5983,1.042482,1.00567,1.064362,0.956081,0.054202,0.994179,0.958909,0.067229,0.994065,0.958817,0.067375,1.781115,1.012303,0.738662,,,,1.328127,1.013492,0.285752
817.9609,1.041984,1.005703,1.064362,0.956081,0.054435,0.994179,0.958909,0.066895,0.994065,0.958817,0.067041,1.781115,1.012303,0.73916,,,,1.328127,1.013492,0.286249
818.0031,1.028527,1.006572,1.064362,0.956081,0.061915,0.974218,0.959764,0.071697,0.974103,0.959652,0.071857,1.287068,1.006527,0.25854,,,,1.298184,1.014957,0.269787
818.202,1.019548,1.007151,1.064362,0.956081,0.067946,0.974218,0.959764,0.065577,0.964113,0.96007,0.07273,1.287068,1.006527,0.267521,,,,1.287064,1.006531,0.267518
818.4123,1.013063,1.00757,1.064362,0.956081,0.072682,0.964228,0.960192,0.068041,0.964113,0.96007,0.068208,1.287068,1.006527,0.274007,,,,1.287064,1.006531,0.274003
818.6012,1.011567,1.007666,1.064362,0.956081,0.073813,0.964228,0.960192,0.067043,0.964113,0.96007,0.06721,1.287068,1.006527,0.275503,,,,1.287064,1.006531,0.2755
818.8078,1.007577,1.007923,1.064362,0.956081,0.076891,0.964228,0.960192,0.064478,0.964113,0.96007,0.064645,1.287068,1.006527,0.279494,,,,1.287064,1.006531,0.279491
819.0093,1.003088,1.008211,1.064362,0.956081,0.080449,0.944247,0.961047,0.07541,0.944131,0.960906,0.075589,1.287068,1.006527,0.283985,,,,1.267064,1.006564,0.263981
819.1984,1.003088,1.008211,1.064362,0.956081,0.080449,0.944247,0.961047,0.07541,0.944131,0.960906,0.075589,1.287068,1.006527,0.283985,,,,1.267064,1.006564,0.263981
819.4056,0.997602,1.008561,1.064362,0.956081,0.084919,0.944247,0.961047,0.071445,0.944131,0.960906,0.071625,1.287068,1.006527,0.289473,,,,1.267064,1.006564,0.26947
819.5984,0.995607,1.008688,1.064362,0.956081,0.086573,0.944247,0.961047,0.070054,0.944131,0.960906,0.070235,1.287068,1.006527,0.291469,,,,1.267064,1.006564,0.271466
819.9039,0.995607,1.008688,1.064362,0.956081,0.086573,0.944247,0.961047,0.070054,0.944131,0.960906,0.070235,1.287068,1.006527,0.291469,,,,1.267064,1.006564,0.271466
820.006,0.985132,1.009352,0.918814,0.95445,0.086095,0.919123,0.954634,0.08574,0.919153,0.954651,0.085706,1.287068,1.006527,0.301949,,,,1.257064,1.006572,0.271946
820.2139,0.978149,1.009792,0.918814,0.95445,0.081138,0.909132,0.955073,0.088077,0.909162,0.955089,0.088044,1.287068,1.006527,0.308936,,,,1.247064,1.006575,0.268934
820.4046,0.975157,1.00998,0.918814,0.95445,0.079108,0.909132,0.955073,0.085872,0.909162,0.955089,0.085839,1.287068,1.006527,0.31193,,,,1.247064,1.006575,0.271929
820.603,0.971166,1.010229,0.918814,0.95445,0.076499,0.909132,0.955073,0.083009,0.899172,0.955521,0.090422,1.287068,1.006527,0.315923,,,,1.247064,1.006575,0.275922
821.0533,0.967176,1.010478,0.918814,0.95445,0.074014,0.899142,0.955506,0.087468,0.899172,0.955521,0.087435,1.287068,1.006527,0.319916,,,,1.247064,1.006575,0.279916
821.2066,0.958698,1.011004,0.918814,0.95445,0.069203,0.889155,0.955934,0.088706,0.889185,0.955948,0.088674,1.287068,1.006527,0.3284,,,,1.227074,1.006572,0.268412
821.4146,0.95321,1.011342,0.918814,0.95445,0.066482,0.889155,0.955934,0.084694,0.879194,0.956371,0.092197,1.287068,1.006527,0.333892,,,,1.217074,1.00656,0.263907
821.6261,0.95321,1.011342,0.918814,0.95445,0.066482,0.889155,0.955934,0.084694,0.879194,0.956371,0.092197,1.287068,1.006527,0.333892,,,,1.217074,1.00656,0.263907
821.8665,0.95321,1.011342,0.918814,0.95445,0.066482,0.889155,0.955934,0.084694,0.879194,0.956371,0.092197,1.287068,1.006527,0.333892,,,,1.217074,1.00656,0.263907
822.0146,0.945749,1.011801,0.918814,0.95445,0.063361,0.889155,0.955934,0.079523,0.879194,0.956371,0.086614,1.287068,1.006527,0.34136,,,,1.217074,1.00656,0.271376
822.1991,0.945252,1.011832,0.918814,0.95445,0.06318,0.889155,0.955934,0.079193,0.879194,0.956371,0.086253,1.287068,1.006527,0.341856,,,,1.217074,1.00656,0.271872
822.4117,0.940786,1.012106,0.918814,0.95445,0.061701,0.879164,0.956357,0.083097,0.869257,0.956787,0.090425,1.287068,1.006527,0.346326,,,,1.207127,1.006544,0.266399
822.6092,0.93038,1.012741,0.918814,0.95445,0.059427,0.859311,0.957191,0.090203,0.85933,0.9572,0.090183,1.287068,1.006527,0.356742,,,,1.207127,1.006544,0.276817
823.1912,0.93038,1.012741,0.918814,0.95445,0.059427,0.859311,0.957191,0.090203,0.85933,0.9572,0.090183,1.287068,1.006527,0.356742,,,,1.207127,1.006544,0.276817
823.2037,0.924446,1.013102,0.918814,0.95445,0.058921,0.849409,0.9576,0.093333,0.849428,0.957609,0.093313,1.287068,1.006527,0.362681,,,,1.187308,1.006507,0.262944
823.3999,0.902691,1.014414,0.918814,0.95445,0.062093,0.839508,0.958006,0.084699,0.829625,0.958416,0.092057,1.287068,1.006527,0.384458,,,,1.177398,1.006482,0.274821
823.601,0.898294,1.014677,0.918814,0.95445,0.063627,0.839508,0.958006,0.081654,0.829625,0.958416,0.088774,1.287068,1.006527,0.388859,,,,1.177398,1.006482,0.279224
823.7987,0.898294,1.014677,0.918814,0.95445,0.063627,0.839508,0.958006,0.081654,0.829625,0.958416,0.088774,1.287068,1.006527,0.388859,,,,1.177398,1.006482,0.279224
824.0076,0.889451,1.015206,0.918814,0.95445,0.067479,0.829606,0.958409,0.082506,0.829625,0.958416,0.082488,1.287068,1.006527,0.397712,,,,1.167488,1.006454,0.278175
824.2007,0.880096,1.015763,0.918814,0.95445,0.072515,0.819788,0.958804,0.082953,0.809902,0.959209,0.090141,1.287068,1.006527,0.407077,,,,1.157662,1.006422,0.277724
824.4115,0.872258,1.016228,0.918814,0.95445,0.077356,0.80017,0.959595,0.091673,0.800093,0.959604,0.091728,1.287068,1.006527,0.414923,,,,1.138028,1.006359,0.265953
824.6212,0.865421,1.016632,0.918814,0.95445,0.08196,0.80017,0.959595,0.086666,0.800093,0.959604,0.086718,1.287068,1.006527,0.421768,,,,1.138028,1.006359,0.2728
824.8831,0.864446,1.01669,0.918814,0.95445,0.082642,0.80017,0.959595,0.085972,0.790326,0.959994,0.093318,1.287068,1.006527,0.422744,,,,1.138028,1.006359,0.273777
824.9987,0.855184,1.017234,0.918814,0.95445,0.08939,0.780659,0.960368,0.093743,0.78057,0.960379,0.093807,1.287068,1.006527,0.432017,,,,1.11849,1.006279,0.263533
825.2064,0.851765,1.017435,0.918814,0.95445,0.091992,0.780659,0.960368,0.091174,0.78057,0.960379,0.091236,1.287068,1.006527,0.43544,,,,1.11849,1.006279,0.266958
825.4134,0.848335,1.017635,0.918814,0.95445,0.094655,0.780659,0.960368,0.088654,0.78057,0.960379,0.088715,1.287068,1.006527,0.438874,,,,1.11849,1.006279,0.270393
825.6148,0.839532,1.018149,0.787632,0.956184,0.080829,0.780659,0.960368,0.08249,0.787426,0.956187,0.080959,1.287068,1.006527,0.447687,,,,1.11849,1.006279,0.27921
826.1782,0.826392,1.018911,0.787632,0.956184,0.073736,0.780659,0.960368,0.074288,0.787426,0.956187,0.073843,1.287068,1.006527,0.460842,,,,1.11849,1.006279,0.292371
826.2024,0.816683,1.019471,0.787632,0.956184,0.069636,0.767932,0.956956,0.079277,0.767946,0.956952,0.079271,1.287068,1.006527,0.470563,,,,1.098978,1.006189,0.282607
826.4095,0.811347,1.019778,0.787632,0.956184,0.067872,0.767932,0.956956,0.076364,0.758227,0.95733,0.081985,1.287068,1.006527,0.475905,,,,1.089239,1.006138,0.278227
826.6155,0.807468,1.020001,0.787632,0.956184,0.066828,0.748573,0.95771,0.085725,0.748547,0.957706,0.085745,1.287068,1.006527,0.479789,,,,1.069866,1.00603,0.26277
826.8326,0.805061,1.020139,0.787632,0.956184,0.066287,0.748573,0.95771,0.084192,0.748547,0.957706,0.084212,1.287068,1.006527,0.482199,,,,1.069866,1.00603,0.265181
827.0063,0.800272,1.020414,0.787632,0.956184,0.065462,0.748573,0.95771,0.081269,0.748547,0.957706,0.081288,1.287068,1.006527,0.486994,,,,1.069866,1.00603,0.269978
827.2011,0.800272,1.020414,0.787632,0.956184,0.065462,0.748573,0.95771,0.081269,0.748547,0.957706,0.081288,1.287068,1.006527,0.486994,,,,1.069866,1.00603,0.269978
827.3985,0.795004,1.020716,0.787632,0.956184,0.064952,0.748573,0.95771,0.078267,0.748547,0.957706,0.078285,1.287068,1.006527,0.492268,,,,1.069866,1.00603,0.275254
827.6014,0.783982,1.021347,0.787632,0.956184,0.065265,0.738986,0.958084,0.077633,0.738961,0.958079,0.077651,1.287068,1.006527,0.503304,,,,1.060272,1.005977,0.276718
827.8041,0.783982,1.021347,0.787632,0.956184,0.065265,0.738986,0.958084,0.077633,0.738961,0.958079,0.077651,1.287068,1.006527,0.503304,,,,1.060272,1.005977,0.276718
827.9988,0.768655,1.022222,0.787632,0.956184,0.06871,0.729395,0.958457,0.074882,0.719766,0.958825,0.080058,1.287068,1.006527,0.51865,,,,1.041063,1.00587,0.272898
828.2037,0.762011,1.022601,0.787632,0.956184,0.071187,0.710308,0.959201,0.081809,0.710222,0.959196,0.081867,1.287068,1.006527,0.525303,,,,1.031512,1.005817,0.270023
828.4015,0.757788,1.022841,0.787632,0.956184,0.073032,0.710308,0.959201,0.0794,0.700827,0.959562,0.08514,1.287068,1.006527,0.529531,,,,1.02211,1.005765,0.264874
828.6013,0.755013,1.022998,0.787632,0.956184,0.074351,0.710308,0.959201,0.077901,0.700827,0.959562,0.083429,1.287068,1.006527,0.532309,,,,1.02211,1.005765,0.267652
828.8449,0.755013,1.022998,0.787632,0.956184,0.074351,0.710308,0.959201,0.077901,0.700827,0.959562,0.083429,1.287068,1.006527,0.532309,,,,1.02211,1.005765,0.267652
829.004,0.745818,1.023519,0.787632,0.956184,0.079262,0.700913,0.959567,0.078143,0.700827,0.959562,0.078197,1.287068,1.006527,0.541517,,,,1.02211,1.005765,0.276862
829.2006,0.737666,1.02398,0.787632,0.956184,0.084219,0.691684,0.959927,0.078849,0.682694,0.960267,0.084151,1.287068,1.006527,0.549679,,,,1.003964,1.005664,0.266927
829.4061,0.734475,1.02416,0.787632,0.956184,0.086292,0.691684,0.959927,0.077182,0.682694,0.960267,0.082242,1.287068,1.006527,0.552874,,,,1.003964,1.005664,0.270123
829.6018,0.726227,1.024626,0.787632,0.956184,0.09195,0.682617,0.960278,0.077733,0.673521,0.960623,0.082911,1.287068,1.006527,0.561133,,,,1.003964,1.005664,0.278383
829.9566,0.726227,1.024626,0.787632,0.956184,0.09195,0.682617,0.960278,0.077733,0.673521,0.960623,0.082911,1.287068,1.006527,0.561133,,,,1.003964,1.005664,0.278383
830.0043,0.714806,1.025269,0.787632,0.956184,0.100381,0.655283,0.961337,0.087351,0.655269,0.961333,0.087364,1.287068,1.006527,0.572569,,,,0.97661,1.005512,0.262549
830.1985,0.712538,1.025397,0.787632,0.956184,0.102125,0.655283,0.961337,0.085917,0.655269,0.961333,0.08593,1.287068,1.006527,0.57484,,,,0.97661,1.005512,0.26482
830.4017,0.710304,1.025522,0.787632,0.956184,0.103862,0.655283,0.961337,0.08454,0.655269,0.961333,0.084553,1.287068,1.006527,0.577077,,,,0.97661,1.005512,0.267057
830.5997,0.710304,1.025522,0.787632,0.956184,0.103862,0.655283,0.961337,0.08454,0.655269,0.961333,0.084553,1.287068,1.006527,0.577077,,,,0.97661,1.005512,0.267057
830.9261,0.710304,1.025522,0.787632,0.956184,0.103862,0.655283,0.961337,0.08454,0.655269,0.961333,0.084553,1.287068,1.006527,0.577077,,,,0.97661,1.005512,0.267057
830.9993,0.699246,1.026142,0.656909,0.94981,0.087287,0.655283,0.961337,0.078309,0.656811,0.949936,0.087224,1.287068,1.006527,0.588149,,,,0.97661,1.005512,0.27813
831.1985,0.693938,1.026439,0.656909,0.94981,0.085107,0.656648,0.949914,0.085127,0.64795,0.950095,0.089125,1.287068,1.006527,0.593464,,,,0.958886,1.005414,0.265781
831.3989,0.687793,1.026781,0.656909,0.94981,0.082936,0.656648,0.949914,0.082937,0.64795,0.950095,0.086419,1.287068,1.006527,0.599617,,,,0.958886,1.005414,0.271934
831.6019,0.680347,1.027195,0.656909,0.94981,0.080856,0.647874,0.950072,0.08368,0.64795,0.950095,0.08363,1.287068,1.006527,0.607073,,,,0.950111,1.005361,0.270646
831.9996,0.679909,1.027219,0.656909,0.94981,0.080754,0.647874,0.950072,0.083534,0.64795,0.950095,0.083484,1.287068,1.006527,0.607511,,,,0.950111,1.005361,0.271084
832.199,0.668119,1.027873,0.656909,0.94981,0.078864,0.639104,0.950231,0.082887,0.63041,0.950404,0.086159,1.287068,1.006527,0.619316,,,,0.941339,1.005308,0.27415
832.3984,0.668119,1.027873,0.656909,0.94981,0.078864,0.639104,0.950231,0.082887,0.63041,0.950404,0.086159,1.287068,1.006527,0.619316,,,,0.941339,1.005308,0.27415
832.6015,0.6651,1.028041,0.656909,0.94981,0.078659,0.639104,0.950231,0.082039,0.63041,0.950404,0.085035,1.287068,1.006527,0.622339,,,,0.941339,1.005308,0.277173
832.7992,0.66424,1.028089,0.656909,0.94981,0.078622,0.639104,0.950231,0.081816,0.63041,0.950404,0.084732,1.287068,1.006527,0.623201,,,,0.941339,1.005308,0.278034
832.9992,0.653492,1.02869,0.656909,0.94981,0.078955,0.630404,0.950388,0.081636,0.62171,0.950558,0.084349,1.287068,1.006527,0.633964,,,,0.932638,1.005256,0.280128
833.1996,0.650912,1.028835,0.656909,0.94981,0.079253,0.621795,0.950547,0.083527,0.604492,0.950872,0.090737,1.287068,1.006527,0.636547,,,,0.924028,1.005209,0.274136
833.4388,0.641883,1.029343,0.656909,0.94981,0.08094,0.613186,0.95071,0.083707,0.595883,0.951032,0.090822,1.287068,1.006527,0.645588,,,,0.906807,1.005118,0.266029
833.5983,0.631696,1.029922,0.656909,0.94981,0.083986,0.604577,0.950874,0.083571,0.587407,0.951193,0.090331,1.287068,1.006527,0.655789,,,,0.89833,1.005078,0.267789
833.7999,0.62749,1.030164,0.656909,0.94981,0.085571,0.587743,0.951199,0.088404,0.57899,0.95136,0.092533,1.287068,1.006527,0.660002,,,,0.889911,1.005046,0.263621
833.999,0.622519,1.030453,0.656909,0.94981,0.08767,0.587743,0.951199,0.086548,0.57899,0.95136,0.09028,1.287068,1.006527,0.66498,,,,0.889911,1.005046,0.268597
834.1984,0.622111,1.030477,0.656909,0.94981,0.087853,0.587743,0.951199,0.086407,0.57899,0.95136,0.090105,1.287068,1.006527,0.665388,,,,0.889911,1.005046,0.269005
834.3995,0.608652,1.031274,0.656909,0.94981,0.094684,0.579582,0.951371,0.085027,0.57083,0.951529,0.088259,1.287068,1.006527,0.678867,,,,0.881749,1.005022,0.274356
834.5983,0.608652,1.031274,0.656909,0.94981,0.094684,0.579582,0.951371,0.085027,0.57083,0.951529,0.088259,1.287068,1.006527,0.678867,,,,0.881749,1.005022,0.274356
834.91,0.608652,1.031274,0.656909,0.94981,0.094684,0.579582,0.951371,0.085027,0.57083,0.951529,0.088259,1.287068,1.006527,0.678867,,,,0.881749,1.005022,0.274356
835.0449,0.594678,1.032124,0.656909,0.94981,0.103191,0.563126,0.951734,0.086361,0.554373,0.951887,0.089792,1.287068,1.006527,0.692862,,,,0.873587,1.005006,0.280224
835.1985,0.587773,1.032554,0.656909,0.94981,0.107826,0.554949,0.951931,0.087049,0.546196,0.952081,0.090579,1.287068,1.006527,0.699779,,,,0.857228,1.00499,0.270861
835.3984,0.584133,1.032784,0.656909,0.94981,0.110368,0.554949,0.951931,0.085958,0.538085,0.952283,0.092741,1.287068,1.006527,0.703425,,,,0.857228,1.00499,0.274506
835.5996,0.584133,1.032784,0.656909,0.94981,0.110368,0.554949,0.951931,0.085958,0.538085,0.952283,0.092741,1.287068,1.006527,0.703425,,,,0.857228,1.00499,0.274506
835.9087,0.584133,1.032784,0.656909,0.94981,0.110368,0.554949,0.951931,0.085958,0.538085,0.952283,0.092741,1.287068,1.006527,0.703425,,,,0.857228,1.00499,0.274506
836.008,0.570433,1.033664,0.532901,0.962146,0.080768,0.533066,0.962026,0.080798,0.538085,0.952283,0.087575,0.794148,1.032851,0.223717,,,,0.794165,1.032842,0.223733
836.2056,0.562373,1.034194,0.532901,0.962146,0.077843,0.517503,0.962528,0.084554,0.532687,0.961895,0.078157,0.794148,1.032851,0.231779,,,,0.794165,1.032842,0.231795
836.422,0.55627,1.0346,0.532901,0.962146,0.076129,0.517503,0.962528,0.081837,0.532687,0.961895,0.076434,0.794148,1.032851,0.237885,,,,0.794165,1.032842,0.237901
836.6108,0.546606,1.035252,0.532901,0.962146,0.074379,0.494399,0.963344,0.088861,0.517333,0.962392,0.07852,0.794148,1.032851,0.247554,,,,0.778828,1.03372,0.232228
836.8286,0.546606,1.035252,0.532901,0.962146,0.074379,0.494399,0.963344,0.088861,0.517333,0.962392,0.07852,0.794148,1.032851,0.247554,,,,0.771085,1.034177,0.224482
837.0187,0.543905,1.035436,0.532901,0.962146,0.074111,0.494399,0.963344,0.087453,0.509581,0.962656,0.080467,0.794148,1.032851,0.250257,,,,0.771085,1.034177,0.227183
837.2085,0.538178,1.03583,0.532901,0.962146,0.073872,0.494399,0.963344,0.08468,0.509581,0.962656,0.078563,0.794148,1.032851,0.255987,,,,0.771085,1.034177,0.232912
837.4108,0.530929,1.036334,0.532901,0.962146,0.074215,0.494399,0.963344,0.081621,0.509581,0.962656,0.076708,0.794148,1.032851,0.263243,,,,0.771085,1.034177,0.240166
837.5997,0.526726,1.03663,0.532901,0.962146,0.07474,0.486764,0.96363,0.083222,0.49431,0.963193,0.080273,0.794148,1.032851,0.267449,,,,0.763458,1.034635,0.23674
837.837,0.526726,1.03663,0.532901,0.962146,0.07474,0.486764,0.96363,0.083222,0.49431,0.963193,0.080273,0.794148,1.032851,0.267449,,,,0.763458,1.034635,0.23674
838.0015,0.514819,1.03748,0.532901,0.962146,0.077474,0.471442,0.964228,0.085132,0.486621,0.963479,0.079191,0.794148,1.032851,0.279368,,,,0.740474,1.036053,0.22566
838.2011,0.507581,1.03801,0.532901,0.962146,0.079978,0.463754,0.96454,0.085549,0.478933,0.963772,0.079574,0.794148,1.032851,0.286614,,,,0.740474,1.036053,0.232901
838.4008,0.507201,1.038039,0.532901,0.962146,0.080126,0.463754,0.96454,0.08538,0.478933,0.963772,0.079464,0.794148,1.032851,0.286995,,,,0.740474,1.036053,0.233282
838.6009,0.506054,1.038125,0.532901,0.962146,0.080583,0.463754,0.96454,0.084877,0.478933,0.963772,0.079144,0.794148,1.032851,0.288143,,,,0.740474,1.036053,0.234429
838.7992,0.506054,1.038125,0.532901,0.962146,0.080583,0.463754,0.96454,0.084877,0.478933,0.963772,0.079144,0.794148,1.032851,0.288143,,,,0.740474,1.036053,0.234429
838.9983,0.496678,1.038858,0.532901,0.962146,0.084835,0.456166,0.964854,0.084367,0.471344,0.964069,0.078964,0.794148,1.032851,0.297531,,,,0.732894,1.036538,0.236228
839.1984,0.492759,1.039179,0.532901,0.962146,0.086865,0.456166,0.964854,0.082846,0.471344,0.964069,0.078104,0.794148,1.032851,0.301456,,,,0.732894,1.036538,0.24015
839.4021,0.485249,1.039822,0.532901,0.962146,0.091129,0.448354,0.965201,0.083244,0.455719,0.964726,0.080693,0.794148,1.032851,0.308978,,,,0.71729,1.037583,0.232053
839.6239,0.479661,1.040325,0.532901,0.962146,0.094586,0.440544,0.965584,0.084359,0.44776,0.965135,0.081678,0.794148,1.032851,0.314576,,,,0.709344,1.03819,0.229694
839.9297,0.479661,1.040325,0.532901,0.962146,0.094586,0.440544,0.965584,0.084359,0.44776,0.965135,0.081678,0.794148,1.032851,0.314576,,,,0.709344,1.03819,0.229694
840.0124,0.472422,1.041011,0.532901,0.962146,0.099386,0.432587,0.966011,0.084922,0.439768,0.965589,0.082187,0.794148,1.032851,0.32183,,,,0.701366,1.038841,0.228955
840.2486,0.468805,1.041369,0.532901,0.962146,0.101905,0.416577,0.966957,0.090911,0.431765,0.966092,0.083896,0.794148,1.032851,0.325455,,,,0.701366,1.038841,0.232575
840.3983,0.468805,1.041369,0.532901,0.962146,0.101905,0.416577,0.966957,0.090911,0.431765,0.966092,0.083896,0.794148,1.032851,0.325455,,,,0.701366,1.038841,0.232575
840.6044,0.466794,1.041572,0.532901,0.962146,0.103338,0.416577,0.966957,0.08994,0.431765,0.966092,0.083212,0.794148,1.032851,0.327471,,,,0.701366,1.038841,0.234588
841.0154,0.466794,1.041572,0.532901,0.962146,0.103338,0.416577,0.966957,0.08994,0.431765,0.966092,0.083212,0.794148,1.032851,0.327471,,,,0.701366,1.038841,0.234588
841.1999,0.454632,1.042882,0.415001,0.975938,0.077796,0.416577,0.966957,0.084929,0.415072,0.975793,0.077885,0.794148,1.032851,0.339664,,,,0.685254,1.040257,0.230637
841.3983,0.453012,1.043067,0.415001,0.975938,0.077144,0.416577,0.966957,0.084382,0.415072,0.975793,0.077236,0.794148,1.032851,0.341289,,,,0.685254,1.040257,0.232259
841.6014,0.450976,1.043304,0.415001,0.975938,0.07637,0.414767,0.975697,0.076693,0.407007,0.976474,0.079996,0.794148,1.032851,0.343331,,,,0.677204,1.041087,0.226239
841.9462,0.450976,1.043304,0.415001,0.975938,0.07637,0.414767,0.975697,0.076693,0.407007,0.976474,0.079996,0.794148,1.032851,0.343331,,,,0.677204,1.041087,0.226239
841.9987,0.445205,1.043995,0.415001,0.975938,0.074458,0.414767,0.975697,0.074773,0.407007,0.976474,0.077576,0.794148,1.032851,0.349121,,,,0.677204,1.041087,0.232017
842.2098,0.435368,1.045249,0.415001,0.975938,0.072241,0.406556,0.976395,0.074639,0.398802,0.977232,0.077224,0.794148,1.032851,0.358994,,,,0.669014,1.041996,0.233668
842.3986,0.428456,1.046193,0.415001,0.975938,0.071532,0.390416,0.977895,0.078177,0.382673,0.978847,0.081435,0.794148,1.032851,0.365936,,,,0.652918,1.043909,0.224473
842.6008,0.428456,1.046193,0.415001,0.975938,0.071532,0.390416,0.977895,0.078177,0.382673,0.978847,0.081435,0.794148,1.032851,0.365936,,,,0.652918,1.043909,0.224473
842.8154,0.428456,1.046193,0.415001,0.975938,0.071532,0.390416,0.977895,0.078177,0.382673,0.978847,0.081435,0.794148,1.032851,0.365936,,,,0.652918,1.043909,0.224473
842.9994,0.426835,1.046422,0.415001,0.975938,0.071471,0.390416,0.977895,0.077604,0.382673,0.978847,0.080727,0.794148,1.032851,0.367564,,,,0.652918,1.043909,0.226096
843.1992,0.423213,1.046946,0.415001,0.975938,0.071481,0.390416,0.977895,0.076444,0.382673,0.978847,0.079253,0.794148,1.032851,0.371203,,,,0.652918,1.043909,0.229724
843.4174,0.416783,1.047918,0.415001,0.975938,0.072002,0.390416,0.977895,0.074822,0.382673,0.978847,0.077034,0.794148,1.032851,0.377666,,,,0.652918,1.043909,0.236169
843.599,0.412767,1.048552,0.415001,0.975938,0.072648,0.390416,0.977895,0.074108,0.382673,0.978847,0.075924,0.794148,1.032851,0.381704,,,,0.652918,1.043909,0.240195
843.8058,0.412767,1.048552,0.415001,0.975938,0.072648,0.390416,0.977895,0.074108,0.382673,0.978847,0.075924,0.794148,1.032851,0.381704,,,,0.652918,1.043909,0.240195
844.003,0.403995,1.050011,0.415001,0.975938,0.074886,0.366679,0.980693,0.078724,0.358847,0.981829,0.081774,0.794148,1.032851,0.390531,,,,0.62926,1.047315,0.225281
844.2139,0.400034,1.050704,0.415001,0.975938,0.076249,0.366679,0.980693,0.07755,0.358847,0.981829,0.08025,0.794148,1.032851,0.394519,,,,0.62926,1.047315,0.229251
844.4185,0.394866,1.05164,0.415001,0.975938,0.078334,0.366679,0.980693,0.076341,0.358847,0.981829,0.078555,0.794148,1.032851,0.399724,,,,0.62926,1.047315,0.234434
844.5987,0.387793,1.052984,0.415001,0.975938,0.081709,0.366679,0.980693,0.075311,0.343396,0.984145,0.081914,0.794148,1.032851,0.406854,,,,0.613699,1.050027,0.225926
844.8023,0.387793,1.052984,0.415001,0.975938,0.081709,0.358776,0.98182,0.076852,0.343396,0.984145,0.081914,0.794148,1.032851,0.406854,,,,0.613699,1.050027,0.225926
845.0025,0.38702,1.053135,0.415001,0.975938,0.082111,0.358776,0.98182,0.076704,0.343396,0.984145,0.081626,0.794148,1.032851,0.407633,,,,0.613699,1.050027,0.226701
845.1987,0.38702,1.053135,0.415001,0.975938,0.082111,0.358776,0.98182,0.076704,0.343396,0.984145,0.081626,0.794148,1.032851,0.407633,,,,0.613699,1.050027,0.226701
845.3992,0.380816,1.054384,0.415001,0.975938,0.085571,0.351054,0.983006,0.077334,0.343396,0.984145,0.079585,0.794148,1.032851,0.413893,,,,0.613699,1.050027,0.232924
845.5992,0.374232,1.055776,0.415001,0.975938,0.089645,0.351054,0.983006,0.076371,0.343396,0.984145,0.077986,0.794148,1.032851,0.420542,,,,0.613699,1.050027,0.239537
845.8531,0.374232,1.055776,0.415001,0.975938,0.089645,0.351054,0.983006,0.076371,0.343396,0.984145,0.077986,0.794148,1.032851,0.420542,,,,0.613699,1.050027,0.239537
846.0029,0.374232,1.055776,0.415001,0.975938,0.089645,0.351054,0.983006,0.076371,0.343396,0.984145,0.077986,0.794148,1.032851,0.420542,,,,0.613699,1.050027,0.239537
846.2142,0.37078,1.056533,0.415001,0.975938,0.091929,0.343347,0.984281,0.077285,0.335699,0.985479,0.079242,0.794148,1.032851,0.42403,,,,0.606027,1.051499,0.235301
846.4257,0.365588,1.057713,0.415001,0.975938,0.095544,0.343347,0.984281,0.076726,0.328054,0.986898,0.080147,0.794148,1.032851,0.429281,,,,0.598409,1.053054,0.232868
846.6026,0.362633,1.058406,0.415001,0.975938,0.09769,0.335692,0.98564,0.077593,0.328054,0.986898,0.07943,0.794148,1.032851,0.432272,,,,0.598409,1.053054,0.235838
846.9404,0.362633,1.058406,0.415001,0.975938,0.09769,0.335692,0.98564,0.077593,0.328054,0.986898,0.07943,0.794148,1.032851,0.432272,,,,0.598409,1.053054,0.235838
847.0039,0.362633,1.058406,0.415001,0.975938,0.09769,0.335692,0.98564,0.077593,0.328054,0.986898,0.07943,0.794148,1.032851,0.432272,,,,0.598409,1.053054,0.235838
847.2164,0.356364,1.05993,0.415001,0.975938,0.102435,0.321005,0.988432,0.079763,0.320722,0.988351,0.079962,0.794148,1.032851,0.438621,,,,0.591104,1.054637,0.2348
847.3989,0.3505,1.061421,0.415001,0.975938,0.107087,0.313783,0.989998,0.080308,0.313409,0.989898,0.080568,0.794148,1.032851,0.444567,,,,0.58382,1.056315,0.233376
847.6023,0.3505,1.061421,0.415001,0.975938,0.107087,0.313783,0.989998,0.080308,0.313409,0.989898,0.080568,0.794148,1.032851,0.444567,,,,0.58382,1.056315,0.233376
848.0632,0.3505,1.061421,0.415001,0.975938,0.107087,0.313783,0.989998,0.080308,0.313409,0.989898,0.080568,0.794148,1.032851,0.444567,,,,0.58382,1.056315,0.233376
848.199,0.337919,1.064864,0.415001,0.975938,0.117684,0.306863,0.991595,0.079579,0.29955,0.993016,0.081451,0.794148,1.032851,0.457352,,,,0.576641,1.058065,0.238819
848.4193,0.337919,1.064864,0.415001,0.975938,0.117684,0.306863,0.991595,0.079579,0.29955,0.993016,0.081451,0.794148,1.032851,0.457352,,,,0.576641,1.058065,0.238819
848.5998,0.337919,1.064864,0.415001,0.975938,0.117684,0.306863,0.991595,0.079579,0.29955,0.993016,0.081451,0.794148,1.032851,0.457352,,,,0.576641,1.058065,0.238819
848.8187,0.337919,1.064864,0.415001,0.975938,0.117684,0.306863,0.991595,0.079579,0.29955,0.993016,0.081451,0.794148,1.032851,0.457352,,,,0.576641,1.058065,0.238819
849.0247,0.334086,1.065984,0.299651,0.986532,0.086593,0.306863,0.991595,0.079213,0.29955,0.993016,0.080727,0.794148,1.032851,0.461254,,,,0.562857,1.061621,0.228813
849.2202,0.326416,1.068323,0.299651,0.986532,0.086059,0.292737,0.988346,0.086779,0.299596,0.986627,0.085985,0.794148,1.032851,0.469076,,,,0.555982,1.063609,0.229615
849.4106,0.326416,1.068323,0.299651,0.986532,0.086059,0.292737,0.988346,0.086779,0.299596,0.986627,0.085985,0.794148,1.032851,0.469076,,,,0.555982,1.063609,0.229615
849.599,0.325392,1.068645,0.299651,0.986532,0.086054,0.292737,0.988346,0.086685,0.299596,0.986627,0.085979,0.794148,1.032851,0.470121,,,,0.555982,1.063609,0.230645
849.9253,0.325392,1.068645,0.299651,0.986532,0.086054,0.292737,0.988346,0.086685,0.299596,0.986627,0.085979,0.794148,1.032851,0.470121,,,,0.555982,1.063609,0.230645
849.9985,0.315635,1.071851,0.299651,0.986532,0.086804,0.279214,0.991842,0.087909,0.279122,0.991823,0.087965,0.794148,1.032851,0.4801,,,,0.549358,1.065628,0.233806
850.2022,0.315635,1.071851,0.299651,0.986532,0.086804,0.279214,0.991842,0.087909,0.279122,0.991823,0.087965,0.794148,1.032851,0.4801,,,,0.549358,1.065628,0.233806
850.4038,0.311084,1.073433,0.299651,0.986532,0.08765,0.279214,0.991842,0.087594,0.279122,0.991823,0.087646,0.794148,1.032851,0.484766,,,,0.549358,1.065628,0.238401
850.6034,0.304655,1.075769,0.299651,0.986532,0.089378,0.27279,0.99372,0.08802,0.272699,0.993703,0.088069,0.794148,1.032851,0.491372,,,,0.536616,1.06973,0.23204
850.9418,0.304655,1.075769,0.299651,0.986532,0.089378,0.27279,0.99372,0.08802,0.272699,0.993703,0.088069,0.794148,1.032851,0.491372,,,,0.536616,1.06973,0.23204
851.0018,0.304655,1.075769,0.299651,0.986532,0.089378,0.27279,0.99372,0.08802,0.272699,0.993703,0.088069,0.794148,1.032851,0.491372,,,,0.536616,1.06973,0.23204
851.1989,0.304655,1.075769,0.299651,0.986532,0.089378,0.27279,0.99372,0.08802,0.272699,0.993703,0.088069,0.794148,1.032851,0.491372,,,,0.536616,1.06973,0.23204
851.408,0.303053,1.07637,0.299651,0.986532,0.089903,0.27279,0.99372,0.088017,0.272699,0.993703,0.088064,0.794148,1.032851,0.493019,,,,0.536616,1.06973,0.233657
851.6164,0.298905,1.077961,0.299651,0.986532,0.091433,0.266398,0.995703,0.088448,0.266307,0.995689,0.088494,0.794148,1.032851,0.497294,,,,0.536616,1.06973,0.237854
851.8173,0.298589,1.078084,0.299651,0.986532,0.091559,0.266398,0.995703,0.088447,0.266307,0.995689,0.088493,0.794148,1.032851,0.49762,,,,0.536616,1.06973,0.238174
852.0062,0.294179,1.079837,0.299651,0.986532,0.093466,0.266398,0.995703,0.088602,0.266307,0.995689,0.088644,0.794148,1.032851,0.502173,,,,0.530317,1.071991,0.236269
852.2042,0.284093,1.084084,0.299651,0.986532,0.098785,0.254105,0.999743,0.089514,0.260009,0.997762,0.089619,0.794148,1.032851,0.512622,,,,0.524114,1.074334,0.240219
852.3984,0.284093,1.084084,0.299651,0.986532,0.098785,0.254105,0.999743,0.089514,0.260009,0.997762,0.089619,0.794148,1.032851,0.512622,,,,0.524114,1.074334,0.240219
852.5988,0.28379,1.084217,0.299651,0.986532,0.098965,0.254105,0.999743,0.089539,0.253898,0.999886,0.089472,0.794148,1.032851,0.512937,,,,0.518101,1.076721,0.234431
852.975,0.28379,1.084217,0.299651,0.986532,0.098965,0.254105,0.999743,0.089539,0.253898,0.999886,0.089472,0.794148,1.032851,0.512937,,,,0.518101,1.076721,0.234431
852.9983,0.28379,1.084217,0.299651,0.986532,0.098965,0.248033,1.001978,0.089676,0.253898,0.999886,0.089472,0.794148,1.032851,0.512937,,,,0.518101,1.076721,0.234431
853.2005,0.280338,1.085756,0.299651,0.986532,0.101087,0.248033,1.001978,0.089791,0.253898,0.999886,0.089849,0.794148,1.032851,0.516526,,,,0.518101,1.076721,0.237934
853.3988,0.275503,1.087991,0.299651,0.986532,0.104294,0.242347,1.004186,0.090126,0.242447,1.004095,0.090174,0.794148,1.032851,0.521569,,,,0.51213,1.079214,0.23679
853.6062,0.270137,1.090581,0.238483,0.999876,0.09607,0.236699,1.006501,0.090485,0.242447,1.004095,0.090811,0.794148,1.032851,0.527182,,,,0.506544,1.081662,0.236574
853.7997,0.265934,1.092692,0.238483,0.999876,0.096791,0.238409,1.000017,0.096676,0.238409,1.000014,0.09668,0.794148,1.032851,0.531593,,,,0.500999,1.084217,0.235218
854.0266,0.26189,1.094796,0.238483,0.999876,0.097764,0.238409,1.000017,0.097644,0.238409,1.000014,0.097648,0.794148,1.032851,0.535851,,,,0.500999,1.084217,0.239344
854.1984,0.256588,1.097671,0.238483,0.999876,0.099457,0.232957,1.002153,0.098397,0.232957,1.00215,0.098401,0.794148,1.032851,0.541454,,,,0.490457,1.089316,0.234018
854.4009,0.256588,1.097671,0.238483,0.999876,0.099457,0.232957,1.002153,0.098397,0.232957,1.00215,0.098401,0.794148,1.032851,0.541454,,,,0.490457,1.089316,0.234018
854.6046,0.256324,1.097817,0.238483,0.999876,0.099553,0.232957,1.002153,0.098476,0.232957,1.00215,0.09848,0.794148,1.032851,0.541733,,,,0.485289,1.09207,0.229037
854.8058,0.256324,1.097817,0.238483,0.999876,0.099553,0.232957,1.002153,0.098476,0.232957,1.00215,0.09848,0.794148,1.032851,0.541733,,,,0.485289,1.09207,0.229037
855.0016,0.256324,1.097817,0.238483,0.999876,0.099553,0.232957,1.002153,0.098476,0.232957,1.00215,0.09848,0.794148,1.032851,0.541733,,,,0.485289,1.09207,0.229037
855.2014,0.250869,1.100931,0.238483,0.999876,0.101811,0.232957,1.002153,0.100388,0.232957,1.00215,0.100392,0.794148,1.032851,0.547528,,,,0.485289,1.09207,0.234588
855.3984,0.249158,1.101941,0.238483,0.999876,0.102622,0.227548,1.004396,0.09991,0.222802,1.00636,0.099148,0.794148,1.032851,0.549353,,,,0.48049,1.09475,0.231444
855.6164,0.244067,1.105044,0.238483,0.999876,0.105316,0.217477,1.008804,0.099846,0.222802,1.00636,0.100949,0.794148,1.032851,0.554798,,,,0.48049,1.09475,0.236647
856.0513,0.243345,1.105496,0.238483,0.999876,0.105732,0.217477,1.008804,0.100093,0.222802,1.00636,0.101242,0.794148,1.032851,0.555573,,,,0.48049,1.09475,0.237389
856.2187,0.238438,1.108653,0.238483,0.999876,0.108777,0.217477,1.008804,0.102025,0.217814,1.00867,0.102089,0.794148,1.032851,0.560857,,,,0.475747,1.097527,0.23757
856.3982,0.233779,1.111796,0.238483,0.999876,0.112018,0.212536,1.011211,0.102803,0.208511,1.013209,0.101773,0.794148,1.032851,0.565903,,,,0.47106,1.100399,0.237555
856.606,0.232902,1.112404,0.238483,0.999876,0.112667,0.207929,1.013571,0.101939,0.208511,1.013209,0.10215,0.794148,1.032851,0.566857,,,,0.466703,1.103193,0.233983
856.7984,0.232902,1.112404,0.238483,0.999876,0.112667,0.207929,1.013571,0.101939,0.208511,1.013209,0.10215,0.794148,1.032851,0.566857,,,,0.466703,1.103193,0.233983
856.9984,0.228234,1.115741,0.238483,0.999876,0.116318,0.203392,1.016017,0.102772,0.200162,1.017721,0.101961,0.794148,1.032851,0.571953,,,,0.462423,1.106065,0.234389
857.2027,0.226449,1.117064,0.238483,0.999876,0.117805,0.203392,1.016017,0.103645,0.200162,1.017721,0.102762,0.377539,1.064495,0.159974,,,,0.462423,1.106065,0.23623
857.4011,0.220059,1.122027,0.198103,1.045463,0.079649,0.197834,1.044682,0.080475,0.197808,1.04455,0.080609,0.377539,1.064495,0.167659,,,,0.368299,1.066304,0.158367
857.6276,0.220059,1.122027,0.198103,1.045463,0.079649,0.197834,1.044682,0.080475,0.197808,1.04455,0.080609,0.377539,1.064495,0.167659,,,,0.368299,1.066304,0.158367
857.8268,0.220059,1.122027,0.198103,1.045463,0.079649,0.197834,1.044682,0.080475,0.197808,1.04455,0.080609,0.377539,1.064495,0.167659,,,,0.368299,1.066304,0.158367
857.9986,0.215172,1.126086,0.198103,1.045463,0.08241,0.193915,1.047274,0.081628,0.193889,1.047142,0.081762,0.377539,1.064495,0.173656,,,,0.368299,1.066304,0.164383
858.1982,0.214102,1.127007,0.198103,1.045463,0.083099,0.193915,1.047274,0.082249,0.193889,1.047142,0.082384,0.377539,1.064495,0.174984,,,,0.368299,1.066304,0.165716
858.3996,0.213924,1.127161,0.198103,1.045463,0.083216,0.190208,1.049844,0.080873,0.190182,1.049711,0.081008,0.377539,1.064495,0.175205,,,,0.363915,1.067363,0.161472
858.6022,0.213924,1.127161,0.198103,1.045463,0.083216,0.190208,1.049844,0.080873,0.190182,1.049711,0.081008,0.377539,1.064495,0.175205,,,,0.363915,1.067363,0.161472
859.0374,0.213924,1.127161,0.198103,1.045463,0.083216,0.190208,1.049844,0.080873,0.190182,1.049711,0.081008,0.377539,1.064495,0.175205,,,,0.363915,1.067363,0.161472
859.2022,0.208916,1.131671,0.198103,1.045463,0.086883,0.186582,1.052477,0.082283,0.183781,1.054358,0.081297,0.377539,1.064495,0.181511,,,,0.359583,1.06851,0.16337
859.3982,0.204852,1.135587,0.179088,1.065135,0.075015,0.179045,1.06476,0.075382,0.179049,1.064745,0.075395,0.377539,1.064495,0.186748,,,,0.355783,1.069606,0.164723
859.5983,0.204148,1.136291,0.179088,1.065135,0.07544,0.176124,1.067191,0.074566,0.176128,1.067175,0.074579,0.377539,1.064495,0.187667,,,,0.348529,1.071875,0.158099
860.0374,0.204148,1.136291,0.179088,1.065135,0.07544,0.176124,1.067191,0.074566,0.176128,1.067175,0.074579,0.377539,1.064495,0.187667,,,,0.348529,1.071875,0.158099
860.2198,0.200222,1.140373,0.179088,1.065135,0.07815,0.176124,1.067191,0.077048,0.176128,1.067175,0.077061,0.377539,1.064495,0.19287,,,,0.345177,1.073091,0.159809
860.4004,0.200222,1.140373,0.179088,1.065135,0.07815,0.176124,1.067191,0.077048,0.176128,1.067175,0.077061,0.377539,1.064495,0.19287,,,,0.345177,1.073091,0.159809
860.5995,0.199358,1.14131,0.179088,1.065135,0.078826,0.173435,1.069532,0.076316,0.173439,1.069517,0.076329,0.377539,1.064495,0.194034,,,,0.341965,1.074339,0.15755
860.7991,0.199358,1.14131,0.179088,1.065135,0.078826,0.173435,1.069532,0.076316,0.173439,1.069517,0.076329,0.377539,1.064495,0.194034,,,,0.341965,1.074339,0.15755
861.0016,0.199358,1.14131,0.179088,1.065135,0.078826,0.173435,1.069532,0.076316,0.173439,1.069517,0.076329,0.377539,1.064495,0.194034,,,,0.341965,1.074339,0.15755
861.2126,0.19728,1.143635,0.179088,1.065135,0.08058,0.170888,1.071853,0.076479,0.170892,1.071838,0.076492,0.377539,1.064495,0.196866,,,,0.341965,1.074339,0.160423
861.4015,0.196474,1.144566,0.179088,1.065135,0.081312,0.170888,1.071853,0.077083,0.170892,1.071838,0.077096,0.377539,1.064495,0.197979,,,,0.341965,1.074339,0.161553
861.6039,0.196073,1.145035,0.179088,1.065135,0.081686,0.170888,1.071853,0.077395,0.170892,1.071838,0.077408,0.377539,1.064495,0.198536,,,,0.341965,1.074339,0.162118
861.8304,0.196073,1.145035,0.179088,1.065135,0.081686,0.170888,1.071853,0.077395,0.170892,1.071838,0.077408,0.377539,1.064495,0.198536,,,,0.341965,1.074339,0.162118
861.9996,0.19334,1.148361,0.156317,1.075904,0.081368,0.154589,1.078114,0.080227,0.154589,1.078113,0.080228,0.377539,1.064495,0.202393,,,,0.334089,1.077749,0.157469
862.218,0.193054,1.148721,0.156317,1.075904,0.08156,0.154589,1.078114,0.080406,0.154589,1.078113,0.080406,0.377539,1.064495,0.202802,,,,0.334089,1.077749,0.157886
862.4021,0.191575,1.150637,0.156317,1.075904,0.082633,0.15293,1.07996,0.080552,0.15293,1.079959,0.080553,0.377539,1.064495,0.204946,,,,0.331869,1.078857,0.15759
862.6033,0.190464,1.152131,0.156317,1.075904,0.083526,0.15293,1.07996,0.081348,0.15293,1.079959,0.081349,0.377539,1.064495,0.206584,,,,0.331869,1.078857,0.159262
862.8206,0.190464,1.152131,0.156317,1.075904,0.083526,0.15293,1.07996,0.081348,0.15293,1.079959,0.081349,0.377539,1.064495,0.206584,,,,0.331869,1.078857,0.159262
863.0144,0.190391,1.152231,0.156317,1.075904,0.083588,0.151426,1.081715,0.080566,0.151425,1.081714,0.080566,0.377539,1.064495,0.206693,,,,0.329824,1.079937,0.157061
863.1991,0.190391,1.152231,0.156317,1.075904,0.083588,0.151426,1.081715,0.080566,0.151425,1.081714,0.080566,0.377539,1.064495,0.206693,,,,0.329824,1.079937,0.157061
863.4104,0.190391,1.152231,0.156317,1.075904,0.083588,0.151426,1.081715,0.080566,0.151425,1.081714,0.080566,0.377539,1.064495,0.206693,,,,0.329824,1.079937,0.157061
863.6033,0.189717,1.153167,0.156317,1.075904,0.084173,0.151426,1.081715,0.081065,0.151425,1.081714,0.081066,0.377539,1.064495,0.207701,,,,0.329824,1.079937,0.15809
863.8528,0.189717,1.153167,0.156317,1.075904,0.084173,0.151426,1.081715,0.081065,0.151425,1.081714,0.081066,0.377539,1.064495,0.207701,,,,0.329824,1.079937,0.15809
863.9996,0.188578,1.154812,0.156317,1.075904,0.085248,0.150293,1.083101,0.08129,0.150292,1.083101,0.081291,0.377539,1.064495,0.209436,,,,0.328262,1.080811,0.158075
864.2041,0.188466,1.154977,0.157271,1.107827,0.056536,0.150293,1.083101,0.081384,0.150292,1.083101,0.081385,0.377539,1.064495,0.209608,,,,0.328262,1.080811,0.158252
864.4115,0.186926,1.157348,0.157271,1.107827,0.057722,0.150293,1.083101,0.082793,0.150292,1.083101,0.082793,0.377539,1.064495,0.212025,,,,0.325008,1.082731,0.156953
864.5983,0.186926,1.157348,0.157271,1.107827,0.057722,0.156825,1.106811,0.058822,0.156825,1.106811,0.058822,0.377539,1.064495,0.212025,,,,0.325008,1.082731,0.156953
864.9162,0.186926,1.157348,0.157271,1.107827,0.057722,0.156825,1.106811,0.058822,0.156825,1.106811,0.058822,0.377539,1.064495,0.212025,,,,0.325008,1.082731,0.156953
864.9999,0.185286,1.160095,0.157271,1.107827,0.059303,0.156021,1.107932,0.059812,0.156021,1.107932,0.059812,0.377539,1.064495,0.214711,,,,0.325008,1.082731,0.15971
865.1989,0.185208,1.160234,0.157271,1.107827,0.059388,0.156021,1.107932,0.059895,0.156021,1.107932,0.059895,0.377539,1.064495,0.214842,,,,0.325008,1.082731,0.159846
865.4007,0.185052,1.160512,0.157271,1.107827,0.059561,0.156021,1.107932,0.060062,0.156021,1.107932,0.060063,0.377539,1.064495,0.215105,,,,0.322701,1.084244,0.157366
865.6006,0.185052,1.160512,0.157271,1.107827,0.059561,0.156021,1.107932,0.060062,0.156021,1.107932,0.060063,0.377539,1.064495,0.215105,,,,0.322701,1.084244,0.157366
865.8291,0.185052,1.160512,0.157271,1.107827,0.059561,0.156021,1.107932,0.060062,0.156021,1.107932,0.060063,0.377539,1.064495,0.215105,,,,0.322701,1.084244,0.157366
866.0009,0.184204,1.162095,0.157271,1.107827,0.060584,0.154796,1.109725,0.060063,0.154796,1.109725,0.060063,0.377539,1.064495,0.216573,,,,0.321822,1.084882,0.157799
866.206,0.184027,1.162442,0.150781,1.108477,0.063385,0.154796,1.109725,0.060279,0.154796,1.109725,0.060279,0.377539,1.064495,0.216888,,,,0.321822,1.084882,0.158124
866.3987,0.183596,1.163315,0.150781,1.108477,0.063906,0.15091,1.108654,0.063688,0.15091,1.108654,0.063688,0.377539,1.064495,0.217668,,,,0.320959,1.085541,0.157853
866.6149,0.183235,1.164077,0.150781,1.108477,0.064379,0.15091,1.108654,0.06416,0.15091,1.108654,0.06416,0.377539,1.064495,0.218336,,,,0.320959,1.085541,0.158543
866.9058,0.183066,1.164446,0.150781,1.108477,0.064613,0.15091,1.108654,0.064395,0.15091,1.108654,0.064395,0.377539,1.064495,0.218654,,,,0.320959,1.085541,0.158873
867.0035,0.182609,1.1655,0.150781,1.108477,0.065304,0.15017,1.109939,0.064337,0.15017,1.109939,0.064337,0.377539,1.064495,0.219544,,,,0.320214,1.086138,0.158851
867.2089,0.182535,1.165678,0.150781,1.108477,0.065424,0.15017,1.109939,0.064454,0.15017,1.109939,0.064454,0.377539,1.064495,0.219692,,,,0.320214,1.086138,0.159004
867.4026,0.182462,1.165857,0.150781,1.108477,0.065545,0.149825,1.110609,0.064167,0.15017,1.109939,0.064572,0.377539,1.064495,0.219839,,,,0.319647,1.086615,0.158427
867.5982,0.182462,1.165857,0.150781,1.108477,0.065545,0.149825,1.110609,0.064167,0.15017,1.109939,0.064572,0.377539,1.064495,0.219839,,,,0.319647,1.086615,0.158427
867.7984,0.182379,1.166065,0.150781,1.108477,0.065687,0.149825,1.110609,0.064304,0.15017,1.109939,0.064711,0.377539,1.064495,0.220009,,,,0.319647,1.086615,0.158603
867.9987,0.182201,1.166528,0.150781,1.108477,0.066009,0.149663,1.110944,0.064407,0.14983,1.1106,0.064621,0.377539,1.064495,0.22038,,,,0.319089,1.087106,0.15826
868.1994,0.182191,1.166555,0.154591,1.122376,0.052092,0.149663,1.110944,0.064426,0.14983,1.1106,0.064639,0.377539,1.064495,0.220402,,,,0.319089,1.087106,0.158282
868.4107,0.181934,1.167286,0.154591,1.122376,0.052578,0.154434,1.121886,0.05308,0.14983,1.1106,0.065146,0.377539,1.064495,0.220969,,,,0.319089,1.087106,0.158872
868.612,0.18191,1.167361,0.154591,1.122376,0.05263,0.154434,1.121886,0.053131,0.14983,1.1106,0.065199,0.377539,1.064495,0.221025,,,,0.319089,1.087106,0.158931
868.906,0.18191,1.167361,0.154591,1.122376,0.05263,0.154434,1.121886,0.053131,0.14983,1.1106,0.065199,0.377539,1.064495,0.221025,,,,0.319089,1.087106,0.158931
868.9983,0.181826,1.167641,0.154591,1.122376,0.052826,0.154434,1.121886,0.053328,0.154389,1.121707,0.053505,0.377539,1.064495,0.221229,,,,0.319089,1.087106,0.159144
869.2037,0.181814,1.167686,0.154591,1.122376,0.052858,0.154434,1.121886,0.05336,0.154389,1.121707,0.053537,0.377539,1.064495,0.221261,,,,0.319089,1.087106,0.159178
869.4024,0.181814,1.167686,0.154591,1.122376,0.052858,0.154434,1.121886,0.05336,0.154389,1.121707,0.053537,0.377539,1.064495,0.221261,,,,0.319089,1.087106,0.159178
869.5989,0.181803,1.167738,0.154591,1.122376,0.052898,0.154434,1.121886,0.0534,0.154575,1.121237,0.053887,0.377539,1.064495,0.221295,,,,0.319089,1.087106,0.159214
869.807,0.181803,1.167738,0.154591,1.122376,0.052898,0.154434,1.121886,0.0534,0.154575,1.121237,0.053887,0.377539,1.064495,0.221295,,,,0.319089,1.087106,0.159214
870.0086,0.181806,1.167728,0.155823,1.134749,0.041985,0.154434,1.121886,0.053393,0.154575,1.121237,0.05388,0.377539,1.064495,0.221288,,,,0.319089,1.087106,0.159206
870.2173,0.181824,1.167663,0.155823,1.134749,0.041945,0.155729,1.134135,0.042486,0.1557,1.133929,0.042666,0.377539,1.064495,0.221241,,,,0.319417,1.086722,0.159635
870.4105,0.181858,1.167513,0.155823,1.134749,0.041849,0.155729,1.134135,0.042389,0.1557,1.133929,0.042569,0.377539,1.064495,0.221141,,,,0.319417,1.086722,0.15953
870.6032,0.181897,1.167329,0.155823,1.134749,0.04173,0.155881,1.133607,0.042592,0.155853,1.133401,0.042772,0.377539,1.064495,0.221021,,,,0.319417,1.086722,0.159403
870.8006,0.181921,1.167212,0.155823,1.134749,0.041653,0.155881,1.133607,0.042514,0.155853,1.133401,0.042693,0.377539,1.064495,0.220946,,,,0.320091,1.085852,0.160344
870.9996,0.181981,1.166894,0.155823,1.134749,0.041443,0.155881,1.133607,0.042299,0.155853,1.133401,0.042478,0.377539,1.064495,0.220745,,,,0.320091,1.085852,0.160131
871.2093,0.182026,1.16662,0.155823,1.134749,0.04126,0.15632,1.131936,0.043172,0.156295,1.131731,0.043351,0.377539,1.064495,0.220578,,,,0.320587,1.085146,0.16074
871.3985,0.182026,1.16662,0.155823,1.134749,0.04126,0.15632,1.131936,0.043172,0.156295,1.131731,0.043351,0.377539,1.064495,0.220578,,,,0.320587,1.085146,0.16074
871.6303,0.182116,1.166031,0.155823,1.134749,0.040865,0.15632,1.131936,0.042754,0.156295,1.131731,0.042933,0.377539,1.064495,0.220226,,,,0.320587,1.085146,0.160364
871.8244,0.182137,1.165889,0.155823,1.134749,0.040769,0.15632,1.131936,0.042653,0.156295,1.131731,0.042832,0.377539,1.064495,0.220143,,,,0.320587,1.085146,0.160275
871.9982,0.182212,1.16533,0.149047,1.11446,0.060727,0.156563,1.130801,0.043013,0.15654,1.130597,0.043191,0.377539,1.064495,0.219819,,,,0.321233,1.084181,0.160972
872.2029,0.18232,1.164399,0.149047,1.11446,0.060008,0.149259,1.115232,0.059248,0.15654,1.130597,0.042511,0.377539,1.064495,0.219297,,,,0.321233,1.084181,0.160411
872.4043,0.182337,1.164229,0.149047,1.11446,0.059877,0.149259,1.115232,0.059117,0.15654,1.130597,0.042386,0.377539,1.064495,0.219204,,,,0.321233,1.084181,0.160311
872.6118,0.182353,1.164059,0.149047,1.11446,0.059745,0.149259,1.115232,0.058986,0.15654,1.130597,0.042262,0.377539,1.064495,0.219113,,,,0.321233,1.084181,0.160213
872.9828,0.182357,1.164018,0.149047,1.11446,0.059713,0.149259,1.115232,0.058954,0.15654,1.130597,0.042231,0.377539,1.064495,0.21909,,,,0.3218,1.083289,0.161125
873.0027,0.182448,1.162825,0.149047,1.11446,0.058778,0.149586,1.113104,0.059599,0.149257,1.115176,0.05807,0.377539,1.064495,0.218471,,,,0.32234,1.082396,0.161366
873.204,0.182479,1.162251,0.149047,1.11446,0.058324,0.149726,1.111932,0.06004,0.149639,1.112845,0.059325,0.377539,1.064495,0.218184,,,,0.323516,1.080347,0.163094
873.4024,0.182479,1.162251,0.149047,1.11446,0.058324,0.149726,1.111932,0.06004,0.149639,1.112845,0.059325,0.377539,1.064495,0.218184,,,,0.323516,1.080347,0.163094
873.6077,0.18252,1.161149,0.149047,1.11446,0.057449,0.149726,1.111932,0.059142,0.14979,1.111566,0.059412,0.377539,1.064495,0.217657,,,,0.324106,1.079202,0.163591
873.8272,0.18252,1.161149,0.149047,1.11446,0.057449,0.149726,1.111932,0.059142,0.14979,1.111566,0.059412,0.377539,1.064495,0.217657,,,,0.324106,1.079202,0.163591
874.0038,0.182533,1.159322,0.138813,1.139968,0.047812,0.138876,1.138752,0.04826,0.14979,1.111566,0.057903,0.377539,1.064495,0.21684,,,,0.324697,1.077988,0.163786
874.1983,0.182529,1.159035,0.138813,1.139968,0.047693,0.138876,1.138752,0.048135,0.14979,1.111566,0.057664,0.377539,1.064495,0.216718,,,,0.324697,1.077988,0.163647
874.4026,0.182518,1.158526,0.138813,1.139968,0.047482,0.138876,1.138752,0.047913,0.138901,1.138374,0.048048,0.377539,1.064495,0.216506,,,,0.325258,1.076771,0.164494
874.6043,0.182473,1.157311,0.138813,1.139968,0.046979,0.138937,1.137413,0.047868,0.138901,1.138374,0.04751,0.377539,1.064495,0.216022,,,,0.325258,1.076771,0.163933
874.8023,0.182416,1.156288,0.138813,1.139968,0.046557,0.13897,1.135997,0.04795,0.139068,1.134695,0.048428,0.377539,1.064495,0.215636,,,,0.325821,1.075471,0.16461
875.0103,0.182416,1.156288,0.138813,1.139968,0.046557,0.13897,1.135997,0.04795,0.139068,1.134695,0.048428,0.377539,1.064495,0.215636,,,,0.325821,1.075471,0.16461
875.1986,0.182394,1.155959,0.138813,1.139968,0.046422,0.13897,1.135997,0.047792,0.139068,1.134695,0.048262,0.377539,1.064495,0.215516,,,,0.325821,1.075471,0.164468
875.4083,0.182261,1.154254,0.138813,1.139968,0.045737,0.138973,1.134156,0.047727,0.139068,1.134695,0.047415,0.377539,1.064495,0.214918,,,,0.326516,1.073766,0.16519
875.6027,0.182261,1.154254,0.138813,1.139968,0.045737,0.138973,1.134156,0.047727,0.139068,1.134695,0.047415,0.377539,1.064495,0.214918,,,,0.326516,1.073766,0.16519
875.8153,0.182235,1.153955,0.138813,1.139968,0.045619,0.138973,1.134156,0.047578,0.139068,1.134695,0.047269,0.377539,1.064495,0.214818,,,,0.326516,1.073766,0.165068
875.9988,0.18188,1.15064,0.136404,1.141772,0.046333,0.136386,1.141275,0.046448,0.136385,1.140895,0.046528,0.377539,1.064495,0.213783,,,,0.32814,1.069522,0.167248
876.1999,0.181646,1.148881,0.136404,1.141772,0.045798,0.136262,1.139003,0.046447,0.136385,1.140895,0.045961,0.377539,1.064495,0.213295,,,,0.328863,1.067365,0.168278
876.4016,0.181331,1.146795,0.136404,1.141772,0.045207,0.136061,1.136351,0.046459,0.136104,1.135582,0.046595,0.377539,1.064495,0.21277,,,,0.329655,1.064825,0.169467
876.6185,0.181331,1.146795,0.136404,1.141772,0.045207,0.136061,1.136351,0.046459,0.136104,1.135582,0.046595,0.377539,1.064495,0.21277,,,,0.329655,1.064825,0.169467
876.93,0.181311,1.14667,0.136404,1.141772,0.045173,0.136061,1.136351,0.046412,0.136104,1.135582,0.046546,0.377539,1.064495,0.21274,,,,0.329655,1.064825,0.169424
876.9984,0.181081,1.145298,0.136404,1.141772,0.044817,0.135799,1.13365,0.046756,0.13585,1.132881,0.046905,0.377539,1.064495,0.212426,,,,0.330409,1.062219,0.170882
877.1984,0.180689,1.143143,0.136404,1.141772,0.044307,0.135799,1.13365,0.045882,0.13585,1.132881,0.045999,0.377539,1.064495,0.211979,,,,0.330409,1.062219,0.17019
877.4056,0.180416,1.141754,0.130125,1.119186,0.055123,0.135799,1.13365,0.045347,0.13585,1.132881,0.045441,0.377539,1.064495,0.211722,,,,0.330409,1.062219,0.169774
877.6001,0.179868,1.139181,0.130125,1.119186,0.053612,0.130261,1.119664,0.053308,0.130299,1.119771,0.053234,0.175692,1.173884,0.034953,,,,0.331122,1.059548,0.170936
877.9117,0.179868,1.139181,0.130125,1.119186,0.053612,0.130261,1.119664,0.053308,0.130299,1.119771,0.053234,0.175692,1.173884,0.034953,,,,0.331122,1.059548,0.170936
877.9993,0.178708,1.134422,0.130125,1.119186,0.050916,0.129358,1.113972,0.053419,0.129399,1.114078,0.053341,0.175692,1.173884,0.039577,,,,0.175716,1.173845,0.039537
878.1982,0.178336,1.133043,0.130125,1.119186,0.050164,0.128814,1.111262,0.054101,0.128309,1.10863,0.055666,0.175692,1.173884,0.040926,,,,0.176764,1.171287,0.038276
878.405,0.178336,1.133043,0.130125,1.119186,0.050164,0.128814,1.111262,0.054101,0.128309,1.10863,0.055666,0.175692,1.173884,0.040926,,,,0.176764,1.171287,0.038276
878.6,0.177665,1.13069,0.130125,1.119186,0.048912,0.128814,1.111262,0.052572,0.128309,1.10863,0.054061,0.175692,1.173884,0.043239,,,,0.176764,1.171287,0.040607
878.801,0.177665,1.13069,0.130125,1.119186,0.048912,0.128814,1.111262,0.052572,0.128309,1.10863,0.054061,0.175692,1.173884,0.043239,,,,0.176764,1.171287,0.040607
878.9985,0.176328,1.126427,0.112945,1.086937,0.074678,0.112679,1.085359,0.075747,0.113355,1.087996,0.073773,0.175692,1.173884,0.047461,,,,0.17962,1.163601,0.03732
879.2028,0.175922,1.125226,0.112945,1.086937,0.073703,0.112679,1.085359,0.07476,0.112681,1.085362,0.074757,0.175692,1.173884,0.048658,,,,0.17962,1.163601,0.038553
879.3996,0.175472,1.123937,0.112945,1.086937,0.072655,0.112679,1.085359,0.073697,0.112681,1.085362,0.073694,0.175692,1.173884,0.049947,,,,0.17962,1.163601,0.03988
879.6085,0.175042,1.122744,0.112945,1.086937,0.071681,0.111957,1.082749,0.074694,0.111958,1.082753,0.074691,0.175692,1.173884,0.051145,,,,0.180447,1.161023,0.03866
879.7993,0.174884,1.122315,0.112945,1.086937,0.07133,0.111957,1.082749,0.074332,0.111958,1.082753,0.074329,0.175692,1.173884,0.051576,,,,0.180447,1.161023,0.039107
879.9986,0.174311,1.1208,0.112945,1.086937,0.070089,0.111246,1.080364,0.074915,0.111248,1.080368,0.074912,0.175692,1.173884,0.053102,,,,0.181162,1.158639,0.038454
880.1984,0.174311,1.1208,0.112945,1.086937,0.070089,0.111246,1.080364,0.074915,0.111248,1.080368,0.074912,0.175692,1.173884,0.053102,,,,0.181162,1.158639,0.038454
880.403,0.174311,1.1208,0.112945,1.086937,0.070089,0.111246,1.080364,0.074915,0.111248,1.080368,0.074912,0.175692,1.173884,0.053102,,,,0.181162,1.158639,0.038454
880.6058,0.173733,1.11933,0.112945,1.086937,0.06888,0.111246,1.080364,0.07364,0.111248,1.080368,0.073637,0.175692,1.173884,0.054589,,,,0.181162,1.158639,0.040005
880.7985,0.173733,1.11933,0.112945,1.086937,0.06888,0.111246,1.080364,0.07364,0.111248,1.080368,0.073637,0.175692,1.173884,0.054589,,,,0.181162,1.158639,0.040005
880.999,0.172961,1.11745,0.112945,1.086937,0.067327,0.110493,1.077999,0.073882,0.110495,1.078003,0.073879,0.175692,1.173884,0.0565,,,,0.182467,1.153967,0.037734
881.2005,0.172132,1.115525,0.112945,1.086937,0.065729,0.108959,1.073479,0.075886,0.108961,1.073483,0.075882,0.175692,1.173884,0.058467,,,,0.183023,1.151646,0.037727
881.4107,0.172087,1.115424,0.112945,1.086937,0.065645,0.108959,1.073479,0.075793,0.108961,1.073483,0.075789,0.175692,1.173884,0.058571,,,,0.183023,1.151646,0.037836
881.6086,0.170672,1.112344,0.112945,1.086937,0.063071,0.108101,1.07123,0.07487,0.107249,1.069114,0.076755,0.175692,1.173884,0.061744,,,,0.183539,1.149295,0.039127
881.7987,0.170672,1.112344,0.112945,1.086937,0.063071,0.107247,1.069111,0.076759,0.107249,1.069114,0.076755,0.175692,1.173884,0.061744,,,,0.183539,1.149295,0.039127
882.0476,0.170161,1.111285,0.112945,1.086937,0.062181,0.107247,1.069111,0.075741,0.107249,1.069114,0.075738,0.175692,1.173884,0.062843,,,,0.184446,1.144768,0.036404
882.1983,0.170161,1.111285,0.112945,1.086937,0.062181,0.106346,1.066986,0.077684,0.106347,1.06699,0.07768,0.175692,1.173884,0.062843,,,,0.184446,1.144768,0.036404
882.4073,0.169779,1.110512,0.112945,1.086937,0.06153,0.106346,1.066986,0.076931,0.106347,1.06699,0.076927,0.175692,1.173884,0.063647,,,,0.184446,1.144768,0.037264
882.5984,0.169434,1.109824,0.112945,1.086937,0.060949,0.106346,1.066986,0.076258,0.106347,1.06699,0.076254,0.175692,1.173884,0.064365,,,,0.184446,1.144768,0.038033
882.8679,0.169434,1.109824,0.112945,1.086937,0.060949,0.106346,1.066986,0.076258,0.106347,1.06699,0.076254,0.175692,1.173884,0.064365,,,,0.184446,1.144768,0.038033
883.0091,0.168072,1.107209,0.102752,1.064199,0.078209,0.102769,1.064222,0.078182,0.106347,1.06699,0.073672,0.175692,1.173884,0.067109,,,,0.184823,1.142458,0.039027
883.2015,0.1675,1.106153,0.102752,1.064199,0.077152,0.101755,1.062113,0.079133,0.102756,1.064177,0.077161,0.175692,1.173884,0.068225,,,,0.185159,1.140142,0.038302
883.4027,0.167032,1.105306,0.102752,1.064199,0.0763,0.101755,1.062113,0.078274,0.102756,1.064177,0.076309,0.175692,1.173884,0.069122,,,,0.185159,1.140142,0.03927
883.6204,0.166208,1.103856,0.102752,1.064199,0.074829,0.101755,1.062113,0.07679,0.102756,1.064177,0.074837,0.175692,1.173884,0.070668,,,,0.185159,1.140142,0.040937
883.9306,0.166099,1.103668,0.102752,1.064199,0.074637,0.101755,1.062113,0.076597,0.102756,1.064177,0.074645,0.175692,1.173884,0.070869,,,,0.185159,1.140142,0.041154
883.9988,0.165661,1.102917,0.102752,1.064199,0.073869,0.100738,1.060091,0.077776,0.101774,1.062137,0.075793,0.175692,1.173884,0.071672,,,,0.185746,1.135526,0.038298
884.2055,0.164708,1.101324,0.102752,1.064199,0.072228,0.100738,1.060091,0.076108,0.101774,1.062137,0.074137,0.175692,1.173884,0.073386,,,,0.185961,1.133197,0.038309
884.4003,0.164708,1.101324,0.102752,1.064199,0.072228,0.098564,1.05595,0.080212,0.099671,1.05796,0.078169,0.175692,1.173884,0.073386,,,,0.185961,1.133197,0.038309
884.6015,0.164708,1.101324,0.102752,1.064199,0.072228,0.098564,1.05595,0.080212,0.099671,1.05796,0.078169,0.175692,1.173884,0.073386,,,,0.185961,1.133197,0.038309
884.8218,0.163817,1.09988,0.102752,1.064199,0.070725,0.098564,1.05595,0.078663,0.099671,1.05796,0.076629,0.175692,1.173884,0.074951,,,,0.185961,1.133197,0.040005
885.0036,0.163817,1.09988,0.102752,1.064199,0.070725,0.098564,1.05595,0.078663,0.099671,1.05796,0.076629,0.175692,1.173884,0.074951,,,,0.185961,1.133197,0.040005
885.1983,0.16239,1.097656,0.102752,1.064199,0.068382,0.097449,1.053993,0.078254,0.097465,1.054008,0.078233,0.175692,1.173884,0.077381,,,,0.18613,1.130951,0.040892
885.4001,0.161805,1.096772,0.102752,1.064199,0.067441,0.096291,1.052036,0.079331,0.097465,1.054008,0.077255,0.175692,1.173884,0.078353,,,,0.186262,1.128682,0.040204
885.6176,0.160007,1.094154,0.102752,1.064199,0.064618,0.095103,1.050105,0.07844,0.095123,1.050125,0.078412,0.175692,1.173884,0.081259,,,,0.186356,1.126416,0.041655
885.7994,0.159826,1.093897,0.102752,1.064199,0.064338,0.095103,1.050105,0.078145,0.095123,1.050125,0.078118,0.175692,1.173884,0.081546,,,,0.186356,1.126416,0.041969
885.9984,0.159137,1.092935,0.102752,1.064199,0.063286,0.095103,1.050105,0.077037,0.095123,1.050125,0.07701,0.175692,1.173884,0.082625,,,,0.186356,1.126416,0.043149
886.1983,0.158392,1.091916,0.102752,1.064199,0.062161,0.093884,1.048193,0.077929,0.095123,1.050125,0.075824,0.175692,1.173884,0.083774,,,,0.186412,1.12415,0.04271
886.3984,0.158392,1.091916,0.102752,1.064199,0.062161,0.093884,1.048193,0.077929,0.095123,1.050125,0.075824,0.175692,1.173884,0.083774,,,,0.186412,1.12415,0.04271
886.6056,0.157217,1.090355,0.095224,1.059051,0.069448,0.095151,1.058791,0.069631,0.095159,1.058806,0.069617,0.175692,1.173884,0.085548,,,,0.186428,1.122074,0.04312
886.8029,0.157217,1.090355,0.095224,1.059051,0.069448,0.095151,1.058791,0.069631,0.095159,1.058806,0.069617,0.175692,1.173884,0.085548,,,,0.186428,1.122074,0.04312
887.0017,0.156216,1.089065,0.095224,1.059051,0.067976,0.093919,1.057091,0.070023,0.092739,1.055462,0.071822,0.175692,1.173884,0.087027,,,,0.18641,1.119974,0.04321
887.2048,0.154556,1.087002,0.095224,1.059051,0.065586,0.091386,1.053712,0.071405,0.091448,1.053791,0.071314,0.175692,1.173884,0.089416,,,,0.186359,1.117911,0.044349
887.4013,0.154171,1.086535,0.095224,1.059051,0.065039,0.090043,1.052036,0.072818,0.090107,1.052114,0.072725,0.175692,1.173884,0.089962,,,,0.186184,1.113619,0.041934
887.6178,0.153656,1.085918,0.095224,1.059051,0.064312,0.090043,1.052036,0.072073,0.090107,1.052114,0.071981,0.175692,1.173884,0.090684,,,,0.186184,1.113619,0.042726
887.8149,0.152881,1.085005,0.095224,1.059051,0.063229,0.090043,1.052036,0.070961,0.090107,1.052114,0.070869,0.175692,1.173884,0.09176,,,,0.186184,1.113619,0.043908
888.0081,0.152816,1.084929,0.095224,1.059051,0.063138,0.090043,1.052036,0.070869,0.090107,1.052114,0.070776,0.175692,1.173884,0.091849,,,,0.186184,1.113619,0.044007
888.2122,0.15186,1.083827,0.095224,1.059051,0.061818,0.090043,1.052036,0.069513,0.090107,1.052114,0.069421,0.175692,1.173884,0.093157,,,,0.186184,1.113619,0.04545
888.4023,0.15186,1.083827,0.095224,1.059051,0.061818,0.090043,1.052036,0.069513,0.090107,1.052114,0.069421,0.175692,1.173884,0.093157,,,,0.186184,1.113619,0.04545
888.6067,0.150956,1.082806,0.095224,1.059051,0.060584,0.087198,1.048594,0.072357,0.088749,1.050468,0.070111,0.175692,1.173884,0.094377,,,,0.186032,1.111491,0.045311
888.9383,0.150676,1.082494,0.095224,1.059051,0.060204,0.087198,1.048594,0.071963,0.088749,1.050468,0.069718,0.175692,1.173884,0.094752,,,,0.186032,1.111491,0.045726
889.0275,0.149039,1.080704,0.095224,1.059051,0.058007,0.085724,1.046917,0.071765,0.085855,1.047067,0.071579,0.175692,1.173884,0.096918,,,,0.185837,1.109267,0.046583
889.1991,0.147859,1.079451,0.095224,1.059051,0.05645,0.084193,1.045226,0.072283,0.084324,1.045375,0.072096,0.175692,1.173884,0.098449,,,,0.185372,1.104728,0.045234
889.4055,0.14712,1.078681,0.095224,1.059051,0.055485,0.084193,1.045226,0.071268,0.084324,1.045375,0.071082,0.175692,1.173884,0.099398,,,,0.185372,1.104728,0.046278
889.6063,0.146065,1.0776,0.095224,1.059051,0.054119,0.084193,1.045226,0.06983,0.084324,1.045375,0.069644,0.175692,1.173884,0.100739,,,,0.185372,1.104728,0.047759
889.8144,0.145761,1.077293,0.095224,1.059051,0.053728,0.084193,1.045226,0.069418,0.084324,1.045375,0.069233,0.175692,1.173884,0.101122,,,,0.185372,1.104728,0.048184
890.0099,0.145532,1.077063,0.095224,1.059051,0.053435,0.082649,1.043571,0.071246,0.082782,1.04372,0.071059,0.175692,1.173884,0.10141,,,,0.185075,1.102485,0.04701
890.1986,0.144607,1.076142,0.095224,1.059051,0.052256,0.082649,1.043571,0.069997,0.082782,1.04372,0.06981,0.175692,1.173884,0.102566,,,,0.185075,1.102485,0.048287
890.404,0.144141,1.075684,0.081821,1.046052,0.069006,0.082649,1.043571,0.069372,0.082782,1.04372,0.069185,0.175692,1.173884,0.103145,,,,0.185075,1.102485,0.048928
890.6032,0.143203,1.074774,0.081821,1.046052,0.06777,0.081793,1.045965,0.067832,0.081795,1.045969,0.067829,0.175692,1.173884,0.104299,,,,0.184742,1.100218,0.048712
890.804,0.141615,1.073267,0.081821,1.046052,0.065696,0.078517,1.04273,0.0701,0.078518,1.042734,0.070097,0.175692,1.173884,0.106231,,,,0.184007,1.095673,0.047949
890.9982,0.139288,1.071131,0.081821,1.046052,0.062701,0.078517,1.04273,0.067081,0.078518,1.042734,0.067077,0.175692,1.173884,0.109012,,,,0.184007,1.095673,0.051011
891.1999,0.139288,1.071131,0.081821,1.046052,0.062701,0.078517,1.04273,0.067081,0.078518,1.042734,0.067077,0.175692,1.173884,0.109012,,,,0.184007,1.095673,0.051011
891.4057,0.138359,1.0703,0.081821,1.046052,0.061518,0.076775,1.041104,0.068154,0.075036,1.039482,0.070424,0.175692,1.173884,0.110106,,,,0.183561,1.093332,0.050732
891.6045,0.137714,1.069732,0.081821,1.046052,0.060702,0.073432,1.03807,0.071657,0.073343,1.037988,0.071772,0.175692,1.173884,0.110861,,,,0.183082,1.090999,0.050106
891.9307,0.137714,1.069732,0.081821,1.046052,0.060702,0.073432,1.03807,0.071657,0.073343,1.037988,0.071772,0.175692,1.173884,0.110861,,,,0.183082,1.090999,0.050106
892.0005,0.136677,1.06883,0.081821,1.046052,0.059397,0.073432,1.03807,0.070329,0.073343,1.037988,0.070444,0.175692,1.173884,0.112065,,,,0.183082,1.090999,0.051429
892.2118,0.136677,1.06883,0.081821,1.046052,0.059397,0.073432,1.03807,0.070329,0.073343,1.037988,0.070444,0.175692,1.173884,0.112065,,,,0.183082,1.090999,0.051429
892.4068,0.13507,1.067463,0.081821,1.046052,0.057392,0.073432,1.03807,0.068288,0.073343,1.037988,0.068403,0.175692,1.173884,0.11391,,,,0.182127,1.086652,0.050819
892.6029,0.133994,1.066568,0.081821,1.046052,0.056061,0.071744,1.036619,0.069079,0.071654,1.036539,0.069195,0.175692,1.173884,0.115133,,,,0.182127,1.086652,0.052155
892.9771,0.133994,1.066568,0.081821,1.046052,0.056061,0.071744,1.036619,0.069079,0.071654,1.036539,0.069195,0.175692,1.173884,0.115133,,,,0.182127,1.086652,0.052155
892.9983,0.132839,1.065624,0.081821,1.046052,0.054643,0.071744,1.036619,0.067631,0.071654,1.036539,0.067746,0.175692,1.173884,0.116433,,,,0.182127,1.086652,0.053586
893.2124,0.132014,1.06496,0.081821,1.046052,0.053636,0.068315,1.033748,0.070935,0.068224,1.03367,0.071051,0.175692,1.173884,0.117355,,,,0.181053,1.08231,0.052018
893.4002,0.131138,1.064265,0.081821,1.046052,0.052573,0.068315,1.033748,0.069843,0.068224,1.03367,0.069959,0.175692,1.173884,0.118328,,,,0.181053,1.08231,0.053077
893.6031,0.131138,1.064265,0.081821,1.046052,0.052573,0.068315,1.033748,0.069843,0.068224,1.03367,0.069959,0.175692,1.173884,0.118328,,,,0.181053,1.08231,0.053077
893.7982,0.129575,1.063049,0.081821,1.046052,0.050689,0.065037,1.031148,0.071992,0.066567,1.032357,0.070086,0.175692,1.173884,0.120046,,,,0.179942,1.078277,0.052618
894.0067,0.129575,1.063049,0.081821,1.046052,0.050689,0.065037,1.031148,0.071992,0.066567,1.032357,0.070086,0.175692,1.173884,0.120046,,,,0.179942,1.078277,0.052618
894.2026,0.12918,1.062747,0.081821,1.046052,0.050215,0.065037,1.031148,0.071503,0.066567,1.032357,0.069598,0.175692,1.173884,0.120478,,,,0.179942,1.078277,0.053085
894.3987,0.128545,1.062265,0.081821,1.046052,0.049457,0.065037,1.031148,0.070721,0.066567,1.032357,0.068817,0.175692,1.173884,0.121168,,,,0.179942,1.078277,0.053834
894.5985,0.126144,1.060486,0.058763,1.013921,0.081906,0.057226,1.012991,0.083699,0.055579,1.011748,0.08576,0.175692,1.173884,0.123751,,,,0.178726,1.074258,0.054355
894.8151,0.126144,1.060486,0.058763,1.013921,0.081906,0.057226,1.012991,0.083699,0.055579,1.011748,0.08576,0.175692,1.173884,0.123751,,,,0.178726,1.074258,0.054355
895.0101,0.12477,1.059497,0.058763,1.013921,0.080213,0.057226,1.012991,0.082006,0.055579,1.011748,0.084068,0.175692,1.173884,0.12521,,,,0.178726,1.074258,0.055939
895.1995,0.123434,1.058556,0.058763,1.013921,0.078579,0.057226,1.012991,0.080372,0.053882,1.010512,0.084532,0.175692,1.173884,0.126616,,,,0.17807,1.072263,0.056329
895.4056,0.123434,1.058556,0.058763,1.013921,0.078579,0.057226,1.012991,0.080372,0.053882,1.010512,0.084532,0.175692,1.173884,0.126616,,,,0.17807,1.072263,0.056329
895.6004,0.121728,1.057385,0.058763,1.013921,0.076509,0.054062,1.01063,0.082247,0.052272,1.00937,0.084436,0.175692,1.173884,0.128391,,,,0.17743,1.070396,0.057202
895.8016,0.121728,1.057385,0.058763,1.013921,0.076509,0.052608,1.009598,0.08403,0.050805,1.008355,0.08622,0.175692,1.173884,0.128391,,,,0.176832,1.068716,0.056257
896.0003,0.121728,1.057385,0.058763,1.013921,0.076509,0.052608,1.009598,0.08403,0.050805,1.008355,0.08622,0.175692,1.173884,0.128391,,,,0.176832,1.068716,0.056257
896.2009,0.121216,1.05704,0.058763,1.013921,0.075893,0.052608,1.009598,0.083414,0.050805,1.008355,0.085603,0.175692,1.173884,0.128919,,,,0.176832,1.068716,0.056828
896.422,0.120701,1.056697,0.058763,1.013921,0.075273,0.052608,1.009598,0.082795,0.050805,1.008355,0.084984,0.175692,1.173884,0.129449,,,,0.176832,1.068716,0.057403
896.6016,0.119212,1.055725,0.058763,1.013921,0.073496,0.051433,1.008786,0.082446,0.049621,1.007556,0.084635,0.150067,1.097457,0.051899,,,,0.176337,1.067376,0.058301
896.8149,0.119101,1.055654,0.058763,1.013921,0.073364,0.051433,1.008786,0.082314,0.049621,1.007556,0.084504,0.150067,1.097457,0.052022,,,,0.176337,1.067376,0.058424
896.9989,0.117417,1.054597,0.058763,1.013921,0.071378,0.048991,1.007136,0.083275,0.04716,1.005935,0.085464,0.150067,1.097457,0.053879,,,,0.150061,1.097465,0.053882
897.1982,0.117417,1.054597,0.058763,1.013921,0.071378,0.048991,1.007136,0.083275,0.04716,1.005935,0.085464,0.150067,1.097457,0.053879,,,,0.150061,1.097465,0.053882
897.4016,0.11634,1.05394,0.058763,1.013921,0.070119,0.047728,1.006325,0.083515,0.045888,1.005139,0.085703,0.150067,1.097457,0.055056,,,,0.149175,1.096254,0.05356
897.5983,0.115873,1.053661,0.058763,1.013921,0.069576,0.047728,1.006325,0.082972,0.044764,1.004453,0.086475,0.150067,1.097457,0.055563,,,,0.149175,1.096254,0.054067
897.8808,0.115873,1.053661,0.058763,1.013921,0.069576,0.047728,1.006325,0.082972,0.044764,1.004453,0.086475,0.150067,1.097457,0.055563,,,,0.149175,1.096254,0.054067
897.9984,0.115588,1.053491,0.058763,1.013921,0.069245,0.047728,1.006325,0.082642,0.044764,1.004453,0.086145,0.150067,1.097457,0.055872,,,,0.149175,1.096254,0.054376
898.2563,0.115275,1.053306,0.058763,1.013921,0.068882,0.047728,1.006325,0.082278,0.044764,1.004453,0.085782,0.150067,1.097457,0.056211,,,,0.149175,1.096254,0.054715
898.4022,0.11451,1.052862,0.045402,1.007025,0.082927,0.045403,1.007008,0.082936,0.044764,1.004453,0.0849,0.150067,1.097457,0.057034,,,,0.14781,1.094433,0.053264
898.6012,0.113968,1.052553,0.045402,1.007025,0.082304,0.043447,1.005844,0.084587,0.045369,1.006957,0.08237,0.150067,1.097457,0.057615,,,,0.147107,1.093538,0.052707
898.8029,0.113834,1.052478,0.045402,1.007025,0.082151,0.043447,1.005844,0.084434,0.045369,1.006957,0.082217,0.150067,1.097457,0.057757,,,,0.147107,1.093538,0.052849
898.9998,0.112636,1.051814,0.045402,1.007025,0.080787,0.042513,1.005316,0.084139,0.044447,1.00641,0.081923,0.150067,1.097457,0.059028,,,,0.146436,1.092701,0.053049
899.1982,0.112636,1.051814,0.045402,1.007025,0.080787,0.042513,1.005316,0.084139,0.044447,1.00641,0.081923,0.150067,1.097457,0.059028,,,,0.146436,1.092701,0.053049
899.4166,0.111661,1.051291,0.045402,1.007025,0.079684,0.041585,1.004803,0.084094,0.044447,1.00641,0.080821,0.150067,1.097457,0.060053,,,,0.146436,1.092701,0.054076
899.5993,0.111485,1.051198,0.045402,1.007025,0.079486,0.040642,1.004296,0.084961,0.043529,1.005878,0.081682,0.150067,1.097457,0.060237,,,,0.145763,1.091881,0.053199
899.8077,0.111485,1.051198,0.045402,1.007025,0.079486,0.040642,1.004296,0.084961,0.043529,1.005878,0.081682,0.150067,1.097457,0.060237,,,,0.145763,1.091881,0.053199
900.0019,0.111485,1.051198,0.045402,1.007025,0.079486,0.040642,1.004296,0.084961,0.043529,1.005878,0.081682,0.150067,1.097457,0.060237,,,,0.145763,1.091881,0.053199
900.2012,0.111172,1.051034,0.045402,1.007025,0.079135,0.040642,1.004296,0.08461,0.043529,1.005878,0.08133,0.150067,1.097457,0.060563,,,,0.145763,1.091881,0.053526
900.4018,0.110888,1.050887,0.045402,1.007025,0.078817,0.040642,1.004296,0.084292,0.043529,1.005878,0.081013,0.150067,1.097457,0.060858,,,,0.145763,1.091881,0.053822
900.6013,0.109768,1.050317,0.045402,1.007025,0.07757,0.03883,1.003358,0.085072,0.04087,1.004399,0.082797,0.150067,1.097457,0.062017,,,,0.143793,1.089563,0.051942
900.8048,0.109768,1.050317,0.045402,1.007025,0.07757,0.03883,1.003358,0.085072,0.04087,1.004399,0.082797,0.150067,1.097457,0.062017,,,,0.143793,1.089563,0.051942
900.9986,0.108844,1.049862,0.045402,1.007025,0.07655,0.03883,1.003358,0.084051,0.04087,1.004399,0.081776,0.150067,1.097457,0.062965,,,,0.14311,1.088796,0.051865
901.2015,0.108549,1.04972,0.045402,1.007025,0.076225,0.03883,1.003358,0.083727,0.039961,1.003922,0.082473,0.150067,1.097457,0.063266,,,,0.14311,1.088796,0.052167
901.4106,0.107916,1.049418,0.045402,1.007025,0.075532,0.036992,1.002441,0.08507,0.039047,1.003453,0.082799,0.150067,1.097457,0.06391,,,,0.142419,1.088036,0.051787
901.606,0.107499,1.049222,0.045402,1.007025,0.075077,0.036992,1.002441,0.084615,0.039047,1.003453,0.082344,0.150067,1.097457,0.064332,,,,0.142419,1.088036,0.052211
901.7994,0.107292,1.049126,0.045402,1.007025,0.074852,0.036088,1.002013,0.08538,0.039047,1.003453,0.082118,0.150067,1.097457,0.064541,,,,0.142419,1.088036,0.052421
902.0004,0.10721,1.049088,0.045402,1.007025,0.074763,0.036088,1.002013,0.08529,0.039047,1.003453,0.082029,0.150067,1.097457,0.064624,,,,0.142419,1.088036,0.052504
902.2024,0.107131,1.049052,0.045402,1.007025,0.074677,0.036088,1.002013,0.085205,0.039047,1.003453,0.081943,0.150067,1.097457,0.064703,,,,0.142419,1.088036,0.052584
902.3992,0.107131,1.049052,0.045402,1.007025,0.074677,0.036088,1.002013,0.085205,0.039047,1.003453,0.081943,0.150067,1.097457,0.064703,,,,0.142419,1.088036,0.052584
902.6119,0.106588,1.048804,0.049335,1.006727,0.071051,0.036088,1.002013,0.084615,0.039047,1.003453,0.081354,0.150067,1.097457,0.06525,,,,0.142419,1.088036,0.053133
902.8004,0.105777,1.048441,0.049335,1.006727,0.070183,0.048286,1.006169,0.071359,0.048278,1.006162,0.07137,0.150067,1.097457,0.066062,,,,0.141142,1.086662,0.052073
903.0075,0.105777,1.048441,0.049335,1.006727,0.070183,0.048286,1.006169,0.071359,0.048278,1.006162,0.07137,0.150067,1.097457,0.066062,,,,0.141142,1.086662,0.052073
903.2,0.104424,1.047855,0.049335,1.006727,0.068749,0.047259,1.005715,0.071019,0.047251,1.005707,0.07103,0.150067,1.097457,0.067406,,,,0.140438,1.085931,0.052409
903.3989,0.104147,1.047738,0.049335,1.006727,0.068457,0.047259,1.005715,0.070727,0.047251,1.005707,0.070738,0.150067,1.097457,0.06768,,,,0.140438,1.085931,0.052685
903.6194,0.104101,1.047719,0.049335,1.006727,0.068408,0.047259,1.005715,0.070678,0.047251,1.005707,0.070689,0.150067,1.097457,0.067725,,,,0.140438,1.085931,0.052731
903.8552,0.104101,1.047719,0.049335,1.006727,0.068408,0.047259,1.005715,0.070678,0.047251,1.005707,0.070689,0.150067,1.097457,0.067725,,,,0.140438,1.085931,0.052731
903.9982,0.103036,1.047276,0.049335,1.006727,0.067291,0.045263,1.004867,0.071668,0.045255,1.004858,0.07168,0.150067,1.097457,0.068774,,,,0.138143,1.083625,0.050535
904.199,0.102756,1.047162,0.049335,1.006727,0.066998,0.045263,1.004867,0.071374,0.045255,1.004858,0.071385,0.150067,1.097457,0.06905,,,,0.138143,1.083625,0.050812
904.4126,0.102756,1.047162,0.049335,1.006727,0.066998,0.045263,1.004867,0.071374,0.045255,1.004858,0.071385,0.150067,1.097457,0.06905,,,,0.138143,1.083625,0.050812
904.6028,0.10113,1.046516,0.049335,1.006727,0.065313,0.044238,1.004448,0.070756,0.04423,1.004438,0.070768,0.150067,1.097457,0.070639,,,,0.137346,1.082857,0.051306
904.8383,0.10113,1.046516,0.049335,1.006727,0.065313,0.044238,1.004448,0.070756,0.04423,1.004438,0.070768,0.150067,1.097457,0.070639,,,,0.137346,1.082857,0.051306
904.9991,0.10113,1.046516,0.049335,1.006727,0.065313,0.044238,1.004448,0.070756,0.04423,1.004438,0.070768,0.150067,1.097457,0.070639,,,,0.137346,1.082857,0.051306
905.1983,0.100273,1.046186,0.049335,1.006727,0.064433,0.043208,1.004037,0.070942,0.043201,1.004027,0.070954,0.150067,1.097457,0.071471,,,,0.136541,1.082095,0.051038
905.407,0.099497,1.045895,0.049335,1.006727,0.063642,0.04218,1.003638,0.07121,0.042173,1.003627,0.071222,0.150067,1.097457,0.072221,,,,0.135733,1.081344,0.050692
905.6243,0.099348,1.045839,0.049335,1.006727,0.063491,0.04218,1.003638,0.071058,0.042173,1.003627,0.07107,0.150067,1.097457,0.072365,,,,0.135733,1.081344,0.050837
905.8063,0.098403,1.045493,0.049335,1.006727,0.062533,0.041119,1.003236,0.071184,0.041112,1.003224,0.071196,0.150067,1.097457,0.073276,,,,0.134895,1.080578,0.050623
906.0016,0.098152,1.045403,0.049335,1.006727,0.062281,0.040049,1.002841,0.072024,0.040043,1.002829,0.072037,0.150067,1.097457,0.073517,,,,0.134047,1.079816,0.049727
906.1982,0.097952,1.045331,0.049335,1.006727,0.06208,0.040049,1.002841,0.071821,0.040043,1.002829,0.071833,0.150067,1.097457,0.073709,,,,0.134047,1.079816,0.04992
906.3983,0.097952,1.045331,0.049335,1.006727,0.06208,0.040049,1.002841,0.071821,0.040043,1.002829,0.071833,0.150067,1.097457,0.073709,,,,0.134047,1.079816,0.04992
906.6078,0.097373,1.045126,0.049335,1.006727,0.061499,0.040049,1.002841,0.071232,0.040043,1.002829,0.071244,0.150067,1.097457,0.074264,,,,0.134047,1.079816,0.050482
906.9189,0.097373,1.045126,0.049335,1.006727,0.061499,0.040049,1.002841,0.071232,0.040043,1.002829,0.071244,0.150067,1.097457,0.074264,,,,0.134047,1.079816,0.050482
906.9994,0.096262,1.044741,0.049335,1.006727,0.060392,0.039017,1.00247,0.07116,0.039011,1.002457,0.071173,0.150067,1.097457,0.075326,,,,0.133225,1.07909,0.05046
907.2006,0.095448,1.044466,0.049335,1.006727,0.059587,0.038007,1.002116,0.071365,0.038001,1.002102,0.071378,0.150067,1.097457,0.0761,,,,0.132418,1.078388,0.050174
907.4219,0.094769,1.044241,0.049335,1.006727,0.05892,0.038007,1.002116,0.070686,0.038001,1.002102,0.070699,0.150067,1.097457,0.076744,,,,0.132418,1.078388,0.050827
907.5986,0.094302,1.04409,0.049335,1.006727,0.058464,0.037037,1.001785,0.071197,0.037032,1.00177,0.07121,0.150067,1.097457,0.077186,,,,0.131639,1.077721,0.05025
907.7992,0.094067,1.044014,0.049335,1.006727,0.058235,0.037037,1.001785,0.070963,0.037032,1.00177,0.070976,0.150067,1.097457,0.077408,,,,0.131639,1.077721,0.050476
908.0135,0.093438,1.043814,0.049335,1.006727,0.057624,0.034981,1.001101,0.072399,0.034976,1.001085,0.072413,0.150067,1.097457,0.078002,,,,0.130836,1.077046,0.050029
908.2048,0.093293,1.043769,0.049335,1.006727,0.057484,0.034981,1.001101,0.072255,0.034976,1.001085,0.072268,0.150067,1.097457,0.078139,,,,0.130836,1.077046,0.050168
908.4041,0.093153,1.043725,0.049335,1.006727,0.057348,0.034981,1.001101,0.072116,0.034976,1.001085,0.07213,0.150067,1.097457,0.078271,,,,0.130836,1.077046,0.050302
908.5998,0.09225,1.043446,0.045072,1.000076,0.064083,0.045019,1.000044,0.064145,0.045019,1.000044,0.064145,0.150067,1.097457,0.07912,,,,0.130002,1.076354,0.050082
908.9025,0.09225,1.043446,0.045072,1.000076,0.064083,0.045019,1.000044,0.064145,0.045019,1.000044,0.064145,0.150067,1.097457,0.07912,,,,0.130002,1.076354,0.050082
909.006,0.091548,1.043235,0.045072,1.000076,0.063425,0.045019,1.000044,0.063486,0.045019,1.000044,0.063486,0.150067,1.097457,0.079777,,,,0.130002,1.076354,0.050751
909.2012,0.090974,1.043065,0.045072,1.000076,0.06289,0.045019,1.000044,0.062951,0.044083,0.999749,0.063837,0.150067,1.097457,0.080314,,,,0.128482,1.075114,0.049335
909.3994,0.090302,1.042871,0.045072,1.000076,0.062267,0.044083,0.999749,0.063212,0.043133,0.999457,0.064107,0.150067,1.097457,0.080941,,,,0.128482,1.075114,0.049973
909.615,0.090302,1.042871,0.045072,1.000076,0.062267,0.044083,0.999749,0.063212,0.043133,0.999457,0.064107,0.150067,1.097457,0.080941,,,,0.128482,1.075114,0.049973
909.7993,0.090167,1.042832,0.045072,1.000076,0.062142,0.044083,0.999749,0.063086,0.043133,0.999457,0.063981,0.150067,1.097457,0.081067,,,,0.128482,1.075114,0.050102
910.0392,0.089666,1.04269,0.045072,1.000076,0.061681,0.042157,0.999157,0.064439,0.043133,0.999457,0.063518,0.150067,1.097457,0.081533,,,,0.126902,1.073862,0.048562
910.2012,0.08915,1.042546,0.045072,1.000076,0.061209,0.042157,0.999157,0.063961,0.043133,0.999457,0.063042,0.150067,1.097457,0.082012,,,,0.126902,1.073862,0.04905
910.4137,0.089064,1.042522,0.045072,1.000076,0.061131,0.041244,0.99889,0.064735,0.041311,0.998911,0.064671,0.150067,1.097457,0.082092,,,,0.126148,1.073283,0.048181
910.5982,0.088936,1.042487,0.045072,1.000076,0.061014,0.041244,0.99889,0.064616,0.041311,0.998911,0.064553,0.150067,1.097457,0.082211,,,,0.126148,1.073283,0.048303
910.816,0.088721,1.042428,0.045072,1.000076,0.060819,0.041244,0.99889,0.064418,0.041311,0.998911,0.064355,0.150067,1.097457,0.08241,,,,0.126148,1.073283,0.048506
911.0018,0.087689,1.04215,0.045072,1.000076,0.059887,0.041244,0.99889,0.063472,0.041311,0.998911,0.063409,0.150067,1.097457,0.083365,,,,0.126148,1.073283,0.049481
911.206,0.087431,1.042082,0.045072,1.000076,0.059656,0.041244,0.99889,0.063236,0.041311,0.998911,0.063173,0.150067,1.097457,0.083604,,,,0.126148,1.073283,0.049724
911.4069,0.086855,1.041933,0.045072,1.000076,0.059142,0.039398,0.998365,0.064423,0.040395,0.99865,0.063496,0.150067,1.097457,0.084135,,,,0.124619,1.072123,0.048349
911.6025,0.086099,1.04174,0.045072,1.000076,0.058473,0.038398,0.998096,0.064655,0.039471,0.998394,0.063664,0.150067,1.097457,0.08483,,,,0.124619,1.072123,0.04906
912.0848,0.086099,1.04174,0.045072,1.000076,0.058473,0.038398,0.998096,0.064655,0.039471,0.998394,0.063664,0.150067,1.097457,0.08483,,,,0.124619,1.072123,0.04906
912.1985,0.084565,1.041363,0.045072,1.000076,0.057134,0.037479,0.997854,0.064111,0.037635,0.997899,0.063965,0.150067,1.097457,0.086237,,,,0.123017,1.07095,0.048517
912.4019,0.084565,1.041363,0.045072,1.000076,0.057134,0.037479,0.997854,0.064111,0.037635,0.997899,0.063965,0.150067,1.097457,0.086237,,,,0.123017,1.07095,0.048517
912.6026,0.084518,1.041352,0.045072,1.000076,0.057094,0.037479,0.997854,0.064068,0.037635,0.997899,0.063923,0.150067,1.097457,0.08628,,,,0.123017,1.07095,0.048561
912.7993,0.084518,1.041352,0.045072,1.000076,0.057094,0.037479,0.997854,0.064068,0.037635,0.997899,0.063923,0.150067,1.097457,0.08628,,,,0.123017,1.07095,0.048561
913.0402,0.084106,1.041254,0.045072,1.000076,0.056738,0.037479,0.997854,0.063699,0.037635,0.997899,0.063554,0.150067,1.097457,0.086658,,,,0.123017,1.07095,0.048948
913.2001,0.083235,1.041051,0.045072,1.000076,0.055994,0.035549,0.997361,0.064674,0.035706,0.997405,0.064529,0.150067,1.097457,0.087453,,,,0.121398,1.06979,0.047774
913.399,0.08296,1.040987,0.045072,1.000076,0.055761,0.035549,0.997361,0.064429,0.035706,0.997405,0.064284,0.150067,1.097457,0.087704,,,,0.121398,1.06979,0.048031
913.5993,0.08296,1.040987,0.045072,1.000076,0.055761,0.035549,0.997361,0.064429,0.035706,0.997405,0.064284,0.150067,1.097457,0.087704,,,,0.121398,1.06979,0.048031
913.8039,0.082914,1.040977,0.045072,1.000076,0.055722,0.035549,0.997361,0.064388,0.034738,0.997169,0.065116,0.150067,1.097457,0.087746,,,,0.120582,1.069219,0.047079
914.0028,0.081544,1.04067,0.045072,1.000076,0.054572,0.034581,0.997126,0.064044,0.034738,0.997169,0.0639,0.150067,1.097457,0.088994,,,,0.120582,1.069219,0.048363
914.2058,0.081513,1.040664,0.045072,1.000076,0.054546,0.034581,0.997126,0.064017,0.034738,0.997169,0.063872,0.150067,1.097457,0.089023,,,,0.120582,1.069219,0.048392
914.3984,0.081036,1.040558,0.045072,1.000076,0.054149,0.033596,0.996894,0.064475,0.033835,0.996956,0.064258,0.150067,1.097457,0.089458,,,,0.1194,1.068406,0.047406
914.6102,0.081036,1.040558,0.045072,1.000076,0.054149,0.033596,0.996894,0.064475,0.033342,0.99684,0.064699,0.150067,1.097457,0.089458,,,,0.1194,1.068406,0.047406
914.8745,0.081036,1.040558,0.045072,1.000076,0.054149,0.033596,0.996894,0.064475,0.033342,0.99684,0.064699,0.150067,1.097457,0.089458,,,,0.1194,1.068406,0.047406
914.9984,0.081036,1.040558,0.045072,1.000076,0.054149,0.033596,0.996894,0.064475,0.033342,0.99684,0.064699,0.150067,1.097457,0.089458,,,,0.1194,1.068406,0.047406
915.2043,0.081036,1.040558,0.045072,1.000076,0.054149,0.033596,0.996894,0.064475,0.033342,0.99684,0.064699,0.150067,1.097457,0.089458,,,,0.1194,1.068406,0.047406
915.3984,0.081036,1.040558,0.045072,1.000076,0.054149,0.033596,0.996894,0.064475,0.033342,0.99684,0.064699,0.150067,1.097457,0.089458,,,,0.1194,1.068406,0.047406
915.6007,0.081036,1.040558,0.045072,1.000076,0.054149,0.033596,0.996894,0.064475,0.033342,0.99684,0.064699,0.150067,1.097457,0.089458,,,,0.1194,1.068406,0.047406
915.9963,0.081036,1.040558,0.045072,1.000076,0.054149,0.033596,0.996894,0.064475,0.033342,0.99684,0.064699,0.150067,1.097457,0.089458,,,,0.1194,1.068406,0.047406
916.0093,0.081036,1.040558,0.045072,1.000076,0.054149,0.033596,0.996894,0.064475,0.033342,0.99684,0.064699,0.150067,1.097457,0.089458,,,,0.1194,1.068406,0.047406
916.2106,0.081036,1.040558,0.045072,1.000076,0.054149,0.033596,0.996894,0.064475,0.033342,0.99684,0.064699,0.150067,1.097457,0.089458,,,,0.1194,1.068406,0.047406
916.4092,0.081036,1.040558,0.045072,1.000076,0.054149,0.033596,0.996894,0.064475,0.033342,0.99684,0.064699,0.150067,1.097457,0.089458,,,,0.1194,1.068406,0.047406
916.5986,0.081036,1.040558,0.045072,1.000076,0.054149,0.033596,0.996894,0.064475,0.033342,0.99684,0.064699,0.088122,1.053126,0.014428,,,,0.1194,1.068406,0.047406
916.8953,0.081036,1.040558,0.045072,1.000076,0.054149,0.033596,0.996894,0.064475,0.033342,0.99684,0.064699,0.088122,1.053126,0.014428,,,,0.1194,1.068406,0.047406
917.0117,0.081036,1.040558,0.045072,1.000076,0.054149,0.033596,0.996894,0.064475,0.033342,0.99684,0.064699,0.088122,1.053126,0.014428,,,,0.1194,1.068406,0.047406
917.1985,0.081036,1.040558,0.045072,1.000076,0.054149,0.033596,0.996894,0.064475,0.033342,0.99684,0.064699,0.088122,1.053126,0.014428,,,,0.1194,1.068406,0.047406
917.3983,0.081036,1.040558,0.045072,1.000076,0.054149,0.033596,0.996894,0.064475,0.033342,0.99684,0.064699,0.088122,1.053126,0.014428,,,,0.088111,1.053137,0.014433
917.6065,0.081036,1.040558,0.045072,1.000076,0.054149,0.033596,0.996894,0.064475,0.033342,0.99684,0.064699,0.088122,1.053126,0.014428,,,,0.088111,1.053137,0.014433
917.8025,0.081036,1.040558,0.045072,1.000076,0.054149,0.033596,0.996894,0.064475,0.033342,0.99684,0.064699,0.088122,1.053126,0.014428,,,,0.088111,1.053137,0.014433
918.0045,0.081036,1.040558,0.045072,1.000076,0.054149,0.033596,0.996894,0.064475,0.033342,0.99684,0.064699,0.088122,1.053126,0.014428,,,,0.088111,1.053137,0.014433
918.2246,0.081036,1.040558,0.045072,1.000076,0.054149,0.033596,0.996894,0.064475,0.033342,0.99684,0.064699,0.088122,1.053126,0.014428,,,,0.088111,1.053137,0.014433
918.4142,0.081036,1.040558,0.045072,1.000076,0.054149,0.033596,0.996894,0.064475,0.033342,0.99684,0.064699,0.088122,1.053126,0.014428,,,,0.088111,1.053137,0.014433
918.6034,0.081036,1.040558,0.045072,1.000076,0.054149,0.033596,0.996894,0.064475,0.033342,0.99684,0.064699,0.088122,1.053126,0.014428,,,,0.088111,1.053137,0.014433
918.8222,0.081036,1.040558,0.045072,1.000076,0.054149,0.033596,0.996894,0.064475,0.033342,0.99684,0.064699,0.088122,1.053126,0.014428,,,,0.088111,1.053137,0.014433
919.0003,0.081036,1.040558,0.045072,1.000076,0.054149,0.033596,0.996894,0.064475,0.033342,0.99684,0.064699,0.088122,1.053126,0.014428,,,,0.088111,1.053137,0.014433
919.1986,0.081036,1.040558,0.045072,1.000076,0.054149,0.033596,0.996894,0.064475,0.033342,0.99684,0.064699,0.088122,1.053126,0.014428,,,,0.088111,1.053137,0.014433
919.4022,0.081036,1.040558,0.045072,1.000076,0.054149,0.033596,0.996894,0.064475,0.033342,0.99684,0.064699,0.088122,1.053126,0.014428,,,,0.088111,1.053137,0.014433
919.5996,0.081036,1.040558,0.045072,1.000076,0.054149,0.033596,0.996894,0.064475,0.033342,0.99684,0.064699,0.088122,1.053126,0.014428,,,,0.088111,1.053137,0.014433
919.8311,0.081036,1.040558,0.045072,1.000076,0.054149,0.033596,0.996894,0.064475,0.033342,0.99684,0.064699,0.088122,1.053126,0.014428,,,,0.088111,1.053137,0.014433
920.0025,0.081036,1.040558,0.045072,1.000076,0.054149,0.033596,0.996894,0.064475,0.033342,0.99684,0.064699,0.088122,1.053126,0.014428,,,,0.088111,1.053137,0.014433
920.199,0.081036,1.040558,0.045072,1.000076,0.054149,0.033596,0.996894,0.064475,0.033342,0.99684,0.064699,0.088122,1.053126,0.014428,,,,0.088111,1.053137,0.014433
920.3983,0.081036,1.040558,0.045072,1.000076,0.054149,0.033596,0.996894,0.064475,0.033342,0.99684,0.064699,0.088122,1.053126,0.014428,,,,0.088111,1.053137,0.014433
920.6084,0.081036,1.040558,0.045072,1.000076,0.054149,0.033596,0.996894,0.064475,0.033342,0.99684,0.064699,0.088122,1.053126,0.014428,,,,0.088111,1.053137,0.014433
920.818,0.081036,1.040558,0.045072,1.000076,0.054149,0.033596,0.996894,0.064475,0.033342,0.99684,0.064699,0.088122,1.053126,0.014428,,,,0.088111,1.053137,0.014433
921.0018,0.081036,1.040558,0.045072,1.000076,0.054149,0.033596,0.996894,0.064475,0.033342,0.99684,0.064699,0.088122,1.053126,0.014428,,,,0.088111,1.053137,0.014433
921.1982,0.081036,1.040558,0.045072,1.000076,0.054149,0.033596,0.996894,0.064475,0.033342,0.99684,0.064699,0.088122,1.053126,0.014428,,,,0.088111,1.053137,0.014433
921.3987,0.081036,1.040558,0.045072,1.000076,0.054149,0.033596,0.996894,0.064475,0.033342,0.99684,0.064699,0.088122,1.053126,0.014428,,,,0.088111,1.053137,0.014433
921.6066,0.081036,1.040558,0.045072,1.000076,0.054149,0.033596,0.996894,0.064475,0.033342,0.99684,0.064699,0.088122,1.053126,0.014428,,,,0.088111,1.053137,0.014433
921.8622,0.081036,1.040558,0.045072,1.000076,0.054149,0.033596,0.996894,0.064475,0.033342,0.99684,0.064699,0.088122,1.053126,0.014428,,,,0.088111,1.053137,0.014433
921.9984,0.081036,1.040558,0.045072,1.000076,0.054149,0.033596,0.996894,0.064475,0.033342,0.99684,0.064699,0.088122,1.053126,0.014428,,,,0.088111,1.053137,0.014433
922.2007,0.081036,1.040558,0.045072,1.000076,0.054149,0.033596,0.996894,0.064475,0.033342,0.99684,0.064699,0.088122,1.053126,0.014428,,,,0.088111,1.053137,0.014433
922.3997,0.081036,1.040558,0.045072,1.000076,0.054149,0.033596,0.996894,0.064475,0.033342,0.99684,0.064699,0.088122,1.053126,0.014428,,,,0.088111,1.053137,0.014433
922.5989,0.081036,1.040558,0.045072,1.000076,0.054149,0.033596,0.996894,0.064475,0.033342,0.99684,0.064699,0.088122,1.053126,0.014428,,,,0.088111,1.053137,0.014433
922.9147,0.081036,1.040558,0.045072,1.000076,0.054149,0.033596,0.996894,0.064475,0.033342,0.99684,0.064699,0.088122,1.053126,0.014428,,,,0.088111,1.053137,0.014433
922.9985,0.081036,1.040558,0.045072,1.000076,0.054149,0.033596,0.996894,0.064475,0.033342,0.99684,0.064699,0.088122,1.053126,0.014428,,,,0.088111,1.053137,0.014433
923.2045,0.081036,1.040558,0.045072,1.000076,0.054149,0.033596,0.996894,0.064475,0.033342,0.99684,0.064699,0.088122,1.053126,0.014428,,,,0.088111,1.053137,0.014433
923.3985,0.081036,1.040558,0.045072,1.000076,0.054149,0.033596,0.996894,0.064475,0.033342,0.99684,0.064699,0.088122,1.053126,0.014428,,,,0.088111,1.053137,0.014433
923.6004,0.081036,1.040558,0.045072,1.000076,0.054149,0.033596,0.996894,0.064475,0.033342,0.99684,0.064699,0.088122,1.053126,0.014428,,,,0.088111,1.053137,0.014433
923.7994,0.081036,1.040558,0.045072,1.000076,0.054149,0.033596,0.996894,0.064475,0.033342,0.99684,0.064699,0.088122,1.053126,0.014428,,,,0.088111,1.053137,0.014433
924.0019,0.081036,1.040558,0.045072,1.000076,0.054149,0.033596,0.996894,0.064475,0.033342,0.99684,0.064699,0.088122,1.053126,0.014428,,,,0.088111,1.053137,0.014433
924.2078,0.081036,1.040558,0.045072,1.000076,0.054149,0.033596,0.996894,0.064475,0.033342,0.99684,0.064699,0.088122,1.053126,0.014428,,,,0.088111,1.053137,0.014433
924.4038,0.081036,1.040558,0.045072,1.000076,0.054149,0.033596,0.996894,0.064475,0.033342,0.99684,0.064699,0.088122,1.053126,0.014428,,,,0.088111,1.053137,0.014433
924.5984,0.081036,1.040558,0.045072,1.000076,0.054149,0.033596,0.996894,0.064475,0.033342,0.99684,0.064699,0.088122,1.053126,0.014428,,,,0.088111,1.053137,0.014433
924.8,0.081036,1.040558,0.045072,1.000076,0.054149,0.033596,0.996894,0.064475,0.033342,0.99684,0.064699,0.088122,1.053126,0.014428,,,,0.088111,1.053137,0.014433
924.9988,0.081036,1.040558,0.045072,1.000076,0.054149,0.033596,0.996894,0.064475,0.033342,0.99684,0.064699,0.088122,1.053126,0.014428,,,,0.088111,1.053137,0.014433
925.2059,0.081036,1.040558,0.045072,1.000076,0.054149,0.033596,0.996894,0.064475,0.033342,0.99684,0.064699,0.088122,1.053126,0.014428,,,,0.088111,1.053137,0.014433
925.4183,0.081036,1.040558,0.045072,1.000076,0.054149,0.033596,0.996894,0.064475,0.033342,0.99684,0.064699,0.088122,1.053126,0.014428,,,,0.088111,1.053137,0.014433
925.6037,0.081036,1.040558,0.045072,1.000076,0.054149,0.033596,0.996894,0.064475,0.033342,0.99684,0.064699,0.088122,1.053126,0.014428,,,,0.088111,1.053137,0.014433
925.8938,0.081036,1.040558,0.045072,1.000076,0.054149,0.033596,0.996894,0.064475,0.033342,0.99684,0.064699,0.088122,1.053126,0.014428,,,,0.088111,1.053137,0.014433
925.9991,0.081036,1.040558,0.045072,1.000076,0.054149,0.033596,0.996894,0.064475,0.033342,0.99684,0.064699,0.088122,1.053126,0.014428,,,,0.088111,1.053137,0.014433
926.1985,0.081036,1.040558,0.045072,1.000076,0.054149,0.033596,0.996894,0.064475,0.033342,0.99684,0.064699,0.088122,1.053126,0.014428,,,,0.088111,1.053137,0.014433
926.3985,0.081036,1.040558,0.045072,1.000076,0.054149,0.033596,0.996894,0.064475,0.033342,0.99684,0.064699,0.088122,1.053126,0.014428,,,,0.088111,1.053137,0.014433
926.6007,0.081036,1.040558,0.045072,1.000076,0.054149,0.033596,0.996894,0.064475,0.033342,0.99684,0.064699,0.088122,1.053126,0.014428,,,,0.088111,1.053137,0.014433
926.7987,0.081036,1.040558,0.045072,1.000076,0.054149,0.033596,0.996894,0.064475,0.033342,0.99684,0.064699,0.088122,1.053126,0.014428,,,,0.088111,1.053137,0.014433
927.0058,0.081036,1.040558,0.045072,1.000076,0.054149,0.033596,0.996894,0.064475,0.033342,0.99684,0.064699,0.088122,1.053126,0.014428,,,,0.088111,1.053137,0.014433
927.2063,0.081036,1.040558,0.045072,1.000076,0.054149,0.033596,0.996894,0.064475,0.033342,0.99684,0.064699,0.088122,1.053126,0.014428,,,,0.088111,1.053137,0.014433
927.4052,0.081036,1.040558,0.045072,1.000076,0.054149,0.033596,0.996894,0.064475,0.033342,0.99684,0.064699,0.088122,1.053126,0.014428,,,,0.088111,1.053137,0.014433
927.5992,0.081036,1.040558,0.045072,1.000076,0.054149,0.033596,0.996894,0.064475,0.033342,0.99684,0.064699,0.088122,1.053126,0.014428,,,,0.088111,1.053137,0.014433
927.801,0.081036,1.040558,0.045072,1.000076,0.054149,0.033596,0.996894,0.064475,0.033342,0.99684,0.064699,0.088122,1.053126,0.014428,,,,0.088111,1.053137,0.014433
927.9999,0.081036,1.040558,0.045072,1.000076,0.054149,0.033596,0.996894,0.064475,0.033342,0.99684,0.064699,0.088122,1.053126,0.014428,,,,0.088111,1.053137,0.014433
928.2075,0.081036,1.040558,0.045072,1.000076,0.054149,0.033596,0.996894,0.064475,0.033342,0.99684,0.064699,0.088122,1.053126,0.014428,,,,0.088111,1.053137,0.014433
928.4165,0.081036,1.040558,0.045072,1.000076,0.054149,0.033596,0.996894,0.064475,0.033342,0.99684,0.064699,0.088122,1.053126,0.014428,,,,0.088111,1.053137,0.014433
928.5998,0.081036,1.040558,0.045072,1.000076,0.054149,0.033596,0.996894,0.064475,0.033342,0.99684,0.064699,0.088122,1.053126,0.014428,,,,0.088111,1.053137,0.014433
928.7982,0.081036,1.040558,0.045072,1.000076,0.054149,0.033596,0.996894,0.064475,0.033342,0.99684,0.064699,0.088122,1.053126,0.014428,,,,0.088111,1.053137,0.014433
928.9987,0.081036,1.040558,0.045072,1.000076,0.054149,0.033596,0.996894,0.064475,0.033342,0.99684,0.064699,0.088122,1.053126,0.014428,,,,0.088111,1.053137,0.014433
929.1982,0.081036,1.040558,0.045072,1.000076,0.054149,0.033596,0.996894,0.064475,0.033342,0.99684,0.064699,0.088122,1.053126,0.014428,,,,0.088111,1.053137,0.014433
929.3983,0.081036,1.040558,0.045072,1.000076,0.054149,0.033596,0.996894,0.064475,0.033342,0.99684,0.064699,0.088122,1.053126,0.014428,,,,0.088111,1.053137,0.014433
929.6045,0.081036,1.040558,0.045072,1.000076,0.054149,0.033596,0.996894,0.064475,0.033342,0.99684,0.064699,0.088122,1.053126,0.014428,,,,0.088111,1.053137,0.014433
929.8703,0.081036,1.040558,0.045072,1.000076,0.054149,0.033596,0.996894,0.064475,0.033342,0.99684,0.064699,0.088122,1.053126,0.014428,,,,0.088111,1.053137,0.014433
929.9994,0.081036,1.040558,0.045072,1.000076,0.054149,0.033596,0.996894,0.064475,0.033342,0.99684,0.064699,0.088122,1.053126,0.014428,,,,0.088111,1.053137,0.014433
930.2064,0.081036,1.040558,0.045072,1.000076,0.054149,0.033596,0.996894,0.064475,0.033342,0.99684,0.064699,0.088122,1.053126,0.014428,,,,0.088111,1.053137,0.014433
930.4065,0.081036,1.040558,0.045072,1.000076,0.054149,0.033596,0.996894,0.064475,0.033342,0.99684,0.064699,0.088122,1.053126,0.014428,,,,0.088111,1.053137,0.014433
930.6124,0.081036,1.040558,0.045072,1.000076,0.054149,0.033596,0.996894,0.064475,0.033342,0.99684,0.064699,0.088122,1.053126,0.014428,,,,0.088111,1.053137,0.014433
930.8087,0.081036,1.040558,0.045072,1.000076,0.054149,0.033596,0.996894,0.064475,0.033342,0.99684,0.064699,0.088122,1.053126,0.014428,,,,0.088111,1.053137,0.014433
931.0021,0.081036,1.040558,0.045072,1.000076,0.054149,0.033596,0.996894,0.064475,0.033342,0.99684,0.064699,0.088122,1.053126,0.014428,,,,0.088111,1.053137,0.014433
931.2061,0.081036,1.040558,0.045072,1.000076,0.054149,0.033596,0.996894,0.064475,0.033342,0.99684,0.064699,0.088122,1.053126,0.014428,,,,0.088111,1.053137,0.014433
931.4173,0.081036,1.040558,0.045072,1.000076,0.054149,0.033596,0.996894,0.064475,0.033342,0.99684,0.064699,0.070533,1.047624,0.012659,,,,0.088111,1.053137,0.014433
931.6014,0.081036,1.040558,0.045072,1.000076,0.054149,0.033596,0.996894,0.064475,0.033342,0.99684,0.064699,0.070533,1.047624,0.012659,,,,0.088111,1.053137,0.014433
931.904,0.081036,1.040558,0.045072,1.000076,0.054149,0.033596,0.996894,0.064475,0.033342,0.99684,0.064699,0.070533,1.047624,0.012659,,,,0.088111,1.053137,0.014433
932.0196,0.081036,1.040558,0.045072,1.000076,0.054149,0.033596,0.996894,0.064475,0.033342,0.99684,0.064699,0.070533,1.047624,0.012659,,,,0.070529,1.047628,0.012664
932.2001,0.081036,1.040558,0.045072,1.000076,0.054149,0.033596,0.996894,0.064475,0.033342,0.99684,0.064699,0.070533,1.047624,0.012659,,,,0.070529,1.047628,0.012664
932.4076,0.081036,1.040558,0.045072,1.000076,0.054149,0.033596,0.996894,0.064475,0.033342,0.99684,0.064699,0.070533,1.047624,0.012659,,,,0.070529,1.047628,0.012664
932.6045,0.081036,1.040558,0.045072,1.000076,0.054149,0.033596,0.996894,0.064475,0.033342,0.99684,0.064699,0.070533,1.047624,0.012659,,,,0.070529,1.047628,0.012664
932.8059,0.081036,1.040558,0.045072,1.000076,0.054149,0.033596,0.996894,0.064475,0.033342,0.99684,0.064699,0.070533,1.047624,0.012659,,,,0.070529,1.047628,0.012664
933.0012,0.081036,1.040558,0.045072,1.000076,0.054149,0.033596,0.996894,0.064475,0.033342,0.99684,0.064699,0.070533,1.047624,0.012659,,,,0.070529,1.047628,0.012664
933.2073,0.081036,1.040558,0.045072,1.000076,0.054149,0.033596,0.996894,0.064475,0.033342,0.99684,0.064699,0.070533,1.047624,0.012659,,,,0.070529,1.047628,0.012664
933.3998,0.081036,1.040558,0.045072,1.000076,0.054149,0.033596,0.996894,0.064475,0.033342,0.99684,0.064699,0.070533,1.047624,0.012659,,,,0.070529,1.047628,0.012664
933.6045,0.081036,1.040558,0.045072,1.000076,0.054149,0.033596,0.996894,0.064475,0.033342,0.99684,0.064699,0.070533,1.047624,0.012659,,,,0.070529,1.047628,0.012664
933.8047,0.081036,1.040558,0.045072,1.000076,0.054149,0.033596,0.996894,0.064475,0.033342,0.99684,0.064699,0.070533,1.047624,0.012659,,,,0.070529,1.047628,0.012664
934.0042,0.081036,1.040558,0.045072,1.000076,0.054149,0.033596,0.996894,0.064475,0.033342,0.99684,0.064699,0.070533,1.047624,0.012659,,,,0.070529,1.047628,0.012664
934.199,0.081036,1.040558,0.045072,1.000076,0.054149,0.033596,0.996894,0.064475,0.033342,0.99684,0.064699,0.070533,1.047624,0.012659,,,,0.070529,1.047628,0.012664
934.3986,0.081036,1.040558,0.045072,1.000076,0.054149,0.033596,0.996894,0.064475,0.033342,0.99684,0.064699,0.070533,1.047624,0.012659,,,,0.070529,1.047628,0.012664
934.6037,0.081036,1.040558,0.045072,1.000076,0.054149,0.033596,0.996894,0.064475,0.033342,0.99684,0.064699,0.070533,1.047624,0.012659,,,,0.070529,1.047628,0.012664
934.8035,0.081036,1.040558,0.045072,1.000076,0.054149,0.033596,0.996894,0.064475,0.033342,0.99684,0.064699,0.070533,1.047624,0.012659,,,,0.070529,1.047628,0.012664
935.0311,0.081036,1.040558,0.045072,1.000076,0.054149,0.033596,0.996894,0.064475,0.033342,0.99684,0.064699,0.070533,1.047624,0.012659,,,,0.070529,1.047628,0.012664
935.1982,0.081036,1.040558,0.045072,1.000076,0.054149,0.033596,0.996894,0.064475,0.033342,0.99684,0.064699,0.070533,1.047624,0.012659,,,,0.070529,1.047628,0.012664
935.4078,0.081036,1.040558,0.045072,1.000076,0.054149,0.033596,0.996894,0.064475,0.033342,0.99684,0.064699,0.070533,1.047624,0.012659,,,,0.070529,1.047628,0.012664
935.6009,0.081036,1.040558,0.045072,1.000076,0.054149,0.033596,0.996894,0.064475,0.033342,0.99684,0.064699,0.070533,1.047624,0.012659,,,,0.070529,1.047628,0.012664
935.806,0.081036,1.040558,0.045072,1.000076,0.054149,0.033596,0.996894,0.064475,0.033342,0.99684,0.064699,0.070533,1.047624,0.012659,,,,0.070529,1.047628,0.012664
936.0048,0.081036,1.040558,0.045072,1.000076,0.054149,0.033596,0.996894,0.064475,0.033342,0.99684,0.064699,0.070533,1.047624,0.012659,,,,0.070529,1.047628,0.012664
936.1984,0.081036,1.040558,0.045072,1.000076,0.054149,0.033596,0.996894,0.064475,0.033342,0.99684,0.064699,0.070533,1.047624,0.012659,,,,0.070529,1.047628,0.012664
936.3992,0.081036,1.040558,0.045072,1.000076,0.054149,0.033596,0.996894,0.064475,0.033342,0.99684,0.064699,0.070533,1.047624,0.012659,,,,0.070529,1.047628,0.012664
936.5993,0.081036,1.040558,0.045072,1.000076,0.054149,0.033596,0.996894,0.064475,0.033342,0.99684,0.064699,0.070533,1.047624,0.012659,,,,0.070529,1.047628,0.012664
936.8346,0.081036,1.040558,0.045072,1.000076,0.054149,0.033596,0.996894,0.064475,0.033342,0.99684,0.064699,0.070533,1.047624,0.012659,,,,0.070529,1.047628,0.012664
937.0075,0.081036,1.040558,0.045072,1.000076,0.054149,0.033596,0.996894,0.064475,0.033342,0.99684,0.064699,0.070533,1.047624,0.012659,,,,0.070529,1.047628,0.012664
937.2025,0.081036,1.040558,0.045072,1.000076,0.054149,0.033596,0.996894,0.064475,0.033342,0.99684,0.064699,0.070533,1.047624,0.012659,,,,0.070529,1.047628,0.012664
937.4036,0.081036,1.040558,0.045072,1.000076,0.054149,0.033596,0.996894,0.064475,0.033342,0.99684,0.064699,0.070533,1.047624,0.012659,,,,0.070529,1.047628,0.012664
937.6208,0.081036,1.040558,0.045072,1.000076,0.054149,0.033596,0.996894,0.064475,0.033342,0.99684,0.064699,0.070533,1.047624,0.012659,,,,0.070529,1.047628,0.012664
937.7981,0.081036,1.040558,0.045072,1.000076,0.054149,0.033596,0.996894,0.064475,0.033342,0.99684,0.064699,0.070533,1.047624,0.012659,,,,0.070529,1.047628,0.012664
937.9987,0.081036,1.040558,0.045072,1.000076,0.054149,0.033596,0.996894,0.064475,0.033342,0.99684,0.064699,0.070533,1.047624,0.012659,,,,0.070529,1.047628,0.012664
938.1984,0.081036,1.040558,0.045072,1.000076,0.054149,0.033596,0.996894,0.064475,0.033342,0.99684,0.064699,0.070533,1.047624,0.012659,,,,0.070529,1.047628,0.012664
938.4174,0.081036,1.040558,0.045072,1.000076,0.054149,0.033596,0.996894,0.064475,0.033342,0.99684,0.064699,0.070533,1.047624,0.012659,,,,0.070529,1.047628,0.012664
938.5988,0.081036,1.040558,0.045072,1.000076,0.054149,0.033596,0.996894,0.064475,0.033342,0.99684,0.064699,0.070533,1.047624,0.012659,,,,0.070529,1.047628,0.012664
938.8013,0.081036,1.040558,0.045072,1.000076,0.054149,0.033596,0.996894,0.064475,0.033342,0.99684,0.064699,0.070533,1.047624,0.012659,,,,0.070529,1.047628,0.012664
939.0007,0.081036,1.040558,0.045072,1.000076,0.054149,0.033596,0.996894,0.064475,0.033342,0.99684,0.064699,0.070533,1.047624,0.012659,,,,0.070529,1.047628,0.012664
939.1995,0.081036,1.040558,0.045072,1.000076,0.054149,0.033596,0.996894,0.064475,0.033342,0.99684,0.064699,0.070533,1.047624,0.012659,,,,0.070529,1.047628,0.012664
939.3983,0.081036,1.040558,0.045072,1.000076,0.054149,0.033596,0.996894,0.064475,0.033342,0.99684,0.064699,0.070533,1.047624,0.012659,,,,0.070529,1.047628,0.012664
939.6035,0.081036,1.040558,0.045072,1.000076,0.054149,0.033596,0.996894,0.064475,0.033342,0.99684,0.064699,0.070533,1.047624,0.012659,,,,0.070529,1.047628,0.012664
939.8081,0.081036,1.040558,0.045072,1.000076,0.054149,0.033596,0.996894,0.064475,0.033342,0.99684,0.064699,0.070533,1.047624,0.012659,,,,0.070529,1.047628,0.012664
939.9983,0.081036,1.040558,0.045072,1.000076,0.054149,0.033596,0.996894,0.064475,0.033342,0.99684,0.064699,0.070533,1.047624,0.012659,,,,0.070529,1.047628,0.012664
940.1997,0.081036,1.040558,0.045072,1.000076,0.054149,0.033596,0.996894,0.064475,0.033342,0.99684,0.064699,0.070533,1.047624,0.012659,,,,0.070529,1.047628,0.012664
940.399,0.081036,1.040558,0.045072,1.000076,0.054149,0.033596,0.996894,0.064475,0.033342,0.99684,0.064699,0.070533,1.047624,0.012659,,,,0.070529,1.047628,0.012664
940.5985,0.081036,1.040558,0.045072,1.000076,0.054149,0.033596,0.996894,0.064475,0.033342,0.99684,0.064699,0.070533,1.047624,0.012659,,,,0.070529,1.047628,0.012664
941.0525,0.081036,1.040558,0.045072,1.000076,0.054149,0.033596,0.996894,0.064475,0.033342,0.99684,0.064699,0.070533,1.047624,0.012659,,,,0.070529,1.047628,0.012664
941.1994,0.081036,1.040558,0.045072,1.000076,0.054149,0.033596,0.996894,0.064475,0.033342,0.99684,0.064699,0.070533,1.047624,0.012659,,,,0.070529,1.047628,0.012664
941.399,0.081036,1.040558,0.045072,1.000076,0.054149,0.033596,0.996894,0.064475,0.033342,0.99684,0.064699,0.070533,1.047624,0.012659,,,,0.070529,1.047628,0.012664
941.5989,0.081036,1.040558,0.045072,1.000076,0.054149,0.033596,0.996894,0.064475,0.033342,0.99684,0.064699,0.070533,1.047624,0.012659,,,,0.070529,1.047628,0.012664
941.825,0.081036,1.040558,0.045072,1.000076,0.054149,0.033596,0.996894,0.064475,0.033342,0.99684,0.064699,0.070533,1.047624,0.012659,,,,0.070529,1.047628,0.012664
941.9996,0.081036,1.040558,0.045072,1.000076,0.054149,0.033596,0.996894,0.064475,0.033342,0.99684,0.064699,0.070533,1.047624,0.012659,,,,0.070529,1.047628,0.012664
942.2084,0.081036,1.040558,0.045072,1.000076,0.054149,0.033596,0.996894,0.064475,0.033342,0.99684,0.064699,0.070533,1.047624,0.012659,,,,0.070529,1.047628,0.012664
942.4114,0.081036,1.040558,0.045072,1.000076,0.054149,0.033596,0.996894,0.064475,0.033342,0.99684,0.064699,0.070533,1.047624,0.012659,,,,0.070529,1.047628,0.012664
942.6013,0.081036,1.040558,0.045072,1.000076,0.054149,0.033596,0.996894,0.064475,0.033342,0.99684,0.064699,0.070533,1.047624,0.012659,,,,0.070529,1.047628,0.012664
942.7985,0.081036,1.040558,0.045072,1.000076,0.054149,0.033596,0.996894,0.064475,0.033342,0.99684,0.064699,0.070533,1.047624,0.012659,,,,0.070529,1.047628,0.012664
943.0007,0.081036,1.040558,0.045072,1.000076,0.054149,0.033596,0.996894,0.064475,0.033342,0.99684,0.064699,0.070533,1.047624,0.012659,,,,0.070529,1.047628,0.012664
943.1983,0.081036,1.040558,0.045072,1.000076,0.054149,0.033596,0.996894,0.064475,0.033342,0.99684,0.064699,0.070533,1.047624,0.012659,,,,0.070529,1.047628,0.012664
943.4083,0.081036,1.040558,0.045072,1.000076,0.054149,0.033596,0.996894,0.064475,0.033342,0.99684,0.064699,0.070533,1.047624,0.012659,,,,0.070529,1.047628,0.012664
943.5991,0.081036,1.040558,0.045072,1.000076,0.054149,0.033596,0.996894,0.064475,0.033342,0.99684,0.064699,0.070533,1.047624,0.012659,,,,0.070529,1.047628,0.012664
943.7983,0.081036,1.040558,0.045072,1.000076,0.054149,0.033596,0.996894,0.064475,0.033342,0.99684,0.064699,0.070533,1.047624,0.012659,,,,0.070529,1.047628,0.012664
943.9993,0.081036,1.040558,0.045072,1.000076,0.054149,0.033596,0.996894,0.064475,0.033342,0.99684,0.064699,0.070533,1.047624,0.012659,,,,0.070529,1.047628,0.012664
944.1995,0.081036,1.040558,0.045072,1.000076,0.054149,0.033596,0.996894,0.064475,0.033342,0.99684,0.064699,0.070533,1.047624,0.012659,,,,0.070529,1.047628,0.012664
944.4011,0.081036,1.040558,0.045072,1.000076,0.054149,0.033596,0.996894,0.064475,0.033342,0.99684,0.064699,0.070533,1.047624,0.012659,,,,0.070529,1.047628,0.012664
944.5993,0.081036,1.040558,0.045072,1.000076,0.054149,0.033596,0.996894,0.064475,0.033342,0.99684,0.064699,0.070533,1.047624,0.012659,,,,0.070529,1.047628,0.012664
944.7986,0.081036,1.040558,0.045072,1.000076,0.054149,0.033596,0.996894,0.064475,0.033342,0.99684,0.064699,0.070533,1.047624,0.012659,,,,0.070529,1.047628,0.012664
945.007,0.081036,1.040558,0.045072,1.000076,0.054149,0.033596,0.996894,0.064475,0.033342,0.99684,0.064699,0.070533,1.047624,0.012659,,,,0.070529,1.047628,0.012664
945.1989,0.081036,1.040558,0.045072,1.000076,0.054149,0.033596,0.996894,0.064475,0.033342,0.99684,0.064699,0.070533,1.047624,0.012659,,,,0.070529,1.047628,0.012664
945.4036,0.081036,1.040558,0.045072,1.000076,0.054149,0.033596,0.996894,0.064475,0.033342,0.99684,0.064699,0.070533,1.047624,0.012659,,,,0.070529,1.047628,0.012664
945.6168,0.081036,1.040558,0.045072,1.000076,0.054149,0.033596,0.996894,0.064475,0.033342,0.99684,0.064699,0.070533,1.047624,0.012659,,,,0.070529,1.047628,0.012664
945.8997,0.081036,1.040558,0.045072,1.000076,0.054149,0.033596,0.996894,0.064475,0.033342,0.99684,0.064699,0.070533,1.047624,0.012659,,,,0.070529,1.047628,0.012664
946.0036,0.081036,1.040558,0.045072,1.000076,0.054149,0.033596,0.996894,0.064475,0.033342,0.99684,0.064699,0.070533,1.047624,0.012659,,,,0.070529,1.047628,0.012664
946.1986,0.081036,1.040558,0.045072,1.000076,0.054149,0.033596,0.996894,0.064475,0.033342,0.99684,0.064699,0.070533,1.047624,0.012659,,,,0.070529,1.047628,0.012664
946.4104,0.081036,1.040558,0.045072,1.000076,0.054149,0.033596,0.996894,0.064475,0.033342,0.99684,0.064699,0.070533,1.047624,0.012659,,,,0.070529,1.047628,0.012664
946.5986,0.081036,1.040558,0.045072,1.000076,0.054149,0.033596,0.996894,0.064475,0.033342,0.99684,0.064699,0.070533,1.047624,0.012659,,,,0.070529,1.047628,0.012664
946.9487,0.081036,1.040558,0.045072,1.000076,0.054149,0.033596,0.996894,0.064475,0.033342,0.99684,0.064699,0.070533,1.047624,0.012659,,,,0.070529,1.047628,0.012664
947.0001,0.081036,1.040558,0.045072,1.000076,0.054149,0.033596,0.996894,0.064475,0.033342,0.99684,0.064699,0.070533,1.047624,0.012659,,,,0.070529,1.047628,0.012664
947.1999,0.081036,1.040558,0.045072,1.000076,0.054149,0.033596,0.996894,0.064475,0.033342,0.99684,0.064699,0.070533,1.047624,0.012659,,,,0.070529,1.047628,0.012664
947.4132,0.081036,1.040558,0.045072,1.000076,0.054149,0.033596,0.996894,0.064475,0.033342,0.99684,0.064699,0.070533,1.047624,0.012659,,,,0.070529,1.047628,0.012664
947.599,0.081036,1.040558,0.045072,1.000076,0.054149,0.033596,0.996894,0.064475,0.033342,0.99684,0.064699,0.070533,1.047624,0.012659,,,,0.070529,1.047628,0.012664
947.8053,0.081036,1.040558,0.045072,1.000076,0.054149,0.033596,0.996894,0.064475,0.033342,0.99684,0.064699,0.070533,1.047624,0.012659,,,,0.070529,1.047628,0.012664
947.9984,0.080687,1.04048,0.045072,1.000076,0.05386,0.033596,0.996894,0.064166,0.033342,0.99684,0.064389,0.070533,1.047624,0.012415,,,,0.070529,1.047628,0.012421
948.2258,0.080207,1.040374,0.045072,1.000076,0.053464,0.033596,0.996894,0.063743,0.033342,0.99684,0.063965,0.070533,1.047624,0.012089,,,,0.070533,1.047624,0.012089
948.4057,0.080163,1.040365,0.045072,1.000076,0.053428,0.033596,0.996894,0.063704,0.033342,0.99684,0.063927,0.070533,1.047624,0.01206,,,,0.070533,1.047624,0.01206
948.6035,0.078456,1.039986,0.045072,1.000076,0.052031,0.032724,0.996688,0.062977,0.03247,0.996635,0.063198,0.070533,1.047624,0.011006,,,,0.069659,1.04743,0.011525
948.7983,0.078456,1.039986,0.045072,1.000076,0.052031,0.032724,0.996688,0.062977,0.03247,0.996635,0.063198,0.070533,1.047624,0.011006,,,,0.069659,1.04743,0.011525
948.9984,0.078456,1.039986,0.045072,1.000076,0.052031,0.032724,0.996688,0.062977,0.03247,0.996635,0.063198,0.070533,1.047624,0.011006,,,,0.069659,1.04743,0.011525
949.2057,0.077098,1.039687,0.045072,1.000076,0.050938,0.028239,0.995634,0.065786,0.027766,0.995537,0.066203,0.070533,1.047624,0.0103,,,,0.064942,1.046386,0.01388
949.4275,0.077098,1.039687,0.045072,1.000076,0.050938,0.028239,0.995634,0.065786,0.027766,0.995537,0.066203,0.070533,1.047624,0.0103,,,,0.064942,1.046386,0.01388
949.5983,0.075442,1.039325,0.045072,1.000076,0.049627,0.028239,0.995634,0.064319,0.027766,0.995537,0.064733,0.070533,1.047624,0.009642,,,,0.064942,1.046386,0.012653
949.8583,0.075442,1.039325,0.045072,1.000076,0.049627,0.028239,0.995634,0.064319,0.027766,0.995537,0.064733,0.070533,1.047624,0.009642,,,,0.064942,1.046386,0.012653
949.9983,0.071945,1.038569,0.045072,1.000076,0.046945,0.024276,0.994712,0.064775,0.023801,0.994622,0.065186,0.070533,1.047624,0.009165,,,,0.062915,1.045943,0.011659
950.2011,0.071945,1.038569,0.045072,1.000076,0.046945,0.024276,0.994712,0.064775,0.023801,0.994622,0.065186,0.070533,1.047624,0.009165,,,,0.062915,1.045943,0.011659
950.4053,0.071116,1.038391,0.045072,1.000076,0.046329,0.024276,0.994712,0.064046,0.023801,0.994622,0.064455,0.070533,1.047624,0.009252,,,,0.062915,1.045943,0.011149
950.5988,0.068837,1.037905,0.045072,1.000076,0.044674,0.022195,0.994235,0.063895,0.021719,0.994148,0.064302,0.070533,1.047624,0.009866,,,,0.058741,1.045038,0.012361
950.7986,0.066043,1.037317,0.045072,1.000076,0.04274,0.020075,0.993753,0.063332,0.019599,0.99367,0.063735,0.070533,1.047624,0.011242,,,,0.054321,1.044101,0.013544
950.9984,0.066043,1.037317,0.045072,1.000076,0.04274,0.020075,0.993753,0.063332,0.019599,0.99367,0.063735,0.070533,1.047624,0.011242,,,,0.054321,1.044101,0.013544
951.1995,0.064886,1.037076,0.045072,1.000076,0.041971,0.020075,0.993753,0.062328,0.019599,0.99367,0.062729,0.070533,1.047624,0.011965,,,,0.054321,1.044101,0.012687
951.3982,0.06419,1.036932,0.045072,1.000076,0.041519,0.017788,0.993238,0.063736,0.01731,0.993159,0.064138,0.070533,1.047624,0.012433,,,,0.054321,1.044101,0.012198
951.6029,0.060832,1.036243,0.045072,1.000076,0.039451,0.0129,0.99215,0.065129,0.014975,0.992644,0.063275,0.070533,1.047624,0.014955,,,,0.049418,1.043079,0.013304
951.9188,0.060832,1.036243,0.045072,1.000076,0.039451,0.0129,0.99215,0.065129,0.014975,0.992644,0.063275,0.070533,1.047624,0.014955,,,,0.049418,1.043079,0.013304
951.9983,0.057937,1.03566,0.045072,1.000076,0.037838,0.0129,0.99215,0.062622,0.010118,0.991583,0.065034,0.070533,1.047624,0.017372,,,,0.049418,1.043079,0.011297
952.1983,0.056972,1.035468,0.045072,1.000076,0.037338,0.0129,0.99215,0.061796,0.010118,0.991583,0.064196,0.070533,1.047624,0.018212,,,,0.049418,1.043079,0.010723
952.4039,0.055616,1.0352,0.045072,1.000076,0.036672,0.01047,0.991623,0.062746,0.007681,0.991065,0.065158,0.070533,1.047624,0.019414,,,,0.046982,1.042585,0.011362
952.6117,0.054099,1.034902,0.045072,1.000076,0.035977,0.00538,0.990533,0.065896,0.005134,0.990532,0.066079,0.070533,1.047624,0.020782,,,,0.044539,1.042097,0.011965
952.8897,0.054099,1.034902,0.045072,1.000076,0.035977,0.00538,0.990533,0.065896,0.005134,0.990532,0.066079,0.070533,1.047624,0.020782,,,,0.044539,1.042097,0.011965
952.9995,0.05299,1.034687,0.045072,1.000076,0.035505,0.00538,0.990533,0.064933,0.005134,0.990532,0.065115,0.070533,1.047624,0.021797,,,,0.044539,1.042097,0.011239
953.2116,0.052519,1.034596,0.018202,0.99577,0.051818,0.00538,0.990533,0.064526,0.005134,0.990532,0.064707,0.070533,1.047624,0.022232,,,,0.044539,1.042097,0.010951
953.4012,0.04945,1.034011,0.018202,0.99577,0.049385,0.018187,0.995756,0.049405,0.005134,0.990532,0.062084,0.070533,1.047624,0.025096,,,,0.039775,1.041158,0.012028
953.6149,0.049095,1.033945,0.018202,0.99577,0.049109,0.015791,0.995297,0.051017,0.018185,0.995754,0.049132,0.070533,1.047624,0.025431,,,,0.037378,1.040703,0.013526
953.8,0.044781,1.033149,0.018202,0.99577,0.045865,0.015791,0.995297,0.047678,0.018185,0.995754,0.045888,0.070533,1.047624,0.029542,,,,0.037378,1.040703,0.010577
953.9985,0.042705,1.032777,0.018202,0.99577,0.044384,0.011023,0.994402,0.049764,0.015654,0.99527,0.046245,0.070533,1.047624,0.031541,,,,0.034844,1.040231,0.010833
954.2014,0.04214,1.032677,0.018202,0.99577,0.04399,0.011023,0.994402,0.049328,0.011068,0.994409,0.049293,0.070533,1.047624,0.032088,,,,0.030254,1.039393,0.013651
954.4031,0.041363,1.032541,0.018202,0.99577,0.043457,0.011023,0.994402,0.048735,0.011068,0.994409,0.048701,0.070533,1.047624,0.032839,,,,0.030254,1.039393,0.013052
954.605,0.03917,1.032162,0.018202,0.99577,0.042001,0.006551,0.993599,0.050509,0.011068,0.994409,0.047064,0.070533,1.047624,0.034967,,,,0.030254,1.039393,0.011479
954.7983,0.037536,1.031886,0.018202,0.99577,0.040966,0.004334,0.99322,0.050965,0.006642,0.993616,0.049185,0.070533,1.047624,0.036558,,,,0.025824,1.03862,0.01351
955.0078,0.037536,1.031886,0.018202,0.99577,0.040966,0.004334,0.99322,0.050965,0.006642,0.993616,0.049185,0.070533,1.047624,0.036558,,,,0.025824,1.03862,0.01351
955.2097,0.033838,1.031283,0.018202,0.99577,0.038803,0.004334,0.99322,0.048159,0.006642,0.993616,0.04646,0.070533,1.047624,0.040169,,,,0.025824,1.03862,0.010865
955.4017,0.033838,1.031283,0.018202,0.99577,0.038803,0.004334,0.99322,0.048159,0.006642,0.993616,0.04646,0.070533,1.047624,0.040169,,,,0.025824,1.03862,0.010865
955.6137,0.03333,1.031203,0.018202,0.99577,0.038527,0.002073,0.992845,0.049481,0.004382,0.993231,0.047748,0.070533,1.047624,0.040666,,,,0.023562,1.038246,0.012042
955.7988,0.031396,1.030903,0.018202,0.99577,0.037529,-9e-06,0.992509,0.049602,0.000229,0.992544,0.049425,0.070533,1.047624,0.042559,,,,0.019406,1.037579,0.013723
956.0006,0.030894,1.030827,0.018202,0.99577,0.037284,-9e-06,0.992509,0.049226,0.000229,0.992544,0.04905,0.070533,1.047624,0.043051,,,,0.019406,1.037579,0.013325
956.1984,0.030601,1.030783,0.018202,0.99577,0.037143,-9e-06,0.992509,0.049008,0.000229,0.992544,0.048833,0.070533,1.047624,0.043339,,,,0.019406,1.037579,0.013096
956.4135,0.02933,1.030594,0.018202,0.99577,0.036558,-9e-06,0.992509,0.048075,0.000229,0.992544,0.047903,0.070533,1.047624,0.044584,,,,0.019406,1.037579,0.012136
956.6032,0.027254,1.030295,0.018202,0.99577,0.035692,-0.004013,0.991884,0.049528,-0.003806,0.99193,0.049362,0.070533,1.047624,0.04662,,,,0.015342,1.036969,0.013654
956.7993,0.027254,1.030295,0.018202,0.99577,0.035692,-0.004013,0.991884,0.049528,-0.003806,0.99193,0.049362,0.070533,1.047624,0.04662,,,,0.015342,1.036969,0.013654
957.0174,0.025139,1.030004,0.018202,0.99577,0.034929,-0.004013,0.991884,0.047989,-0.003806,0.99193,0.047827,0.070533,1.047624,0.048694,,,,0.015342,1.036969,0.01202
957.2196,0.023929,1.029843,0.018202,0.99577,0.03455,-0.006046,0.99159,0.048598,-0.003806,0.99193,0.046974,0.070533,1.047624,0.049882,,,,0.013277,1.036682,0.012658
957.4063,0.023629,1.029804,0.018202,0.99577,0.034463,-0.006046,0.99159,0.048383,-0.003806,0.99193,0.046767,0.070533,1.047624,0.050175,,,,0.013277,1.036682,0.012429
957.5997,0.021582,1.029543,0.018202,0.99577,0.033942,-0.010117,0.991024,0.049885,-0.005869,0.991633,0.046805,0.070533,1.047624,0.052184,,,,0.013277,1.036682,0.010952
957.8259,0.021582,1.029543,0.018202,0.99577,0.033942,-0.010117,0.991024,0.049885,-0.005869,0.991633,0.046805,0.070533,1.047624,0.052184,,,,0.013277,1.036682,0.010952
957.9992,0.021129,1.029487,0.018202,0.99577,0.033844,-0.012009,0.990783,0.050952,-0.009649,0.991112,0.049194,0.070533,1.047624,0.052628,,,,0.009494,1.036179,0.013422
958.1986,0.021129,1.029487,0.018202,0.99577,0.033844,-0.012009,0.990783,0.050952,-0.009649,0.991112,0.049194,0.070533,1.047624,0.052628,,,,0.009494,1.036179,0.013422
958.3982,0.018534,1.029184,0.018202,0.99577,0.033416,-0.013715,0.990578,0.050304,-0.011354,0.990899,0.048571,0.070533,1.047624,0.055172,,,,0.009494,1.036179,0.01143
958.601,0.018279,1.029156,0.018202,0.99577,0.033386,-0.015477,0.990377,0.051413,-0.013115,0.99069,0.049651,0.070533,1.047624,0.055422,,,,0.005973,1.035756,0.013965
958.9313,0.018279,1.029156,0.018202,0.99577,0.033386,-0.015477,0.990377,0.051413,-0.013115,0.99069,0.049651,0.070533,1.047624,0.055422,,,,0.005973,1.035756,0.013965
959.0035,0.015748,1.02889,0.018202,0.99577,0.033211,-0.0171,0.990203,0.050751,-0.014738,0.99051,0.049015,0.070533,1.047624,0.057899,,,,0.004349,1.035584,0.013219
959.2129,0.014904,1.028808,0.018202,0.99577,0.033202,-0.0171,0.990203,0.050146,-0.014738,0.99051,0.048429,0.070533,1.047624,0.058725,,,,0.004349,1.035584,0.012542
959.3989,0.013598,1.028688,0.018202,0.99577,0.033238,-0.0203,0.989885,0.051525,-0.017936,0.990177,0.049774,0.070533,1.047624,0.060002,,,,0.002749,1.035426,0.01277
959.6046,0.013367,1.028668,0.018202,0.99577,0.033251,-0.0203,0.989885,0.051358,-0.017936,0.990177,0.049613,0.070533,1.047624,0.060227,,,,0.002749,1.035426,0.012586
959.8487,0.013367,1.028668,0.018202,0.99577,0.033251,-0.0203,0.989885,0.051358,-0.017936,0.990177,0.049613,0.070533,1.047624,0.060227,,,,0.002749,1.035426,0.012586
960.0175,0.012655,1.028607,-0.015597,0.998575,0.041232,-0.0203,0.989885,0.050847,-0.017936,0.990177,0.049119,0.070533,1.047624,0.060922,,,,0.002749,1.035426,0.012026
960.2725,0.012051,1.028557,-0.015597,0.998575,0.040784,-0.0203,0.989885,0.05042,-0.017936,0.990177,0.048706,0.070533,1.047624,0.061512,,,,0.002749,1.035426,0.011563
960.4028,0.011581,1.02852,-0.015597,0.998575,0.04044,-0.015653,0.998486,0.040543,-0.015644,0.998491,0.040533,0.070533,1.047624,0.06197,,,,-7e-05,1.035168,0.013414
960.6014,0.010843,1.028464,-0.015597,0.998575,0.039905,-0.015653,0.998486,0.040009,-0.015644,0.998491,0.039999,0.070533,1.047624,0.06269,,,,-7e-05,1.035168,0.012807
960.9381,0.010843,1.028464,-0.015597,0.998575,0.039905,-0.015653,0.998486,0.040009,-0.015644,0.998491,0.039999,0.070533,1.047624,0.06269,,,,-7e-05,1.035168,0.012807
961.0019,0.008659,1.028317,-0.015597,0.998575,0.038379,-0.018434,0.998284,0.040448,-0.017056,0.998388,0.039459,0.070533,1.047624,0.064816,,,,-0.001481,1.03506,0.012178
961.2103,0.008659,1.028317,-0.015597,0.998575,0.038379,-0.018434,0.998284,0.040448,-0.017056,0.998388,0.039459,0.070533,1.047624,0.064816,,,,-0.001481,1.03506,0.012178
961.4342,0.008147,1.028287,-0.015597,0.998575,0.038034,-0.018434,0.998284,0.040083,-0.017056,0.998388,0.039103,0.070533,1.047624,0.065315,,,,-0.001481,1.03506,0.011772
961.5996,0.007009,1.028225,-0.015597,0.998575,0.037285,-0.021107,0.998132,0.041184,-0.019761,0.998212,0.040217,0.070533,1.047624,0.06642,,,,-0.004186,1.034876,0.013022
961.977,0.007009,1.028225,-0.015597,0.998575,0.037285,-0.021107,0.998132,0.041184,-0.019761,0.998212,0.040217,0.070533,1.047624,0.06642,,,,-0.004186,1.034876,0.013022
962.0015,0.006573,1.028204,-0.015597,0.998575,0.037005,-0.021107,0.998132,0.040872,-0.019761,0.998212,0.039912,0.070533,1.047624,0.066844,,,,-0.004186,1.034876,0.01266
962.2076,0.006573,1.028204,-0.015597,0.998575,0.037005,-0.021107,0.998132,0.040872,-0.019761,0.998212,0.039912,0.070533,1.047624,0.066844,,,,-0.004186,1.034876,0.01266
962.423,0.00593,1.028175,-0.015597,0.998575,0.0366,-0.021107,0.998132,0.040417,-0.019761,0.998212,0.039469,0.070533,1.047624,0.067467,,,,-0.004186,1.034876,0.012134
962.599,0.004874,1.028135,-0.015597,0.998575,0.035956,-0.022174,0.998088,0.040427,-0.021895,0.998108,0.040227,0.070533,1.047624,0.068491,,,,-0.00632,1.034764,0.013009
962.8207,0.004874,1.028135,-0.015597,0.998575,0.035956,-0.022174,0.998088,0.040427,-0.021895,0.998108,0.040227,0.070533,1.047624,0.068491,,,,-0.00632,1.034764,0.013009
963.0042,0.004135,1.028113,-0.015597,0.998575,0.035522,-0.023209,0.998055,0.040634,-0.02293,0.998075,0.040432,0.070533,1.047624,0.069205,,,,-0.007354,1.034728,0.013258
963.2014,0.003543,1.028099,-0.015597,0.998575,0.035185,-0.023209,0.998055,0.040228,-0.02293,0.998075,0.040028,0.070533,1.047624,0.069778,,,,-0.007354,1.034728,0.012755
963.3995,0.00313,1.028091,-0.015597,0.998575,0.034956,-0.023209,0.998055,0.039949,-0.02293,0.998075,0.039751,0.070533,1.047624,0.070176,,,,-0.007354,1.034728,0.012408
963.5986,0.002639,1.028085,-0.015597,0.998575,0.03469,-0.024996,0.998013,0.040842,-0.024717,0.998033,0.040638,0.070533,1.047624,0.07065,,,,-0.009141,1.034681,0.013501
963.7988,0.00245,1.028084,-0.015597,0.998575,0.03459,-0.024996,0.998013,0.040713,-0.024717,0.998033,0.04051,0.070533,1.047624,0.070832,,,,-0.009141,1.034681,0.013337
964.002,0.002387,1.028083,-0.015597,0.998575,0.034557,-0.024996,0.998013,0.04067,-0.024717,0.998033,0.040468,0.070533,1.047624,0.070892,,,,-0.009141,1.034681,0.013283
964.2031,0.002387,1.028083,-0.015597,0.998575,0.034557,-0.024996,0.998013,0.04067,-0.024717,0.998033,0.040468,0.070533,1.047624,0.070892,,,,-0.009141,1.034681,0.013283
964.4014,0.001949,1.028082,-0.015597,0.998575,0.03433,-0.025708,0.998009,0.040857,-0.024717,0.998033,0.040174,0.070533,1.047624,0.071314,,,,-0.009853,1.034674,0.013519
964.5993,0.001503,1.028085,-0.015597,0.998575,0.034106,-0.025708,0.998009,0.040559,-0.025429,0.99803,0.040356,0.070533,1.047624,0.071743,,,,-0.009853,1.034674,0.01313
965.1244,0.001503,1.028085,-0.015597,0.998575,0.034106,-0.025708,0.998009,0.040559,-0.025429,0.99803,0.040356,0.070533,1.047624,0.071743,,,,-0.009853,1.034674,0.01313
965.2026,0.000472,1.028104,-0.015597,0.998575,0.033618,-0.026961,0.998013,0.040719,-0.026682,0.998034,0.040516,0.070533,1.047624,0.07273,,,,-0.011107,1.034675,0.013313
965.3993,-9e-06,1.028119,-0.015597,0.998575,0.033404,-0.028214,0.99804,0.041234,-0.027935,0.998062,0.041028,0.070533,1.047624,0.073189,,,,-0.01236,1.034699,0.013994
965.605,-0.000185,1.028126,-0.015597,0.998575,0.033328,-0.028717,0.998061,0.041448,-0.028438,0.998083,0.04124,0.070533,1.047624,0.073357,,,,-0.012862,1.034718,0.014289
965.7991,-0.000185,1.028126,-0.015597,0.998575,0.033328,-0.028717,0.998061,0.041448,-0.028438,0.998083,0.04124,0.070533,1.047624,0.073357,,,,-0.012862,1.034718,0.014289
966.0268,-0.000464,1.028138,-0.022537,1.003425,0.033135,-0.028717,0.998061,0.041265,-0.028438,0.998083,0.041058,0.070533,1.047624,0.073623,,,,-0.012862,1.034718,0.014036
966.2234,-0.000577,1.028143,-0.022537,1.003425,0.033064,-0.022613,1.003338,0.033179,-0.022611,1.00334,0.033176,0.020584,1.039271,0.023909,,,,-0.013272,1.034738,0.014306
966.406,-0.000685,1.028148,-0.022537,1.003425,0.032996,-0.022613,1.003338,0.033112,-0.022611,1.00334,0.033109,0.020584,1.039271,0.024002,,,,-0.013272,1.034738,0.014208
966.6597,-0.000693,1.028149,-0.022537,1.003425,0.032991,-0.022613,1.003338,0.033107,-0.022811,1.003353,0.033227,0.020584,1.039271,0.024009,,,,-0.013272,1.034738,0.014201
967.0739,-0.000694,1.028149,-0.022537,1.003425,0.032991,-0.022813,1.003352,0.033229,-0.022811,1.003353,0.033226,0.020584,1.039271,0.02401,,,,0.020593,1.039266,0.024014
967.2329,-0.00091,1.028162,-0.022537,1.003425,0.032858,-0.023031,1.003368,0.033228,-0.022811,1.003353,0.033093,0.020584,1.039271,0.024195,,,,0.020593,1.039266,0.0242
967.3986,-0.001037,1.028172,-0.022537,1.003425,0.032782,-0.02325,1.003387,0.033282,-0.023466,1.003408,0.033411,0.020584,1.039271,0.024304,,,,0.019942,1.039171,0.023688
967.6011,-0.001037,1.028172,-0.022537,1.003425,0.032782,-0.02325,1.003387,0.033282,-0.023466,1.003408,0.033411,0.020584,1.039271,0.024304,,,,0.019942,1.039171,0.023688
967.802,-0.001056,1.028173,-0.022537,1.003425,0.032771,-0.02325,1.003387,0.03327,-0.023466,1.003408,0.033399,0.020584,1.039271,0.02432,,,,0.019942,1.039171,0.023704
967.9989,-0.001056,1.028173,-0.022537,1.003425,0.032771,-0.02325,1.003387,0.03327,-0.023466,1.003408,0.033399,0.020584,1.039271,0.02432,,,,0.019942,1.039171,0.023704
968.2014,-0.001063,1.028173,-0.022537,1.003425,0.032766,-0.02325,1.003387,0.033265,-0.023466,1.003408,0.033395,0.020584,1.039271,0.024327,,,,0.019942,1.039171,0.02371
968.403,-0.000848,1.028149,-0.022537,1.003425,0.032889,-0.02325,1.003387,0.033391,-0.023466,1.003408,0.033521,0.020584,1.039271,0.024146,,,,0.019942,1.039171,0.023531
968.599,-0.000642,1.028125,-0.022537,1.003425,0.033008,-0.02325,1.003387,0.033512,-0.023466,1.003408,0.033643,0.020584,1.039271,0.023975,,,,0.019942,1.039171,0.02336
968.7992,-0.000144,1.028062,-0.022537,1.003425,0.033293,-0.022525,1.003301,0.033377,-0.022741,1.003322,0.033506,0.020584,1.039271,0.023565,,,,0.019942,1.039171,0.022954
968.9985,-0.000144,1.028062,-0.022537,1.003425,0.033293,-0.022525,1.003301,0.033377,-0.022741,1.003322,0.033506,0.020584,1.039271,0.023565,,,,0.019942,1.039171,0.022954
969.1987,0.000509,1.027971,-0.022537,1.003425,0.033669,-0.022116,1.003244,0.033516,-0.022332,1.003265,0.033647,0.020584,1.039271,0.023037,,,,0.020764,1.039253,0.023185
969.3982,0.000664,1.027948,-0.022537,1.003425,0.033759,-0.022116,1.003244,0.033604,-0.022332,1.003265,0.033735,0.020584,1.039271,0.022914,,,,0.020764,1.039253,0.023061
969.601,0.00177,1.027773,-0.022537,1.003425,0.034404,-0.021696,1.00318,0.033992,-0.021045,1.003069,0.033627,0.020584,1.039271,0.02205,,,,0.022062,1.039354,0.023364
969.8006,0.00177,1.027773,-0.022537,1.003425,0.034404,-0.021696,1.00318,0.033992,-0.021045,1.003069,0.033627,0.020584,1.039271,0.02205,,,,0.022062,1.039354,0.023364
969.9987,0.00177,1.027773,-0.022537,1.003425,0.034404,-0.021696,1.00318,0.033992,-0.021045,1.003069,0.033627,0.020584,1.039271,0.02205,,,,0.022062,1.039354,0.023364
970.2094,0.00177,1.027773,-0.022537,1.003425,0.034404,-0.021696,1.00318,0.033992,-0.021045,1.003069,0.033627,0.020584,1.039271,0.02205,,,,0.022062,1.039354,0.023364
970.445,0.002252,1.027691,-0.017856,1.012377,0.025275,-0.021696,1.00318,0.034268,-0.021045,1.003069,0.033896,0.020584,1.039271,0.021684,,,,0.022712,1.039389,0.023568
970.5992,0.003139,1.02753,-0.017856,1.012377,0.025892,-0.017297,1.012134,0.025586,-0.017297,1.012134,0.025586,0.020584,1.039271,0.021029,,,,0.023362,1.039418,0.023458
970.9336,0.003139,1.02753,-0.017856,1.012377,0.025892,-0.017297,1.012134,0.025586,-0.017297,1.012134,0.025586,0.020584,1.039271,0.021029,,,,0.023362,1.039418,0.023458
971.0009,0.004097,1.027342,-0.017856,1.012377,0.026569,-0.01602,1.011878,0.025374,-0.01602,1.011878,0.025374,0.020584,1.039271,0.02035,,,,0.024663,1.039453,0.023867
971.231,0.00491,1.027172,-0.017856,1.012377,0.027152,-0.01602,1.011878,0.025923,-0.01602,1.011878,0.025923,0.020584,1.039271,0.0198,,,,0.024663,1.039453,0.023259
971.4105,0.005655,1.027009,-0.017856,1.012377,0.027692,-0.015105,1.011679,0.025806,-0.015104,1.011679,0.025806,0.020584,1.039271,0.01932,,,,0.0256,1.039462,0.023514
971.5998,0.005925,1.026948,-0.017856,1.012377,0.02789,-0.015105,1.011679,0.025989,-0.015104,1.011679,0.025989,0.020584,1.039271,0.01915,,,,0.0256,1.039462,0.023318
971.8008,0.005925,1.026948,-0.017856,1.012377,0.02789,-0.015105,1.011679,0.025989,-0.015104,1.011679,0.025989,0.020584,1.039271,0.01915,,,,0.0256,1.039462,0.023318
972.0198,0.006521,1.026811,-0.017856,1.012377,0.028331,-0.014188,1.011468,0.025774,-0.015104,1.011679,0.026395,0.020584,1.039271,0.018789,,,,0.0256,1.039462,0.022892
972.2022,0.007207,1.026648,-0.017856,1.012377,0.028841,-0.014188,1.011468,0.026233,-0.015104,1.011679,0.026868,0.020584,1.039271,0.018393,,,,0.0256,1.039462,0.022417
972.401,0.007613,1.026549,-0.017856,1.012377,0.029146,-0.014188,1.011468,0.026509,-0.014188,1.011468,0.026509,0.020584,1.039271,0.018169,,,,0.026541,1.039461,0.022913
972.6271,0.008165,1.026411,-0.017856,1.012377,0.029565,-0.014188,1.011468,0.026888,-0.014188,1.011468,0.026888,0.020584,1.039271,0.017878,,,,0.027454,1.039449,0.023282
972.9693,0.008287,1.02638,-0.017856,1.012377,0.029657,-0.012026,1.010944,0.025512,-0.013301,1.011253,0.02636,0.020584,1.039271,0.017816,,,,0.027454,1.039449,0.023198
973.0114,0.009311,1.026115,-0.017856,1.012377,0.030443,-0.012026,1.010944,0.02618,-0.013301,1.011253,0.027059,0.020584,1.039271,0.017326,,,,0.027454,1.039449,0.022516
973.1985,0.009696,1.026012,-0.017856,1.012377,0.030741,-0.012026,1.010944,0.026436,-0.012223,1.010978,0.026579,0.020584,1.039271,0.017157,,,,0.028566,1.039422,0.023149
973.3984,0.009696,1.026012,-0.017856,1.012377,0.030741,-0.012026,1.010944,0.026436,-0.012223,1.010978,0.026579,0.020584,1.039271,0.017157,,,,0.028566,1.039422,0.023149
973.6011,0.010577,1.025771,-0.017856,1.012377,0.03143,-0.010848,1.010629,0.026236,-0.011045,1.010663,0.026377,0.020584,1.039271,0.016805,,,,0.029785,1.039377,0.023538
973.8755,0.010673,1.025744,-0.017856,1.012377,0.031505,-0.010848,1.010629,0.026299,-0.011045,1.010663,0.02644,0.020584,1.039271,0.01677,,,,0.029785,1.039377,0.023476
974.0021,0.012189,1.025303,-0.009044,1.010831,0.025696,-0.009045,1.010823,0.025701,-0.009047,1.010823,0.025703,0.020584,1.039271,0.016297,,,,0.031783,1.03928,0.024069
974.2054,0.012952,1.02507,-0.009044,1.010831,0.026202,-0.009045,1.010823,0.026208,-0.00808,1.010525,0.025571,0.020584,1.039271,0.016122,,,,0.032793,1.039206,0.024362
974.4132,0.013914,1.024767,-0.009044,1.010831,0.026857,-0.009045,1.010823,0.026862,-0.00808,1.010525,0.026202,0.020584,1.039271,0.015965,,,,0.032793,1.039206,0.023768
974.6078,0.014813,1.024474,-0.009044,1.010831,0.027482,-0.007017,1.010197,0.026084,-0.00707,1.0102,0.026126,0.020584,1.039271,0.015883,,,,0.03385,1.039116,0.024018
974.8047,0.014813,1.024474,-0.009044,1.010831,0.027482,-0.007017,1.010197,0.026084,-0.00707,1.0102,0.026126,0.020584,1.039271,0.015883,,,,0.03385,1.039116,0.024018
975.0011,0.0149,1.024445,-0.009044,1.010831,0.027544,-0.007017,1.010197,0.026141,-0.00707,1.0102,0.026184,0.020584,1.039271,0.015879,,,,0.03385,1.039116,0.023966
975.1982,0.015958,1.024081,-0.009044,1.010831,0.028296,-0.007017,1.010197,0.026845,-0.00707,1.0102,0.026888,0.020584,1.039271,0.015879,,,,0.03385,1.039116,0.023371
975.4069,0.015958,1.024081,-0.009044,1.010831,0.028296,-0.005673,1.009746,0.02595,-0.005725,1.009749,0.025992,0.020584,1.039271,0.015879,,,,0.035262,1.038979,0.024384
975.6024,0.017116,1.02366,-0.009044,1.010831,0.029136,-0.005673,1.009746,0.0267,-0.005058,1.009507,0.026306,0.020584,1.039271,0.015992,,,,0.035966,1.038892,0.024236
975.8091,0.017384,1.023559,-0.009044,1.010831,0.029333,-0.005006,1.009504,0.026436,-0.005058,1.009507,0.026479,0.020584,1.039271,0.016035,,,,0.035966,1.038892,0.024091
976.0051,0.018188,1.023248,-0.009044,1.010831,0.029929,-0.003679,1.009003,0.026098,-0.004395,1.009256,0.026566,0.020584,1.039271,0.016201,,,,0.037372,1.038702,0.024634
976.2143,0.018608,1.023081,-0.009044,1.010831,0.030244,-0.003679,1.009003,0.026361,-0.004395,1.009256,0.026837,0.020584,1.039271,0.01631,,,,0.037372,1.038702,0.024415
976.3993,0.018723,1.023035,-0.009044,1.010831,0.03033,-0.003679,1.009003,0.026433,-0.003734,1.008997,0.026483,0.020584,1.039271,0.016343,,,,0.038084,1.038588,0.024834
976.6,0.019369,1.022767,-0.009044,1.010831,0.030818,-0.003047,1.008747,0.026439,-0.003066,1.008726,0.026466,0.020584,1.039271,0.016549,,,,0.038084,1.038588,0.024506
976.8896,0.019369,1.022767,-0.009044,1.010831,0.030818,-0.003047,1.008747,0.026439,-0.003066,1.008726,0.026466,0.020584,1.039271,0.016549,,,,0.038084,1.038588,0.024506
976.9987,0.019822,1.02257,-0.019392,1.021323,0.039233,-0.003047,1.008747,0.026722,-0.019218,1.021244,0.039062,0.020584,1.039271,0.016719,,,,0.03842,1.038529,0.024507
977.1986,0.020108,1.022441,-0.019392,1.021323,0.039515,-0.019156,1.021218,0.039282,-0.018908,1.021116,0.039039,0.020584,1.039271,0.016837,,,,0.039077,1.038407,0.024794
977.3996,0.020108,1.022441,-0.019392,1.021323,0.039515,-0.019156,1.021218,0.039282,-0.018908,1.021116,0.039039,0.020584,1.039271,0.016837,,,,0.039077,1.038407,0.024794
977.6072,0.020259,1.022372,-0.019392,1.021323,0.039665,-0.019156,1.021218,0.039432,-0.018908,1.021116,0.039188,0.020584,1.039271,0.016902,,,,0.039077,1.038407,0.024723
977.9738,0.020333,1.022338,-0.019392,1.021323,0.039738,-0.019156,1.021218,0.039505,-0.018908,1.021116,0.039261,0.020584,1.039271,0.016935,,,,0.039077,1.038407,0.024689
978.0034,0.020836,1.0221,-0.019392,1.021323,0.040235,-0.018885,1.021106,0.039733,-0.018369,1.020885,0.039224,0.020584,1.039271,0.017173,,,,0.039364,1.038345,0.024642
978.203,0.020957,1.022042,-0.019392,1.021323,0.040355,-0.018885,1.021106,0.039852,-0.017884,1.020663,0.038866,0.020584,1.039271,0.017233,,,,0.039885,1.038227,0.024904
978.3994,0.020957,1.022042,-0.019392,1.021323,0.040355,-0.018885,1.021106,0.039852,-0.017884,1.020663,0.038866,0.020584,1.039271,0.017233,,,,0.039885,1.038227,0.024904
978.6169,0.020957,1.022042,-0.019392,1.021323,0.040355,-0.018885,1.021106,0.039852,-0.017884,1.020663,0.038866,0.020584,1.039271,0.017233,,,,0.039885,1.038227,0.024904
978.8925,0.020957,1.022042,-0.019392,1.021323,0.040355,-0.018885,1.021106,0.039852,-0.017884,1.020663,0.038866,0.020584,1.039271,0.017233,,,,0.039885,1.038227,0.024904
979.0014,0.021813,1.02162,-0.019392,1.021323,0.041206,-0.017749,1.020617,0.039574,-0.017326,1.020397,0.039157,0.020584,1.039271,0.017694,,,,0.040486,1.038083,0.024894
979.2063,0.021813,1.02162,-0.019392,1.021323,0.041206,-0.017749,1.020617,0.039574,-0.017326,1.020397,0.039157,0.020584,1.039271,0.017694,,,,0.040486,1.038083,0.024894
979.4118,0.022335,1.021353,-0.019392,1.021323,0.041727,-0.017749,1.020617,0.04009,-0.017326,1.020397,0.039672,0.020584,1.039271,0.018003,,,,0.041139,1.037916,0.025059
979.6106,0.02304,1.020982,-0.019392,1.021323,0.042434,-0.017136,1.020334,0.040182,-0.01672,1.0201,0.039771,0.020584,1.039271,0.018453,,,,0.041139,1.037916,0.024786
979.8721,0.02304,1.020982,-0.019392,1.021323,0.042434,-0.017136,1.020334,0.040182,-0.01672,1.0201,0.039771,0.020584,1.039271,0.018453,,,,0.041139,1.037916,0.024786
980.0094,0.023175,1.02091,-0.019392,1.021323,0.042569,-0.017136,1.020334,0.040315,-0.01672,1.0201,0.039904,0.020584,1.039271,0.018543,,,,0.041139,1.037916,0.024737
980.2162,0.023751,1.020596,-0.019392,1.021323,0.043149,-0.016526,1.020042,0.040281,-0.016117,1.019793,0.039877,0.020584,1.039271,0.018942,,,,0.041793,1.03774,0.024888
980.4059,0.024037,1.020436,-0.019392,1.021323,0.043438,-0.016526,1.020042,0.040565,-0.016117,1.019793,0.04016,0.020584,1.039271,0.019149,,,,0.041793,1.03774,0.024793
980.5988,0.024037,1.020436,-0.019392,1.021323,0.043438,-0.016526,1.020042,0.040565,-0.016117,1.019793,0.04016,0.020584,1.039271,0.019149,,,,0.041793,1.03774,0.024793
980.8106,0.024164,1.020364,-0.019392,1.021323,0.043567,-0.015983,1.019773,0.040152,-0.015045,1.019229,0.039226,0.020584,1.039271,0.019243,,,,0.042375,1.037575,0.025057
980.9983,0.024164,1.020364,-0.019392,1.021323,0.043567,-0.015983,1.019773,0.040152,-0.015045,1.019229,0.039226,0.020584,1.039271,0.019243,,,,0.042375,1.037575,0.025057
981.2214,0.024389,1.020237,-0.019392,1.021323,0.043794,-0.015983,1.019773,0.040375,-0.015045,1.019229,0.039447,0.020584,1.039271,0.019411,,,,0.042375,1.037575,0.024982
981.3986,0.025169,1.019782,-0.019392,1.021323,0.044588,-0.014805,1.019169,0.03998,-0.015045,1.019229,0.040219,0.020584,1.039271,0.020021,,,,0.042955,1.037401,0.025036
981.599,0.025169,1.019782,-0.019392,1.021323,0.044588,-0.014805,1.019169,0.03998,-0.015045,1.019229,0.040219,0.020584,1.039271,0.020021,,,,0.042955,1.037401,0.025036
981.8069,0.025237,1.019742,-0.019392,1.021323,0.044657,-0.014805,1.019169,0.040047,-0.015045,1.019229,0.040286,0.020584,1.039271,0.020076,,,,0.042955,1.037401,0.025016
982.0158,0.025743,1.019437,-0.00339,1.017141,0.029223,-0.014805,1.019169,0.04055,-0.003532,1.017134,0.029365,0.020584,1.039271,0.020494,,,,0.043587,1.037203,0.02518
982.2046,0.026098,1.01922,-0.00339,1.017141,0.02956,-0.014805,1.019169,0.040903,-0.003532,1.017134,0.029703,0.020584,1.039271,0.020795,,,,0.043587,1.037203,0.025085
982.3987,0.026306,1.01909,-0.00339,1.017141,0.02976,-0.003547,1.017133,0.029918,-0.002912,1.016762,0.029311,0.020584,1.039271,0.020976,,,,0.044273,1.036977,0.025352
982.5994,0.026306,1.01909,-0.00339,1.017141,0.02976,-0.003547,1.017133,0.029918,-0.002912,1.016762,0.029311,0.020584,1.039271,0.020976,,,,0.044273,1.036977,0.025352
983.0073,0.026306,1.01909,-0.00339,1.017141,0.02976,-0.003547,1.017133,0.029918,-0.002912,1.016762,0.029311,0.020584,1.039271,0.020976,,,,0.044273,1.036977,0.025352
983.2087,0.027527,1.018308,-0.00339,1.017141,0.030939,-0.002338,1.016406,0.029926,-0.001714,1.016017,0.029331,0.020584,1.039271,0.022083,,,,0.045607,1.036517,0.02566
983.4133,0.027527,1.018308,-0.00339,1.017141,0.030939,-0.002338,1.016406,0.029926,-0.001714,1.016017,0.029331,0.020584,1.039271,0.022083,,,,0.045607,1.036517,0.02566
983.5982,0.027721,1.01818,-0.00339,1.017141,0.031128,-0.001781,1.01605,0.029579,-0.001162,1.015653,0.028994,0.020584,1.039271,0.022266,,,,0.046225,1.036284,0.025887
983.8706,0.027721,1.01818,-0.00339,1.017141,0.031128,-0.001781,1.01605,0.029579,-0.001162,1.015653,0.028994,0.020584,1.039271,0.022266,,,,0.046225,1.036284,0.025887
984.0076,0.027721,1.01818,-0.00339,1.017141,0.031128,-0.001781,1.01605,0.029579,-0.001162,1.015653,0.028994,0.020584,1.039271,0.022266,,,,0.046225,1.036284,0.025887
984.2,0.027721,1.01818,-0.00339,1.017141,0.031128,-0.001781,1.01605,0.029579,-0.001162,1.015653,0.028994,0.020584,1.039271,0.022266,,,,0.046225,1.036284,0.025887
984.4019,0.028561,1.017611,-0.00339,1.017141,0.031954,-0.001236,1.01569,0.029858,-0.000622,1.015286,0.029275,0.020584,1.039271,0.023082,,,,0.046833,1.036045,0.025956
984.5997,0.028561,1.017611,-0.00339,1.017141,0.031954,-0.001236,1.01569,0.029858,-0.000622,1.015286,0.029275,0.020584,1.039271,0.023082,,,,0.046833,1.036045,0.025956
985.0647,0.028561,1.017611,-0.00339,1.017141,0.031954,-0.001236,1.01569,0.029858,-0.000622,1.015286,0.029275,0.020584,1.039271,0.023082,,,,0.046833,1.036045,0.025956
985.2077,0.029757,1.016761,-0.00339,1.017141,0.033148,-0.00065,1.015292,0.030442,-4.3e-05,1.014879,0.029859,0.020584,1.039271,0.024308,,,,0.047489,1.035776,0.026001
985.4109,0.029757,1.016761,-0.00339,1.017141,0.033148,-0.00065,1.015292,0.030442,-4.3e-05,1.014879,0.029859,0.020584,1.039271,0.024308,,,,0.047489,1.035776,0.026001
985.6092,0.030766,1.016007,-0.00339,1.017141,0.034174,-5.9e-05,1.014877,0.030846,0.001198,1.01398,0.029637,0.020584,1.039271,0.025394,,,,0.048898,1.035175,0.026385
985.959,0.030766,1.016007,-0.00339,1.017141,0.034174,-5.9e-05,1.014877,0.030846,0.001198,1.01398,0.029637,0.020584,1.039271,0.025394,,,,0.048898,1.035175,0.026385
986.018,0.030766,1.016007,-0.00339,1.017141,0.034174,-5.9e-05,1.014877,0.030846,0.001198,1.01398,0.029637,0.020584,1.039271,0.025394,,,,0.048898,1.035175,0.026385
986.206,0.030766,1.016007,-0.00339,1.017141,0.034174,-5.9e-05,1.014877,0.030846,0.001198,1.01398,0.029637,0.020584,1.039271,0.025394,,,,0.048898,1.035175,0.026385
986.4054,0.031158,1.015706,-0.00339,1.017141,0.034578,0.001181,1.013977,0.030027,0.001198,1.01398,0.03001,0.020584,1.039271,0.025829,,,,0.048898,1.035175,0.026339
986.6067,0.031158,1.015706,-0.00339,1.017141,0.034578,0.001181,1.013977,0.030027,0.001198,1.01398,0.03001,0.020584,1.039271,0.025829,,,,0.048898,1.035175,0.026339
986.8548,0.031158,1.015706,-0.00339,1.017141,0.034578,0.001181,1.013977,0.030027,0.001198,1.01398,0.03001,0.020584,1.039271,0.025829,,,,0.048898,1.035175,0.026339
986.9981,0.032115,1.01495,-0.00339,1.017141,0.035572,0.001966,1.013373,0.03019,0.002767,1.01277,0.029429,0.020584,1.039271,0.026916,,,,0.050696,1.034343,0.026858
987.1985,0.032705,1.014471,0.003403,1.011654,0.029437,0.001966,1.013373,0.030759,0.002767,1.01277,0.029987,0.020584,1.039271,0.027604,,,,0.050696,1.034343,0.026806
987.4012,0.033617,1.013708,0.003403,1.011654,0.030284,0.003395,1.011666,0.030291,0.003406,1.011661,0.03028,0.002408,1.035525,0.038078,,,,0.002433,1.03553,0.038061
987.5985,0.033617,1.013708,0.003403,1.011654,0.030284,0.003395,1.011666,0.030291,0.003406,1.011661,0.03028,0.002408,1.035525,0.038078,,,,0.002433,1.03553,0.038061
987.8954,0.033617,1.013708,0.003403,1.011654,0.030284,0.003395,1.011666,0.030291,0.003406,1.011661,0.03028,0.002408,1.035525,0.038078,,,,0.002433,1.03553,0.038061
988.003,0.034843,1.012641,0.003403,1.011654,0.031455,0.004153,1.011074,0.030731,0.004164,1.011069,0.03072,0.002408,1.035525,0.039695,,,,0.004113,1.03497,0.037986
988.2058,0.034843,1.012641,0.003403,1.011654,0.031455,0.004153,1.011074,0.030731,0.004164,1.011069,0.03072,0.002408,1.035525,0.039695,,,,0.004113,1.03497,0.037986
988.4003,0.035186,1.012333,0.003403,1.011654,0.03179,0.005532,1.009963,0.029749,0.005542,1.009957,0.029739,0.002408,1.035525,0.040153,,,,0.004944,1.034664,0.037593
988.6155,0.035186,1.012333,0.003403,1.011654,0.03179,0.005532,1.009963,0.029749,0.005542,1.009957,0.029739,0.002408,1.035525,0.040153,,,,0.004944,1.034664,0.037593
988.8395,0.035186,1.012333,0.003403,1.011654,0.03179,0.005532,1.009963,0.029749,0.005542,1.009957,0.029739,0.002408,1.035525,0.040153,,,,0.004944,1.034664,0.037593
989.0091,0.035898,1.011681,0.003403,1.011654,0.032494,0.006353,1.009258,0.029644,0.006363,1.009251,0.029634,0.002408,1.035525,0.041111,,,,0.004944,1.034664,0.038554
989.2036,0.035898,1.011681,0.003403,1.011654,0.032494,0.006353,1.009258,0.029644,0.006363,1.009251,0.029634,0.002408,1.035525,0.041111,,,,0.004944,1.034664,0.038554
989.3981,0.036749,1.010879,0.003403,1.011654,0.033355,0.006353,1.009258,0.030439,0.006363,1.009251,0.030429,0.002408,1.035525,0.04227,,,,0.004944,1.034664,0.039715
989.6017,0.037816,1.009839,0.003403,1.011654,0.034461,0.006353,1.009258,0.031468,0.007188,1.00852,0.030657,0.002408,1.035525,0.043743,,,,0.006999,1.03387,0.039079
989.7985,0.037816,1.009839,0.003403,1.011654,0.034461,0.006353,1.009258,0.031468,0.007188,1.00852,0.030657,0.002408,1.035525,0.043743,,,,0.006999,1.03387,0.039079
990.0061,0.037816,1.009839,0.003403,1.011654,0.034461,0.006353,1.009258,0.031468,0.007188,1.00852,0.030657,0.002408,1.035525,0.043743,,,,0.006999,1.03387,0.039079
990.2015,0.038519,1.009133,0.003403,1.011654,0.035206,0.008002,1.007798,0.030546,0.008,1.007777,0.030549,0.002408,1.035525,0.044728,,,,0.006999,1.03387,0.040068
990.4041,0.039197,1.008436,0.003403,1.011654,0.035938,0.008865,1.006984,0.030366,0.008,1.007777,0.031203,0.002408,1.035525,0.045686,,,,0.009185,1.032947,0.038749
990.6025,0.039343,1.008284,0.003403,1.011654,0.036097,0.008865,1.006984,0.030505,0.008,1.007777,0.031346,0.002408,1.035525,0.045894,,,,0.009185,1.032947,0.038958
991.0028,0.039343,1.008284,0.003403,1.011654,0.036097,0.008865,1.006984,0.030505,0.008,1.007777,0.031346,0.002408,1.035525,0.045894,,,,0.009185,1.032947,0.038958
991.2058,0.040306,1.00726,0.003403,1.011654,0.037164,0.009739,1.006133,0.030588,0.009773,1.006103,0.030555,0.002408,1.035525,0.047278,,,,0.010293,1.032437,0.039175
991.3989,0.040947,1.006563,0.003403,1.011654,0.037887,0.009739,1.006133,0.031211,0.010785,1.005086,0.030198,0.002408,1.035525,0.048208,,,,0.011587,1.031818,0.038728
991.5987,0.040947,1.006563,0.003403,1.011654,0.037887,0.009739,1.006133,0.031211,0.010785,1.005086,0.030198,0.002408,1.035525,0.048208,,,,0.011587,1.031818,0.038728
991.799,0.042287,1.005061,0.002283,0.994581,0.041354,0.002415,0.994713,0.041193,0.002412,0.994687,0.041203,0.002408,1.035525,0.050183,,,,0.012847,1.03119,0.039363
991.9983,0.042287,1.005061,0.002283,0.994581,0.041354,0.002415,0.994713,0.041193,0.002412,0.994687,0.041203,0.002408,1.035525,0.050183,,,,0.012847,1.03119,0.039363
992.1985,0.043333,1.003846,0.002283,0.994581,0.042082,0.003379,0.993687,0.041225,0.002412,0.994687,0.041933,0.002408,1.035525,0.051753,,,,0.012847,1.03119,0.040952
992.3983,0.044476,1.002474,0.002283,0.994581,0.042925,0.00548,0.991379,0.040544,0.003395,0.993639,0.04202,0.002408,1.035525,0.053498,,,,0.014123,1.030528,0.041332
992.6026,0.04453,1.002408,0.002283,0.994581,0.042965,0.00548,0.991379,0.040578,0.004445,0.992484,0.041295,0.002408,1.035525,0.053581,,,,0.015497,1.029789,0.039907
992.7991,0.04453,1.002408,0.002283,0.994581,0.042965,0.00548,0.991379,0.040578,0.004445,0.992484,0.041295,0.002408,1.035525,0.053581,,,,0.015497,1.029789,0.039907
993.0168,0.04453,1.002408,0.002283,0.994581,0.042965,0.00548,0.991379,0.040578,0.004445,0.992484,0.041295,0.002408,1.035525,0.053581,,,,0.015497,1.029789,0.039907
993.2016,0.046052,1.000509,0.002283,0.994581,0.044169,0.00548,0.991379,0.041587,0.004445,0.992484,0.042374,0.002408,1.035525,0.055954,,,,0.015497,1.029789,0.042319
993.3984,0.046246,1.000261,0.002283,0.994581,0.044329,0.006552,0.990124,0.040969,0.005536,0.991246,0.041697,0.002408,1.035525,0.056261,,,,0.016938,1.028984,0.041036
993.6089,0.047464,0.998683,0.002283,0.994581,0.045366,0.006552,0.990124,0.041798,0.005536,0.991246,0.042582,0.002408,1.035525,0.058201,,,,0.016938,1.028984,0.043011
993.8026,0.047843,0.998181,0.002283,0.994581,0.045702,0.009051,0.987106,0.040342,0.008081,0.988266,0.04098,0.002408,1.035525,0.058813,,,,0.02033,1.02702,0.039859
994.0033,0.04864,0.997111,0.002283,0.994581,0.046426,0.009051,0.987106,0.040833,0.008081,0.988266,0.041513,0.002408,1.035525,0.060109,,,,0.02033,1.02702,0.041183
994.199,0.049751,0.995579,0.002283,0.994581,0.047479,0.009051,0.987106,0.041573,0.009277,0.986773,0.041421,0.002408,1.035525,0.061944,,,,0.021955,1.026011,0.041216
994.4003,0.050624,0.994346,0.002283,0.994581,0.048341,0.010225,0.985595,0.041336,0.009277,0.986773,0.042035,0.002408,1.035525,0.063407,,,,0.021955,1.026011,0.042715
994.6007,0.050821,0.994063,0.002283,0.994581,0.048541,0.010225,0.985595,0.04147,0.009277,0.986773,0.042179,0.002408,1.035525,0.063741,,,,0.021955,1.026011,0.043058
994.8046,0.051215,0.993495,0.002283,0.994581,0.048944,0.011489,0.983914,0.040865,0.010567,0.985111,0.041504,0.002408,1.035525,0.06441,,,,0.023724,1.024873,0.041718
994.9994,0.052224,0.992014,0.002283,0.994581,0.050007,0.011489,0.983914,0.041532,0.010567,0.985111,0.042226,0.002408,1.035525,0.066143,,,,0.023724,1.024873,0.043497
995.2044,0.052878,0.991035,0.002283,0.994581,0.050719,0.014377,0.979949,0.040066,0.011867,0.983381,0.041719,0.002408,1.035525,0.06728,,,,0.025526,1.023674,0.042585
995.3985,0.052878,0.991035,0.002283,0.994581,0.050719,0.014377,0.979949,0.040066,0.011867,0.983381,0.041719,0.002408,1.035525,0.06728,,,,0.025526,1.023674,0.042585
995.5993,0.053756,0.989699,0.010422,0.967577,0.048653,0.014377,0.979949,0.040568,0.011867,0.983381,0.042362,0.002408,1.035525,0.068823,,,,0.025526,1.023674,0.044173
995.8052,0.055261,0.987341,0.010422,0.967577,0.049002,0.014377,0.979949,0.041548,0.010458,0.967713,0.048914,0.002408,1.035525,0.07152,,,,0.027546,1.022284,0.0446
996.0085,0.05569,0.986655,0.010422,0.967577,0.049123,0.014377,0.979949,0.041854,0.010458,0.967713,0.049037,0.002408,1.035525,0.072299,,,,0.027546,1.022284,0.045404
996.2026,0.056953,0.984592,0.010422,0.967577,0.049544,0.010491,0.96768,0.049443,0.011872,0.965619,0.04891,0.002408,1.035525,0.074628,,,,0.029606,1.02082,0.045391
996.4047,0.057803,0.983169,0.010422,0.967577,0.049881,0.013566,0.963117,0.04857,0.013265,0.963487,0.048694,0.002408,1.035525,0.076221,,,,0.031658,1.019313,0.044608
996.6058,0.058044,0.982762,0.010422,0.967577,0.049984,0.013566,0.963117,0.048623,0.013265,0.963487,0.048751,0.002408,1.035525,0.076676,,,,0.031658,1.019313,0.045079
996.8015,0.058778,0.981506,0.010422,0.967577,0.050322,0.015217,0.960501,0.048362,0.014734,0.961161,0.048517,0.002408,1.035525,0.078074,,,,0.036589,1.015575,0.040658
997.0013,0.058778,0.981506,0.010422,0.967577,0.050322,0.015217,0.960501,0.048362,0.014734,0.961161,0.048517,0.002408,1.035525,0.078074,,,,0.036589,1.015575,0.040658
997.2048,0.059272,0.980651,0.010422,0.967577,0.050569,0.015217,0.960501,0.048445,0.014734,0.961161,0.048616,0.002408,1.035525,0.079023,,,,0.036589,1.015575,0.041644
997.3992,0.060837,0.977885,0.010422,0.967577,0.051458,0.015217,0.960501,0.048821,0.016346,0.95852,0.048523,0.002408,1.035525,0.082075,,,,0.036589,1.015575,0.044817
997.601,0.06346,0.973062,0.010422,0.967577,0.053321,0.019169,0.954023,0.048211,0.020203,0.951986,0.048119,0.002408,1.035525,0.087344,,,,0.039236,1.013441,0.047088
997.8538,0.063556,0.972882,0.010422,0.967577,0.053398,0.019169,0.954023,0.048228,0.020203,0.951986,0.048127,0.002408,1.035525,0.08754,,,,0.039236,1.013441,0.047292
998.0052,0.066378,0.967421,0.010422,0.967577,0.055956,0.023051,0.947109,0.047852,0.02405,0.945013,0.047893,0.002408,1.035525,0.093436,,,,0.045154,1.008449,0.046193
998.1983,0.066655,0.966869,0.010422,0.967577,0.056237,0.023051,0.947109,0.047872,0.02405,0.945013,0.047884,0.002408,1.035525,0.094028,,,,0.045154,1.008449,0.04681
998.4029,0.067693,0.964775,0.010422,0.967577,0.057339,0.025025,0.943411,0.047718,0.025969,0.941286,0.047881,0.002408,1.035525,0.096268,,,,0.051445,1.002909,0.04145
998.5984,0.067693,0.964775,0.010422,0.967577,0.057339,0.025025,0.943411,0.047718,0.025969,0.941286,0.047881,0.002408,1.035525,0.096268,,,,0.051445,1.002909,0.04145
998.915,0.067693,0.964775,0.010422,0.967577,0.057339,0.025025,0.943411,0.047718,0.025969,0.941286,0.047881,0.002408,1.035525,0.096268,,,,0.051445,1.002909,0.04145
999.0011,0.069771,0.960464,0.010422,0.967577,0.059774,0.025025,0.943411,0.047886,0.025969,0.941286,0.047816,0.002408,1.035525,0.100856,,,,0.051445,1.002909,0.046232
999.1988,0.069874,0.960248,0.010422,0.967577,0.059901,0.025025,0.943411,0.047905,0.025969,0.941286,0.047824,0.002408,1.035525,0.101085,,,,0.051445,1.002909,0.046471
999.3988,0.071335,0.957122,0.0344,0.951644,0.037339,0.025025,0.943411,0.048298,0.025969,0.941286,0.04805,0.002408,1.035525,0.104393,,,,0.051445,1.002909,0.04992
999.605,0.072625,0.954301,0.0344,0.951644,0.038316,0.034311,0.951506,0.038415,0.034332,0.951504,0.038395,0.002408,1.035525,0.107367,,,,0.054804,0.999777,0.048843
1000.0598,0.072946,0.953589,0.0344,0.951644,0.038594,0.034311,0.951506,0.03869,0.034332,0.951504,0.03867,0.002408,1.035525,0.108116,,,,0.054804,0.999777,0.049623
1000.1985,0.076914,0.944453,0.0344,0.951644,0.043118,0.038552,0.94234,0.038421,0.038567,0.942335,0.038405,0.002408,1.035525,0.117666,,,,0.065795,0.989067,0.045979
1000.3987,0.078354,0.940976,0.0344,0.951644,0.04523,0.040611,0.93764,0.037891,0.040624,0.937634,0.037878,0.002408,1.035525,0.121274,,,,0.065795,0.989067,0.049705
1000.6009,0.078354,0.940976,0.0344,0.951644,0.04523,0.040611,0.93764,0.037891,0.040624,0.937634,0.037878,0.002408,1.035525,0.121274,,,,0.065795,0.989067,0.049705
1000.9339,0.078354,0.940976,0.0344,0.951644,0.04523,0.040611,0.93764,0.037891,0.040624,0.937634,0.037878,0.002408,1.035525,0.121274,,,,0.065795,0.989067,0.049705
1000.9983,0.080266,0.936223,0.0344,0.951644,0.048389,0.040611,0.93764,0.039681,0.040624,0.937634,0.039667,0.002408,1.035525,0.126185,,,,0.065795,0.989067,0.05479
1001.2211,0.081137,0.934008,0.0344,0.951644,0.049953,0.045046,0.927137,0.036739,0.045054,0.927128,0.036733,0.002408,1.035525,0.128467,,,,0.073707,0.980858,0.047436
1001.3985,0.083874,0.926832,0.0344,0.951644,0.055347,0.047258,0.921516,0.037,0.045054,0.927128,0.038821,0.002408,1.035525,0.135834,,,,0.077791,0.976407,0.049947
1001.6087,0.083874,0.926832,0.0344,0.951644,0.055347,0.047258,0.921516,0.037,0.045054,0.927128,0.038821,0.002408,1.035525,0.135834,,,,0.077791,0.976407,0.049947
1002.0991,0.083874,0.926832,0.0344,0.951644,0.055347,0.047258,0.921516,0.037,0.045054,0.927128,0.038821,0.002408,1.035525,0.135834,,,,0.077791,0.976407,0.049947
1002.2043,0.087216,0.917605,0.0344,0.951644,0.062834,0.049452,0.915732,0.03781,0.049454,0.915721,0.037809,0.002408,1.035525,0.14525,,,,0.081916,0.971797,0.054451
1002.3984,0.087636,0.916408,0.0344,0.951644,0.06384,0.049452,0.915732,0.038189,0.049454,0.915721,0.038188,0.002408,1.035525,0.146467,,,,0.081916,0.971797,0.055684
1002.6442,0.088796,0.913051,0.0344,0.951644,0.066695,0.053866,0.903662,0.03617,0.053861,0.903649,0.036178,0.002408,1.035525,0.149875,,,,0.086018,0.967101,0.054121
1002.9386,0.088796,0.913051,0.0344,0.951644,0.066695,0.053866,0.903662,0.03617,0.053861,0.903649,0.036178,0.002408,1.035525,0.149875,,,,0.086018,0.967101,0.054121
1003.022,0.089436,0.911169,0.0344,0.951644,0.068317,0.053866,0.903662,0.036354,0.053861,0.903649,0.036361,0.002408,1.035525,0.151783,,,,0.086018,0.967101,0.056036
1003.201,0.09095,0.906639,0.0344,0.951644,0.072272,0.053866,0.903662,0.037203,0.053861,0.903649,0.037209,0.002408,1.035525,0.156369,,,,0.086018,0.967101,0.060663
1003.3982,0.09095,0.906639,0.0344,0.951644,0.072272,0.053866,0.903662,0.037203,0.053861,0.903649,0.037209,0.002408,1.035525,0.156369,,,,0.086018,0.967101,0.060663
1003.5986,0.093933,0.897366,0.057055,0.895857,0.036909,0.057044,0.89587,0.036919,0.059258,0.889,0.03567,0.002408,1.035525,0.165724,,,,0.099437,0.951119,0.054034
1003.7986,0.094263,0.896312,0.057055,0.895857,0.037211,0.059258,0.889,0.03576,0.059258,0.889,0.035761,0.002408,1.035525,0.166786,,,,0.099437,0.951119,0.055051
1004.0051,0.095784,0.891371,0.057055,0.895857,0.038989,0.059258,0.889,0.036603,0.059258,0.889,0.036603,0.002408,1.035525,0.171754,,,,0.099437,0.951119,0.05986
1004.1988,0.097272,0.886411,0.057055,0.895857,0.041311,0.06142,0.882033,0.036118,0.059258,0.889,0.038102,0.002408,1.035525,0.176732,,,,0.099437,0.951119,0.064745
1004.3983,0.098221,0.883173,0.057055,0.895857,0.043076,0.06142,0.882033,0.036818,0.063605,0.874993,0.035569,0.002408,1.035525,0.179976,,,,0.103986,0.945417,0.06251
1004.6029,0.098539,0.882075,0.057055,0.895857,0.043713,0.06142,0.882033,0.037119,0.063605,0.874993,0.035645,0.002408,1.035525,0.181074,,,,0.103986,0.945417,0.063575
1005.1227,0.098539,0.882075,0.057055,0.895857,0.043713,0.06142,0.882033,0.037119,0.063605,0.874993,0.035645,0.002408,1.035525,0.181074,,,,0.103986,0.945417,0.063575
1005.2007,0.101153,0.872799,0.057055,0.895857,0.049763,0.063519,0.875007,0.037698,0.063605,0.874993,0.037612,0.002408,1.035525,0.190342,,,,0.108497,0.939636,0.067239
1005.4046,0.103482,0.864124,0.057055,0.895857,0.056236,0.065609,0.86773,0.038045,0.067867,0.860155,0.035836,0.002408,1.035525,0.198983,,,,0.113091,0.933618,0.070156
1005.6068,0.104947,0.858451,0.057055,0.895857,0.060769,0.069712,0.852847,0.035677,0.069845,0.852693,0.035571,0.002408,1.035525,0.20462,,,,0.122329,0.921248,0.065158
1005.8775,0.104947,0.858451,0.057055,0.895857,0.060769,0.069712,0.852847,0.035677,0.069845,0.852693,0.035571,0.002408,1.035525,0.20462,,,,0.122329,0.921248,0.065158
1006.0042,0.104947,0.858451,0.057055,0.895857,0.060769,0.069712,0.852847,0.035677,0.069845,0.852693,0.035571,0.002408,1.035525,0.20462,,,,0.122329,0.921248,0.065158
1006.2028,0.108015,0.84596,0.057055,0.895857,0.071321,0.073663,0.83728,0.035432,0.071769,0.845125,0.036256,0.002408,1.035525,0.216997,,,,0.126872,0.914896,0.071469
1006.3988,0.108586,0.84354,0.057055,0.895857,0.073434,0.073663,0.83728,0.03548,0.071769,0.845125,0.036851,0.002408,1.035525,0.21939,,,,0.126872,0.914896,0.073662
1006.6065,0.109709,0.838686,0.057055,0.895857,0.077724,0.075528,0.829277,0.035452,0.07566,0.829157,0.035358,0.002408,1.035525,0.224185,,,,0.131479,0.908319,0.072957
1006.8477,0.109709,0.838686,0.057055,0.895857,0.077724,0.075528,0.829277,0.035452,0.07566,0.829157,0.035358,0.002408,1.035525,0.224185,,,,0.131479,0.908319,0.072957
1006.9988,0.111094,0.832518,0.057055,0.895857,0.083259,0.075528,0.829277,0.035713,0.07566,0.829157,0.035593,0.002408,1.035525,0.23027,,,,0.131479,0.908319,0.078494
1007.2053,0.111094,0.832518,0.057055,0.895857,0.083259,0.075528,0.829277,0.035713,0.07566,0.829157,0.035593,0.002408,1.035525,0.23027,,,,0.131479,0.908319,0.078494
1007.4416,0.112273,0.827105,0.076002,0.821219,0.036745,0.075528,0.829277,0.036808,0.076011,0.821213,0.036738,0.002408,1.035525,0.235603,,,,0.141003,0.894435,0.073204
1007.6036,0.112815,0.824563,0.076002,0.821219,0.036964,0.075528,0.829277,0.037584,0.076011,0.821213,0.036956,0.002408,1.035525,0.238107,,,,0.141003,0.894435,0.075344
1007.7998,0.114072,0.818544,0.076002,0.821219,0.038163,0.076032,0.821123,0.038127,0.07767,0.812707,0.036867,0.044487,0.994458,0.189177,,,,0.145771,0.887198,0.075618
1007.9993,0.114072,0.818544,0.076002,0.821219,0.038163,0.076032,0.821123,0.038127,0.07767,0.812707,0.036867,0.044487,0.994458,0.189177,,,,0.145771,0.887198,0.075618
1008.2027,0.114072,0.818544,0.076002,0.821219,0.038163,0.076032,0.821123,0.038127,0.07767,0.812707,0.036867,0.044487,0.994458,0.189177,,,,0.145771,0.887198,0.075618
1008.4425,0.115031,0.813822,0.076002,0.821219,0.039723,0.076032,0.821123,0.039676,0.07767,0.812707,0.037378,0.044487,0.994458,0.193922,,,,0.145771,0.887198,0.079554
1008.6227,0.116468,0.806516,0.076002,0.821219,0.043054,0.077691,0.812601,0.039252,0.07767,0.812707,0.039289,0.044487,0.994458,0.201255,,,,0.044505,0.99443,0.201222
1008.8726,0.11655,0.806086,0.076002,0.821219,0.04328,0.077691,0.812601,0.039402,0.07767,0.812707,0.03944,0.044487,0.994458,0.201686,,,,0.044505,0.99443,0.201654
1009.0081,0.118452,0.795945,0.076002,0.821219,0.049404,0.079275,0.80406,0.040009,0.079257,0.804172,0.040049,0.044487,0.994458,0.211845,,,,0.044505,0.99443,0.211813
1009.2015,0.118452,0.795945,0.076002,0.821219,0.049404,0.080845,0.795166,0.037615,0.082404,0.786385,0.037295,0.044487,0.994458,0.211845,,,,0.053577,0.978811,0.194033
1009.4081,0.118452,0.795945,0.076002,0.821219,0.049404,0.080845,0.795166,0.037615,0.082404,0.786385,0.037295,0.044487,0.994458,0.211845,,,,0.053577,0.978811,0.194033
1009.6026,0.119197,0.791838,0.076002,0.821219,0.05224,0.080845,0.795166,0.038495,0.082404,0.786385,0.037195,0.044487,0.994458,0.215955,,,,0.053577,0.978811,0.198154
1009.7986,0.119525,0.790004,0.076002,0.821219,0.053559,0.080845,0.795166,0.039022,0.082404,0.786385,0.037297,0.044487,0.994458,0.217789,,,,0.053577,0.978811,0.199993
1010.0004,0.120012,0.787253,0.076002,0.821219,0.055592,0.080845,0.795166,0.039958,0.082404,0.786385,0.037618,0.044487,0.994458,0.22054,,,,0.053577,0.978811,0.202752
1010.2,0.121203,0.78037,0.076002,0.821219,0.060924,0.082382,0.786045,0.039234,0.083872,0.777253,0.037461,0.044487,0.994458,0.227418,,,,0.058097,0.970741,0.200558
1010.3998,0.12213,0.774859,0.076002,0.821219,0.065399,0.082382,0.786045,0.041292,0.083872,0.777253,0.038333,0.044487,0.994458,0.232921,,,,0.058097,0.970741,0.206083
1010.6022,0.12213,0.774859,0.076002,0.821219,0.065399,0.082382,0.786045,0.041292,0.083872,0.777253,0.038333,0.044487,0.994458,0.232921,,,,0.058097,0.970741,0.206083
1010.8043,0.12213,0.774859,0.076002,0.821219,0.065399,0.082382,0.786045,0.041292,0.083872,0.777253,0.038333,0.044487,0.994458,0.232921,,,,0.058097,0.970741,0.206083
1010.9986,0.124631,0.759234,0.076002,0.821219,0.078784,0.086671,0.758638,0.037965,0.085275,0.76811,0.040344,0.044487,0.994458,0.248503,,,,0.067013,0.954552,0.20364
1011.2077,0.125542,0.753242,0.076002,0.821219,0.084113,0.086671,0.758638,0.039244,0.087953,0.749787,0.037747,0.044487,0.994458,0.254471,,,,0.067013,0.954552,0.209646
1011.3985,0.125954,0.750475,0.076002,0.821219,0.086602,0.087959,0.74946,0.038009,0.089169,0.7406,0.038087,0.044487,0.994458,0.257225,,,,0.075734,0.938196,0.194322
1011.5993,0.125954,0.750475,0.076002,0.821219,0.086602,0.087959,0.74946,0.038009,0.089169,0.7406,0.038087,0.044487,0.994458,0.257225,,,,0.075734,0.938196,0.194322
1011.7981,0.12609,0.749552,0.076002,0.821219,0.087435,0.087959,0.74946,0.038131,0.089169,0.7406,0.037991,0.044487,0.994458,0.258143,,,,0.075734,0.938196,0.195249
1012.0042,0.12754,0.739469,0.076002,0.821219,0.096639,0.087959,0.74946,0.040823,0.089169,0.7406,0.038388,0.044487,0.994458,0.268174,,,,0.075734,0.938196,0.205368
1012.2206,0.128368,0.73349,0.076002,0.821219,0.102169,0.087959,0.74946,0.04345,0.089169,0.7406,0.039838,0.044487,0.994458,0.274118,,,,0.075734,0.938196,0.211364
1012.3989,0.129294,0.726576,0.076002,0.821219,0.108616,0.08918,0.740336,0.042409,0.090319,0.731466,0.039281,0.044487,0.994458,0.280986,,,,0.07996,0.930018,0.209338
1012.6204,0.130542,0.716852,0.076002,0.821219,0.117759,0.090349,0.731164,0.042665,0.091417,0.722285,0.039501,0.044487,0.994458,0.290639,,,,0.084155,0.921778,0.21011
1012.9568,0.130542,0.716852,0.076002,0.821219,0.117759,0.090349,0.731164,0.042665,0.091417,0.722285,0.039501,0.044487,0.994458,0.290639,,,,0.084155,0.921778,0.21011
1012.9984,0.131001,0.713146,0.076002,0.821219,0.121263,0.091465,0.721959,0.040506,0.093508,0.703837,0.038632,0.044487,0.994458,0.294315,,,,0.08831,0.913488,0.204841
1013.2018,0.131926,0.705454,0.076002,0.821219,0.128565,0.091465,0.721959,0.043698,0.093508,0.703837,0.038452,0.044487,0.994458,0.301942,,,,0.08831,0.913488,0.212558
1013.3994,0.132085,0.704098,0.076002,0.821219,0.129856,0.092526,0.712736,0.040491,0.093508,0.703837,0.038578,0.044487,0.994458,0.303286,,,,0.092419,0.905164,0.204941
1013.5983,0.132085,0.704098,0.076002,0.821219,0.129856,0.092526,0.712736,0.040491,0.093508,0.703837,0.038578,0.044487,0.994458,0.303286,,,,0.092419,0.905164,0.204941
1013.903,0.132085,0.704098,0.076002,0.821219,0.129856,0.092526,0.712736,0.040491,0.093508,0.703837,0.038578,0.044487,0.994458,0.303286,,,,0.092419,0.905164,0.204941
1014.0007,0.132594,0.699676,0.076002,0.821219,0.134072,0.092526,0.712736,0.042143,0.093508,0.703837,0.039307,0.044487,0.994458,0.307668,,,,0.092419,0.905164,0.209379
1014.2109,0.132744,0.698352,0.098419,0.683565,0.037375,0.092526,0.712736,0.042713,0.093508,0.703837,0.039618,0.044487,0.994458,0.308979,,,,0.092419,0.905164,0.210706
1014.4014,0.133856,0.6882,0.098419,0.683565,0.035739,0.098388,0.683671,0.035756,0.098401,0.683594,0.035753,0.044487,0.994458,0.319032,,,,0.100141,0.889284,0.203891
1014.6128,0.134273,0.684225,0.098419,0.683565,0.03586,0.098388,0.683671,0.035889,0.098401,0.683594,0.035877,0.044487,0.994458,0.322965,,,,0.100141,0.889284,0.20788
1014.7987,0.134273,0.684225,0.098419,0.683565,0.03586,0.098388,0.683671,0.035889,0.098401,0.683594,0.035877,0.044487,0.994458,0.322965,,,,0.100141,0.889284,0.20788
1014.9988,0.134409,0.682902,0.098419,0.683565,0.035996,0.098388,0.683671,0.036029,0.098401,0.683594,0.036015,0.044487,0.994458,0.324273,,,,0.100141,0.889284,0.209207
1015.2002,0.13481,0.678948,0.098419,0.683565,0.036682,0.098388,0.683671,0.036726,0.098401,0.683594,0.036704,0.044487,0.994458,0.328184,,,,0.100141,0.889284,0.213174
1015.3996,0.135622,0.670597,0.098419,0.683565,0.039398,0.099213,0.67488,0.03666,0.099223,0.674803,0.036641,0.044487,0.994458,0.33644,,,,0.103909,0.881299,0.213076
1015.5983,0.135746,0.669278,0.098419,0.683565,0.039967,0.099213,0.67488,0.03696,0.099223,0.674803,0.036938,0.044487,0.994458,0.337743,,,,0.103909,0.881299,0.214399
1015.871,0.135746,0.669278,0.098419,0.683565,0.039967,0.099213,0.67488,0.03696,0.099223,0.674803,0.036938,0.044487,0.994458,0.337743,,,,0.103909,0.881299,0.214399
1015.9984,0.136538,0.660542,0.098419,0.683565,0.044532,0.10075,0.657387,0.035927,0.101418,0.648616,0.03709,0.044487,0.994458,0.346372,,,,0.114869,0.857484,0.198131
1016.1989,0.136538,0.660542,0.098419,0.683565,0.044532,0.10075,0.657387,0.035927,0.101418,0.648616,0.03709,0.044487,0.994458,0.346372,,,,0.114869,0.857484,0.198131
1016.4023,0.136953,0.655737,0.098419,0.683565,0.047532,0.10075,0.657387,0.03624,0.101418,0.648616,0.036241,0.044487,0.994458,0.351116,,,,0.114869,0.857484,0.202952
1016.6162,0.136953,0.655737,0.098419,0.683565,0.047532,0.10075,0.657387,0.03624,0.101418,0.648616,0.036241,0.044487,0.994458,0.351116,,,,0.114869,0.857484,0.202952
1016.8887,0.136953,0.655737,0.098419,0.683565,0.047532,0.10075,0.657387,0.03624,0.101418,0.648616,0.036241,0.044487,0.994458,0.351116,,,,0.114869,0.857484,0.202952
1016.9993,0.137382,0.650572,0.098419,0.683565,0.051055,0.101413,0.648694,0.036018,0.102021,0.640045,0.036895,0.044487,0.994458,0.356213,,,,0.118357,0.849631,0.199966
1017.2017,0.137758,0.645858,0.098419,0.683565,0.054491,0.101413,0.648694,0.036455,0.102021,0.640045,0.036207,0.044487,0.994458,0.360862,,,,0.118357,0.849631,0.204694
1017.4031,0.138373,0.637726,0.098419,0.683565,0.060807,0.102614,0.631665,0.036269,0.102571,0.631527,0.036335,0.044487,0.994458,0.36888,,,,0.121778,0.841811,0.204758
1017.6116,0.13868,0.633445,0.098419,0.683565,0.064288,0.103122,0.623144,0.037021,0.102571,0.631527,0.03616,0.044487,0.994458,0.373099,,,,0.121778,0.841811,0.20905
1017.7991,0.139178,0.626116,0.098419,0.683565,0.070439,0.103586,0.61455,0.037425,0.103587,0.614343,0.037488,0.044487,0.994458,0.380319,,,,0.125155,0.833972,0.208329
1017.9993,0.139748,0.617044,0.098419,0.683565,0.078313,0.104003,0.605953,0.037426,0.104001,0.605746,0.03749,0.044487,0.994458,0.38925,,,,0.128518,0.826049,0.209306
1018.1992,0.139872,0.614935,0.098419,0.683565,0.080178,0.104003,0.605953,0.036977,0.104001,0.605746,0.03703,0.044487,0.994458,0.391326,,,,0.128518,0.826049,0.211419
1018.3993,0.139872,0.614935,0.098419,0.683565,0.080178,0.104003,0.605953,0.036977,0.104001,0.605746,0.03703,0.044487,0.994458,0.391326,,,,0.128518,0.826049,0.211419
1018.6048,0.139872,0.614935,0.098419,0.683565,0.080178,0.104003,0.605953,0.036977,0.104001,0.605746,0.03703,0.044487,0.994458,0.391326,,,,0.128518,0.826049,0.211419
1019.0641,0.139872,0.614935,0.098419,0.683565,0.080178,0.104003,0.605953,0.036977,0.104001,0.605746,0.03703,0.044487,0.994458,0.391326,,,,0.128518,0.826049,0.211419
1019.1984,0.140682,0.599883,0.098419,0.683565,0.093749,0.104718,0.589334,0.037479,0.104665,0.589114,0.037592,0.044487,0.994458,0.406132,,,,0.138068,0.802974,0.203108
1019.4031,0.140936,0.594526,0.098419,0.683565,0.098669,0.104718,0.589334,0.036588,0.104665,0.589114,0.036672,0.044487,0.994458,0.411398,,,,0.138068,0.802974,0.208467
1019.6086,0.141152,0.589609,0.098419,0.683565,0.103217,0.104718,0.589334,0.036436,0.104665,0.589114,0.03649,0.044487,0.994458,0.41623,,,,0.138068,0.802974,0.213387
1019.8806,0.141255,0.587151,0.098419,0.683565,0.105501,0.104718,0.589334,0.036602,0.104665,0.589114,0.036642,0.044487,0.994458,0.418645,,,,0.138068,0.802974,0.215846
1020.0017,0.141641,0.576939,0.098419,0.683565,0.115052,0.104983,0.581182,0.036902,0.104927,0.580962,0.036934,0.044487,0.994458,0.428673,,,,0.141094,0.7954,0.218461
1020.2175,0.141682,0.575716,0.098419,0.683565,0.116203,0.105425,0.564959,0.03782,0.105362,0.564739,0.037944,0.044487,0.994458,0.429874,,,,0.147037,0.780298,0.204652
1020.4008,0.141762,0.573316,0.098419,0.683565,0.118462,0.105425,0.564959,0.037286,0.105362,0.564739,0.037397,0.044487,0.994458,0.43223,,,,0.147037,0.780298,0.207049
1020.599,0.1418,0.572121,0.098419,0.683565,0.119589,0.105425,0.564959,0.037074,0.105362,0.564739,0.037179,0.044487,0.994458,0.433404,,,,0.147037,0.780298,0.208242
1020.8073,0.1418,0.572121,0.098419,0.683565,0.119589,0.105425,0.564959,0.037074,0.105362,0.564739,0.037179,0.044487,0.994458,0.433404,,,,0.147037,0.780298,0.208242
1020.9988,0.141813,0.571723,0.098419,0.683565,0.119965,0.105425,0.564959,0.037011,0.105362,0.564739,0.037114,0.044487,0.994458,0.433795,,,,0.147037,0.780298,0.20864
1021.2232,0.142033,0.564153,0.105338,0.558334,0.037154,0.105561,0.557031,0.037161,0.105343,0.558316,0.037152,0.044487,0.994458,0.441224,,,,0.149865,0.772891,0.208885
1021.402,0.142173,0.558574,0.105338,0.558334,0.036837,0.105561,0.557031,0.036645,0.105343,0.558316,0.036831,0.044487,0.994458,0.446696,,,,0.149865,0.772891,0.214455
1021.6019,0.142173,0.558574,0.105338,0.558334,0.036837,0.105561,0.557031,0.036645,0.105343,0.558316,0.036831,0.044487,0.994458,0.446696,,,,0.149865,0.772891,0.214455
1021.918,0.142173,0.558574,0.105338,0.558334,0.036837,0.105561,0.557031,0.036645,0.105343,0.558316,0.036831,0.044487,0.994458,0.446696,,,,0.149865,0.772891,0.214455
1022.0031,0.142414,0.546436,0.105338,0.558334,0.038939,0.105354,0.558228,0.038891,0.105719,0.542714,0.036884,0.044487,0.994458,0.4586,,,,0.155361,0.758285,0.212244
1022.2117,0.142433,0.545267,0.105338,0.558334,0.039329,0.105354,0.558228,0.039279,0.105719,0.542714,0.036803,0.044487,0.994458,0.459746,,,,0.155361,0.758285,0.21341
1022.4114,0.142513,0.539423,0.105338,0.558334,0.041709,0.105838,0.534982,0.036943,0.105911,0.527215,0.038585,0.044487,0.994458,0.465474,,,,0.16065,0.743714,0.205095
1022.599,0.142513,0.539423,0.105338,0.558334,0.041709,0.105838,0.534982,0.036943,0.105911,0.527215,0.038585,0.044487,0.994458,0.465474,,,,0.16065,0.743714,0.205095
1022.9746,0.142513,0.539423,0.105338,0.558334,0.041709,0.105838,0.534982,0.036943,0.105911,0.527215,0.038585,0.044487,0.994458,0.465474,,,,0.16065,0.743714,0.205095
1022.9982,0.142576,0.533258,0.105338,0.558334,0.044894,0.105838,0.534982,0.036778,0.105911,0.527215,0.03716,0.044487,0.994458,0.471516,,,,0.16065,0.743714,0.211231
1023.1992,0.142576,0.533258,0.105338,0.558334,0.044894,0.105838,0.534982,0.036778,0.105911,0.527215,0.03716,0.044487,0.994458,0.471516,,,,0.16065,0.743714,0.211231
1023.3982,0.142608,0.5287,0.105338,0.558334,0.047615,0.105838,0.534982,0.037302,0.105911,0.527215,0.036727,0.044487,0.994458,0.475981,,,,0.16065,0.743714,0.215769
1023.6063,0.142633,0.520352,0.105338,0.558334,0.053231,0.105913,0.527426,0.037396,0.105952,0.519659,0.036688,0.044487,0.994458,0.484159,,,,0.163178,0.736594,0.217216
1024.0072,0.142633,0.520352,0.105338,0.558334,0.053231,0.105913,0.527426,0.037396,0.105952,0.519659,0.036688,0.044487,0.994458,0.484159,,,,0.163178,0.736594,0.217216
1024.2103,0.142566,0.504586,0.105338,0.558334,0.065382,0.105959,0.512371,0.037426,0.105964,0.504647,0.036603,0.044487,0.994458,0.499595,,,,0.168118,0.722372,0.21928
1024.4032,0.142516,0.499815,0.105338,0.558334,0.069331,0.10593,0.504947,0.036945,0.105901,0.497224,0.036707,0.044487,0.994458,0.504264,,,,0.168118,0.722372,0.224025
1024.6026,0.142473,0.496498,0.105338,0.558334,0.07213,0.10593,0.504947,0.037508,0.105901,0.497224,0.03658,0.044487,0.994458,0.50751,,,,0.170506,0.715342,0.220633
1024.8526,0.142473,0.496498,0.105338,0.558334,0.07213,0.10593,0.504947,0.037508,0.105901,0.497224,0.03658,0.044487,0.994458,0.50751,,,,0.170506,0.715342,0.220633
1025.0735,0.142393,0.491289,0.105338,0.558334,0.076604,0.10593,0.504947,0.038937,0.105901,0.497224,0.036972,0.044487,0.994458,0.512606,,,,0.172822,0.708419,0.219252
1025.2056,0.142325,0.487547,0.105338,0.558334,0.079867,0.105805,0.49013,0.036611,0.105708,0.482407,0.036976,0.044487,0.994458,0.516267,,,,0.172822,0.708419,0.222968
1025.402,0.142233,0.483092,0.105338,0.558334,0.083801,0.105676,0.482746,0.036558,0.105545,0.475025,0.037564,0.044487,0.994458,0.520625,,,,0.177445,0.694393,0.214215
1025.6174,0.142121,0.478337,0.105338,0.558334,0.088048,0.105676,0.482746,0.036711,0.105545,0.475025,0.036726,0.044487,0.994458,0.525275,,,,0.177445,0.694393,0.218924
1026.0408,0.142121,0.478337,0.105338,0.558334,0.088048,0.105676,0.482746,0.036711,0.105545,0.475025,0.036726,0.044487,0.994458,0.525275,,,,0.177445,0.694393,0.218924
1026.2,0.141812,0.467366,0.105338,0.558334,0.098008,0.105325,0.468198,0.036496,0.105353,0.467751,0.036461,0.044487,0.994458,0.536002,,,,0.179662,0.687462,0.223327
1026.4038,0.141629,0.461882,0.105338,0.558334,0.103054,0.105101,0.460924,0.036541,0.104903,0.453203,0.037737,0.044487,0.994458,0.541364,,,,0.184032,0.67358,0.215903
1026.6067,0.141629,0.461882,0.105338,0.558334,0.103054,0.105101,0.460924,0.036541,0.104903,0.453203,0.037737,0.044487,0.994458,0.541364,,,,0.184032,0.67358,0.215903
1026.8368,0.141629,0.461882,0.105338,0.558334,0.103054,0.105101,0.460924,0.036541,0.104903,0.453203,0.037737,0.044487,0.994458,0.541364,,,,0.184032,0.67358,0.215903
1027.0072,0.141551,0.459674,0.105338,0.558334,0.105096,0.105101,0.460924,0.036472,0.104903,0.453203,0.037215,0.044487,0.994458,0.543522,,,,0.184032,0.67358,0.218083
1027.2024,0.141551,0.459674,0.105338,0.558334,0.105096,0.105101,0.460924,0.036472,0.104903,0.453203,0.037215,0.044487,0.994458,0.543522,,,,0.184032,0.67358,0.218083
1027.4175,0.141525,0.458941,0.105338,0.558334,0.105776,0.105101,0.460924,0.036478,0.104903,0.453203,0.037069,0.044487,0.994458,0.544238,,,,0.184032,0.67358,0.218807
1027.6077,0.141143,0.448684,0.104741,0.438462,0.037811,0.10471,0.438637,0.037793,0.104903,0.453203,0.036521,0.044487,0.994458,0.554267,,,,0.186167,0.666585,0.222503
1027.8685,0.141129,0.448318,0.104741,0.438462,0.0377,0.10471,0.438637,0.037684,0.104903,0.453203,0.036554,0.044487,0.994458,0.554625,,,,0.186167,0.666585,0.222865
1028.0087,0.141072,0.446853,0.104741,0.438462,0.037288,0.104392,0.431331,0.03983,0.104724,0.438556,0.037284,0.044487,0.994458,0.556058,,,,0.186167,0.666585,0.224312
1028.2013,0.140784,0.4395,0.104741,0.438462,0.036058,0.104057,0.423978,0.039873,0.104081,0.423849,0.0399,0.044487,0.994458,0.563252,,,,0.188288,0.659586,0.225154
1028.3998,0.140595,0.43467,0.104741,0.438462,0.036054,0.104057,0.423978,0.038071,0.104081,0.423849,0.038084,0.044487,0.994458,0.567978,,,,0.188288,0.659586,0.229916
1028.6017,0.14023,0.425347,0.104741,0.438462,0.037836,0.103718,0.416528,0.037563,0.103756,0.416399,0.037556,0.044487,0.994458,0.577109,,,,0.192556,0.645396,0.226185
1028.8011,0.140201,0.4246,0.104741,0.438462,0.038074,0.103718,0.416528,0.037366,0.103756,0.416399,0.037356,0.044487,0.994458,0.577841,,,,0.192556,0.645396,0.226919
1028.9981,0.140143,0.423106,0.104741,0.438462,0.038589,0.103718,0.416528,0.037014,0.103756,0.416399,0.037,0.044487,0.994458,0.579304,,,,0.192556,0.645396,0.228386
1029.1986,0.140128,0.422732,0.104741,0.438462,0.038726,0.103718,0.416528,0.036935,0.103756,0.416399,0.036919,0.044487,0.994458,0.57967,,,,0.192556,0.645396,0.228753
1029.4083,0.139915,0.417166,0.104741,0.438462,0.041119,0.103718,0.416528,0.036203,0.10343,0.408928,0.037403,0.044487,0.994458,0.585127,,,,0.19471,0.638236,0.22776
1029.5997,0.139709,0.411601,0.104741,0.438462,0.044095,0.103377,0.409059,0.036421,0.10343,0.408928,0.036378,0.125931,0.631766,0.220596,,,,0.19471,0.638236,0.233213
1030.0809,0.139709,0.411601,0.104741,0.438462,0.044095,0.103377,0.409059,0.036421,0.10343,0.408928,0.036378,0.125931,0.631766,0.220596,,,,0.19471,0.638236,0.233213
1030.1985,0.139339,0.400937,0.104741,0.438462,0.051041,0.102715,0.39419,0.03724,0.102795,0.394059,0.037185,0.125931,0.631766,0.231218,,,,0.126387,0.624324,0.223762
1030.4007,0.139243,0.398009,0.104741,0.438462,0.053168,0.102715,0.39419,0.036727,0.102795,0.394059,0.036661,0.125931,0.631766,0.234136,,,,0.126387,0.624324,0.22668
1030.6429,0.139126,0.394306,0.104741,0.438462,0.055966,0.102098,0.379406,0.039913,0.102206,0.379274,0.039863,0.125931,0.631766,0.237827,,,,0.127314,0.609556,0.215574
1030.9787,0.139103,0.39356,0.104741,0.438462,0.056542,0.102098,0.379406,0.03962,0.102206,0.379274,0.039567,0.125931,0.631766,0.23857,,,,0.127314,0.609556,0.216318
1031.0219,0.139037,0.391323,0.104741,0.438462,0.058296,0.102098,0.379406,0.038814,0.101956,0.371785,0.041914,0.125931,0.631766,0.2408,,,,0.127832,0.602081,0.211056
1031.2148,0.138904,0.386518,0.104741,0.438462,0.062172,0.102098,0.379406,0.037487,0.101956,0.371785,0.039777,0.125931,0.631766,0.24559,,,,0.127832,0.602081,0.215847
1031.4137,0.138856,0.384707,0.104741,0.438462,0.063668,0.102098,0.379406,0.037139,0.101956,0.371785,0.039097,0.125931,0.631766,0.247397,,,,0.127832,0.602081,0.217654
1031.6089,0.138717,0.378904,0.104741,0.438462,0.068569,0.101584,0.364844,0.039705,0.10174,0.364502,0.039682,0.125931,0.631766,0.253185,,,,0.127832,0.602081,0.223443
1031.8026,0.138693,0.37782,0.104741,0.438462,0.0695,0.101584,0.364844,0.039312,0.10174,0.364502,0.039279,0.125931,0.631766,0.254267,,,,0.127832,0.602081,0.224524
1031.999,0.138493,0.366621,0.104741,0.438462,0.079375,0.101385,0.357575,0.038195,0.101553,0.357234,0.038114,0.125931,0.631766,0.265443,,,,0.128891,0.587577,0.221165
1032.1993,0.138443,0.362646,0.104741,0.438462,0.082969,0.101221,0.350306,0.039214,0.101402,0.349964,0.039152,0.125931,0.631766,0.26941,,,,0.129493,0.580331,0.217869
1032.3982,0.138431,0.361563,0.104741,0.438462,0.083956,0.101221,0.350306,0.038876,0.101402,0.349964,0.038803,0.125931,0.631766,0.270492,,,,0.129493,0.580331,0.21895
1032.5986,0.138365,0.352221,0.104741,0.438462,0.092564,0.101005,0.335831,0.040797,0.101402,0.349964,0.037031,0.125931,0.631766,0.279821,,,,0.13013,0.5731,0.221032
1032.9766,0.138365,0.352221,0.104741,0.438462,0.092564,0.101005,0.335831,0.040797,0.101402,0.349964,0.037031,0.125931,0.631766,0.279821,,,,0.13013,0.5731,0.221032
1033.0101,0.13836,0.350797,0.104741,0.438462,0.093891,0.101005,0.335831,0.040242,0.101175,0.335531,0.040197,0.125931,0.631766,0.281243,,,,0.1308,0.565914,0.215249
1033.2024,0.13836,0.350797,0.104741,0.438462,0.093891,0.101005,0.335831,0.040242,0.101175,0.335531,0.040197,0.125931,0.631766,0.281243,,,,0.1308,0.565914,0.215249
1033.4381,0.138358,0.349751,0.104741,0.438462,0.094867,0.101005,0.335831,0.039863,0.101175,0.335531,0.03981,0.125931,0.631766,0.282288,,,,0.1308,0.565914,0.216294
1033.6194,0.13837,0.342829,0.101178,0.335018,0.038003,0.101186,0.334943,0.038011,0.101187,0.334933,0.038012,0.125931,0.631766,0.289205,,,,0.131486,0.558966,0.216247
1033.9933,0.138378,0.341444,0.101178,0.335018,0.037751,0.101186,0.334943,0.037756,0.101187,0.334933,0.037756,0.125931,0.631766,0.290589,,,,0.131486,0.558966,0.217631
1034.0042,0.138387,0.34006,0.101178,0.335018,0.037549,0.101112,0.327961,0.039189,0.101114,0.327951,0.039191,0.125931,0.631766,0.291972,,,,0.132217,0.552023,0.212053
1034.1984,0.138559,0.327777,0.101178,0.335018,0.038076,0.101087,0.321126,0.038059,0.101089,0.321116,0.038058,0.125931,0.631766,0.304251,,,,0.132979,0.54523,0.217525
1034.4171,0.138559,0.327777,0.101178,0.335018,0.038076,0.101087,0.321126,0.038059,0.101089,0.321116,0.038058,0.125931,0.631766,0.304251,,,,0.132979,0.54523,0.217525
1034.6052,0.138663,0.323381,0.101178,0.335018,0.039249,0.101087,0.321126,0.037644,0.101117,0.314278,0.038633,0.125931,0.631766,0.308648,,,,0.132979,0.54523,0.221922
1034.914,0.138663,0.323381,0.101178,0.335018,0.039249,0.101087,0.321126,0.037644,0.101117,0.314278,0.038633,0.125931,0.631766,0.308648,,,,0.132979,0.54523,0.221922
1034.9986,0.138853,0.317018,0.101178,0.335018,0.041754,0.10114,0.307612,0.038868,0.101117,0.314278,0.037835,0.125931,0.631766,0.315013,,,,0.134588,0.531812,0.214837
1035.2039,0.138853,0.317018,0.101178,0.335018,0.041754,0.10114,0.307612,0.038868,0.101117,0.314278,0.037835,0.125931,0.631766,0.315013,,,,0.134588,0.531812,0.214837
1035.4012,0.138853,0.317018,0.101178,0.335018,0.041754,0.10114,0.307612,0.038868,0.101117,0.314278,0.037835,0.125931,0.631766,0.315013,,,,0.134588,0.531812,0.214837
1035.6016,0.138898,0.315717,0.101178,0.335018,0.042371,0.10114,0.307612,0.038618,0.101117,0.314278,0.037809,0.125931,0.631766,0.316315,,,,0.134588,0.531812,0.216138
1036.1137,0.138898,0.315717,0.101178,0.335018,0.042371,0.10114,0.307612,0.038618,0.101117,0.314278,0.037809,0.125931,0.631766,0.316315,,,,0.134588,0.531812,0.216138
1036.2002,0.139514,0.302117,0.101178,0.335018,0.050519,0.101274,0.301022,0.038256,0.101332,0.300932,0.038201,0.125931,0.631766,0.329929,,,,0.13548,0.525281,0.223201
1036.3994,0.139831,0.29679,0.101178,0.335018,0.054364,0.101649,0.288289,0.039117,0.101707,0.288199,0.03908,0.125931,0.631766,0.335264,,,,0.136431,0.518766,0.222002
1036.6089,0.139954,0.294913,0.101178,0.335018,0.055785,0.101649,0.288289,0.038873,0.101707,0.288199,0.038832,0.125931,0.631766,0.337145,,,,0.136431,0.518766,0.223881
1036.7993,0.14033,0.289634,0.101178,0.335018,0.059938,0.101964,0.281979,0.039123,0.101707,0.288199,0.03865,0.125931,0.631766,0.342435,,,,0.137409,0.512472,0.222858
1036.9986,0.140645,0.285658,0.101178,0.335018,0.063198,0.102337,0.275775,0.039562,0.102326,0.275784,0.039571,0.125931,0.631766,0.34642,,,,0.139442,0.50021,0.214555
1037.205,0.140645,0.285658,0.101178,0.335018,0.063198,0.102337,0.275775,0.039562,0.102326,0.275784,0.039571,0.125931,0.631766,0.34642,,,,0.139442,0.50021,0.214555
1037.4514,0.14067,0.285354,0.101178,0.335018,0.063452,0.102337,0.275775,0.039511,0.102326,0.275784,0.03952,0.125931,0.631766,0.346726,,,,0.139442,0.50021,0.21486
1037.6015,0.141227,0.279099,0.101178,0.335018,0.068781,0.102337,0.275775,0.039031,0.102326,0.275784,0.039042,0.125931,0.631766,0.352999,,,,0.139442,0.50021,0.221119
1037.822,0.141227,0.279099,0.101178,0.335018,0.068781,0.102337,0.275775,0.039031,0.102326,0.275784,0.039042,0.125931,0.631766,0.352999,,,,0.139442,0.50021,0.221119
1038.0058,0.142463,0.267427,0.101178,0.335018,0.079202,0.1032,0.263605,0.039448,0.103767,0.257513,0.039946,0.125931,0.631766,0.364714,,,,0.141696,0.48822,0.220794
1038.1984,0.142637,0.265961,0.101178,0.335018,0.080546,0.10377,0.257503,0.039776,0.103767,0.257513,0.039777,0.125931,0.631766,0.366186,,,,0.142962,0.482223,0.216262
1038.3995,0.142707,0.265375,0.101178,0.335018,0.081085,0.10377,0.257503,0.039725,0.103767,0.257513,0.039726,0.125931,0.631766,0.366774,,,,0.142962,0.482223,0.216848
1038.6052,0.143297,0.260687,0.101178,0.335018,0.085435,0.10377,0.257503,0.039655,0.103767,0.257513,0.039657,0.125931,0.631766,0.371485,,,,0.142962,0.482223,0.221536
1038.8454,0.143374,0.260102,0.101178,0.335018,0.085982,0.10377,0.257503,0.039689,0.103767,0.257513,0.039691,0.125931,0.631766,0.372073,,,,0.142962,0.482223,0.222122
1039.0561,0.144371,0.252923,0.101178,0.335018,0.092764,0.105025,0.24555,0.040032,0.105027,0.24556,0.040028,0.125931,0.631766,0.379291,,,,0.14558,0.470493,0.217573
1039.1989,0.145226,0.247328,0.101178,0.335018,0.098131,0.105759,0.239829,0.040173,0.105763,0.239839,0.040167,0.125931,0.631766,0.384922,,,,0.146965,0.464894,0.217573
1039.4065,0.145226,0.247328,0.101178,0.335018,0.098131,0.105759,0.239829,0.040173,0.105763,0.239839,0.040167,0.125931,0.631766,0.384922,,,,0.146965,0.464894,0.217573
1039.6001,0.145226,0.247328,0.101178,0.335018,0.098131,0.105759,0.239829,0.040173,0.105763,0.239839,0.040167,0.125931,0.631766,0.384922,,,,0.146965,0.464894,0.217573
1040.0236,0.145226,0.247328,0.101178,0.335018,0.098131,0.105759,0.239829,0.040173,0.105763,0.239839,0.040167,0.125931,0.631766,0.384922,,,,0.146965,0.464894,0.217573
1040.1992,0.146726,0.238445,0.103789,0.227414,0.044331,0.104513,0.221793,0.045379,0.104512,0.221793,0.045379,0.125931,0.631766,0.39387,,,,0.149929,0.453784,0.215363
1040.3995,0.146926,0.237334,0.103789,0.227414,0.044263,0.104513,0.221793,0.045171,0.104512,0.221793,0.045171,0.125931,0.631766,0.394991,,,,0.149929,0.453784,0.216472
1040.6025,0.148046,0.231401,0.103789,0.227414,0.044437,0.105256,0.216481,0.045317,0.105256,0.216481,0.045317,0.125931,0.631766,0.400976,,,,0.149929,0.453784,0.222392
1041.1125,0.148046,0.231401,0.103789,0.227414,0.044437,0.105256,0.216481,0.045317,0.105256,0.216481,0.045317,0.125931,0.631766,0.400976,,,,0.149929,0.453784,0.222392
1041.2126,0.149302,0.225265,0.103789,0.227414,0.045564,0.106064,0.211192,0.04547,0.106064,0.211192,0.04547,0.125931,0.631766,0.407172,,,,0.152875,0.443497,0.218261
1041.4072,0.150131,0.221478,0.103789,0.227414,0.04672,0.106877,0.206294,0.045841,0.106877,0.206295,0.045841,0.125931,0.631766,0.411001,,,,0.154363,0.438761,0.217324
1041.6,0.150131,0.221478,0.103789,0.227414,0.04672,0.106877,0.206294,0.045841,0.106877,0.206295,0.045841,0.125931,0.631766,0.411001,,,,0.154363,0.438761,0.217324
1042.0894,0.150131,0.221478,0.103789,0.227414,0.04672,0.106877,0.206294,0.045841,0.106877,0.206295,0.045841,0.125931,0.631766,0.411001,,,,0.154363,0.438761,0.217324
1042.2192,0.150835,0.218404,0.103789,0.227414,0.047901,0.108648,0.196789,0.047401,0.108539,0.197044,0.047383,0.125931,0.631766,0.414112,,,,0.157299,0.429832,0.211527
1042.3982,0.151964,0.213719,0.103789,0.227414,0.050084,0.108648,0.196789,0.046507,0.108539,0.197044,0.046517,0.125931,0.631766,0.418856,,,,0.157299,0.429832,0.216179
1042.6037,0.153157,0.20907,0.103789,0.227414,0.052666,0.109604,0.192188,0.04671,0.108539,0.197044,0.04621,0.125931,0.631766,0.423572,,,,0.15889,0.42541,0.216416
1042.8028,0.153685,0.207094,0.103789,0.227414,0.053875,0.109604,0.192188,0.046533,0.108539,0.197044,0.046251,0.125931,0.631766,0.425578,,,,0.15889,0.42541,0.218378
1043.0032,0.153685,0.207094,0.103789,0.227414,0.053875,0.109604,0.192188,0.046533,0.108539,0.197044,0.046251,0.125931,0.631766,0.425578,,,,0.15889,0.42541,0.218378
1043.2114,0.153924,0.206217,0.103789,0.227414,0.054432,0.109604,0.192188,0.046487,0.109497,0.192443,0.046513,0.125931,0.631766,0.426468,,,,0.16053,0.421041,0.214925
1043.403,0.153924,0.206217,0.103789,0.227414,0.054432,0.109604,0.192188,0.046487,0.109497,0.192443,0.046513,0.125931,0.631766,0.426468,,,,0.16053,0.421041,0.214925
1043.6019,0.153924,0.206217,0.103789,0.227414,0.054432,0.109604,0.192188,0.046487,0.109497,0.192443,0.046513,0.125931,0.631766,0.426468,,,,0.16053,0.421041,0.214925
1043.8167,0.153924,0.206217,0.103789,0.227414,0.054432,0.109604,0.192188,0.046487,0.109497,0.192443,0.046513,0.125931,0.631766,0.426468,,,,0.16053,0.421041,0.214925
1044.0054,0.155075,0.202124,0.103789,0.227414,0.057183,0.109604,0.192188,0.046544,0.109497,0.192443,0.046595,0.125931,0.631766,0.43063,,,,0.16053,0.421041,0.218985
1044.2033,0.155673,0.200082,0.103789,0.227414,0.058643,0.111499,0.183662,0.047127,0.111396,0.183918,0.047135,0.125931,0.631766,0.432708,,,,0.162121,0.416974,0.216988
1044.4079,0.156658,0.196826,0.109245,0.167234,0.05589,0.109239,0.167434,0.055789,0.109237,0.167463,0.055775,0.125931,0.631766,0.436024,,,,0.163783,0.412893,0.216185
1044.6002,0.157317,0.194723,0.109245,0.167234,0.055376,0.110239,0.163421,0.056534,0.110237,0.163451,0.05652,0.125931,0.631766,0.438169,,,,0.163783,0.412893,0.218266
1044.8632,0.157317,0.194723,0.109245,0.167234,0.055376,0.110239,0.163421,0.056534,0.110237,0.163451,0.05652,0.125931,0.631766,0.438169,,,,0.163783,0.412893,0.218266
1045.015,0.158361,0.191503,0.109245,0.167234,0.054785,0.110239,0.163421,0.055717,0.110237,0.163451,0.055703,0.125931,0.631766,0.441456,,,,0.163783,0.412893,0.221456
1045.2099,0.15918,0.189067,0.109245,0.167234,0.054499,0.110239,0.163421,0.055253,0.110237,0.163451,0.055241,0.125931,0.631766,0.443946,,,,0.165398,0.409085,0.220106
1045.4081,0.159825,0.187198,0.109245,0.167234,0.054378,0.110239,0.163421,0.054992,0.110237,0.163451,0.054981,0.125931,0.631766,0.445858,,,,0.165398,0.409085,0.221957
1045.599,0.159956,0.186825,0.109245,0.167234,0.054364,0.112326,0.155524,0.056994,0.111281,0.159504,0.055818,0.125931,0.631766,0.44624,,,,0.167045,0.40535,0.21864
1045.7994,0.159956,0.186825,0.109245,0.167234,0.054364,0.112326,0.155524,0.056994,0.111281,0.159504,0.055818,0.125931,0.631766,0.44624,,,,0.167045,0.40535,0.21864
1046.0045,0.160149,0.186277,0.109245,0.167234,0.054349,0.112326,0.155524,0.056857,0.111281,0.159504,0.055721,0.125931,0.631766,0.446801,,,,0.167045,0.40535,0.219182
1046.1991,0.16114,0.183522,0.109245,0.167234,0.054392,0.112326,0.155524,0.056274,0.111281,0.159504,0.055343,0.125931,0.631766,0.449624,,,,0.167045,0.40535,0.221906
1046.4026,0.161905,0.181464,0.109245,0.167234,0.054549,0.112326,0.155524,0.055955,0.112382,0.15557,0.055884,0.125931,0.631766,0.451736,,,,0.168747,0.401637,0.220279
1046.6105,0.16236,0.180266,0.109245,0.167234,0.05469,0.112326,0.155524,0.055817,0.112382,0.15557,0.055747,0.125931,0.631766,0.452967,,,,0.168747,0.401637,0.221463
1046.917,0.16236,0.180266,0.109245,0.167234,0.05469,0.112326,0.155524,0.055817,0.112382,0.15557,0.055747,0.125931,0.631766,0.452967,,,,0.168747,0.401637,0.221463
1047.0008,0.164103,0.175834,0.109245,0.167234,0.055528,0.115656,0.144643,0.057619,0.115712,0.14469,0.057546,0.125931,0.631766,0.457527,,,,0.173736,0.391411,0.215792
1047.199,0.164103,0.175834,0.109245,0.167234,0.055528,0.115656,0.144643,0.057619,0.115712,0.14469,0.057546,0.125931,0.631766,0.457527,,,,0.173736,0.391411,0.215792
1047.4018,0.165479,0.172503,0.109245,0.167234,0.05648,0.116806,0.141295,0.057819,0.116863,0.141342,0.057746,0.125931,0.631766,0.460962,,,,0.175396,0.388283,0.216008
1047.599,0.166013,0.171249,0.109245,0.167234,0.05691,0.116806,0.141295,0.057607,0.116863,0.141342,0.057534,0.125931,0.631766,0.462258,,,,0.175396,0.388283,0.217237
1047.9599,0.166013,0.171249,0.109245,0.167234,0.05691,0.116806,0.141295,0.057607,0.116863,0.141342,0.057534,0.125931,0.631766,0.462258,,,,0.175396,0.388283,0.217237
1047.9992,0.16655,0.170009,0.109245,0.167234,0.057372,0.116806,0.141295,0.057436,0.118055,0.138034,0.058087,0.125931,0.631766,0.46354,,,,0.175396,0.388283,0.218454
1048.2021,0.16655,0.170009,0.109245,0.167234,0.057372,0.116806,0.141295,0.057436,0.118055,0.138034,0.058087,0.125931,0.631766,0.46354,,,,0.175396,0.388283,0.218454
1048.3999,0.16655,0.170009,0.109245,0.167234,0.057372,0.116806,0.141295,0.057436,0.118055,0.138034,0.058087,0.125931,0.631766,0.46354,,,,0.175396,0.388283,0.218454
1048.6163,0.166615,0.169858,0.109245,0.167234,0.05743,0.116806,0.141295,0.057418,0.118055,0.138034,0.05806,0.125931,0.631766,0.463696,,,,0.175396,0.388283,0.218602
1049.0691,0.167179,0.168581,0.109245,0.167234,0.057949,0.116806,0.141295,0.057288,0.118055,0.138034,0.057847,0.125931,0.631766,0.465018,,,,0.175396,0.388283,0.219856
1049.1986,0.168396,0.165898,0.109245,0.167234,0.059166,0.117998,0.137986,0.057611,0.118055,0.138034,0.057538,0.125931,0.631766,0.4678,,,,0.17709,0.385202,0.219477
1049.4073,0.168592,0.165475,0.109245,0.167234,0.059373,0.117998,0.137986,0.05758,0.118055,0.138034,0.057507,0.125931,0.631766,0.468238,,,,0.17709,0.385202,0.219891
1049.6006,0.169384,0.16379,0.126381,0.139337,0.049469,0.126337,0.139264,0.049544,0.126343,0.139273,0.049534,0.125931,0.631766,0.469989,,,,0.17869,0.382391,0.218799
1049.9625,0.169384,0.16379,0.126381,0.139337,0.049469,0.126337,0.139264,0.049544,0.126343,0.139273,0.049534,0.125931,0.631766,0.469989,,,,0.17869,0.382391,0.218799
1049.9992,0.170669,0.161137,0.126381,0.139337,0.049363,0.127548,0.136263,0.049781,0.128765,0.133272,0.050323,0.125931,0.631766,0.472751,,,,0.181975,0.376815,0.215974
1050.2384,0.170669,0.161137,0.126381,0.139337,0.049363,0.127548,0.136263,0.049781,0.128765,0.133272,0.050323,0.125931,0.631766,0.472751,,,,0.181975,0.376815,0.215974
1050.4003,0.170669,0.161137,0.126381,0.139337,0.049363,0.127548,0.136263,0.049781,0.128765,0.133272,0.050323,0.125931,0.631766,0.472751,,,,0.181975,0.376815,0.215974
1050.6127,0.171324,0.159821,0.126381,0.139337,0.049391,0.127548,0.136263,0.049713,0.128765,0.133272,0.050161,0.125931,0.631766,0.474123,,,,0.181975,0.376815,0.217255
1051.0586,0.171653,0.15917,0.126381,0.139337,0.049425,0.127548,0.136263,0.049699,0.128765,0.133272,0.050101,0.125931,0.631766,0.474803,,,,0.181975,0.376815,0.21789
1051.2036,0.173092,0.156388,0.126381,0.139337,0.049725,0.130029,0.130483,0.050254,0.129991,0.130475,0.050291,0.125931,0.631766,0.477712,,,,0.183602,0.374231,0.218096
1051.4145,0.173092,0.156388,0.126381,0.139337,0.049725,0.130029,0.130483,0.050254,0.129991,0.130475,0.050291,0.125931,0.631766,0.477712,,,,0.183602,0.374231,0.218096
1051.6035,0.173092,0.156388,0.126381,0.139337,0.049725,0.130029,0.130483,0.050254,0.129991,0.130475,0.050291,0.125931,0.631766,0.477712,,,,0.183602,0.374231,0.218096
1051.8709,0.173092,0.156388,0.126381,0.139337,0.049725,0.130029,0.130483,0.050254,0.129991,0.130475,0.050291,0.125931,0.631766,0.477712,,,,0.183602,0.374231,0.218096
1052.0004,0.173837,0.15499,0.126381,0.139337,0.049971,0.130029,0.130483,0.050197,0.129991,0.130475,0.050234,0.125931,0.631766,0.479176,,,,0.183602,0.374231,0.219458
1052.2013,0.17434,0.154064,0.126381,0.139337,0.050169,0.131261,0.127783,0.050463,0.131223,0.127775,0.050499,0.125931,0.631766,0.480148,,,,0.186621,0.369592,0.215877
1052.3984,0.17434,0.154064,0.126381,0.139337,0.050169,0.131261,0.127783,0.050463,0.131223,0.127775,0.050499,0.125931,0.631766,0.480148,,,,0.186621,0.369592,0.215877
1052.61,0.17434,0.154064,0.126381,0.139337,0.050169,0.131261,0.127783,0.050463,0.131223,0.127775,0.050499,0.125931,0.631766,0.480148,,,,0.186621,0.369592,0.215877
1052.9153,0.17434,0.154064,0.126381,0.139337,0.050169,0.131261,0.127783,0.050463,0.131223,0.127775,0.050499,0.125931,0.631766,0.480148,,,,0.186621,0.369592,0.215877
1052.9994,0.175965,0.151156,0.126381,0.139337,0.050973,0.133677,0.122691,0.050976,0.133639,0.122682,0.051012,0.131824,0.26912,0.125953,,,,0.188228,0.367276,0.216468
1053.1994,0.177042,0.149296,0.126381,0.139337,0.05163,0.134961,0.120181,0.051172,0.133639,0.122682,0.050913,0.131824,0.26912,0.128072,,,,0.13182,0.269128,0.12808
1053.4027,0.177042,0.149296,0.126381,0.139337,0.05163,0.134961,0.120181,0.051172,0.133639,0.122682,0.050913,0.131824,0.26912,0.128072,,,,0.13182,0.269128,0.12808
1053.603,0.177178,0.149065,0.126381,0.139337,0.05172,0.134961,0.120181,0.051153,0.133639,0.122682,0.050908,0.131824,0.26912,0.128337,,,,0.13182,0.269128,0.128345
1054.0386,0.177178,0.149065,0.126381,0.139337,0.05172,0.134961,0.120181,0.051153,0.133639,0.122682,0.050908,0.131824,0.26912,0.128337,,,,0.13182,0.269128,0.128345
1054.1984,0.179152,0.145803,0.126381,0.139337,0.053166,0.136141,0.117957,0.051239,0.135932,0.118201,0.051282,0.131824,0.26912,0.132088,,,,0.132172,0.266635,0.129644
1054.4046,0.179214,0.145703,0.126381,0.139337,0.053215,0.136141,0.117957,0.051237,0.135932,0.118201,0.051281,0.131824,0.26912,0.132203,,,,0.132172,0.266635,0.129759
1054.6149,0.179338,0.145504,0.126381,0.139337,0.053315,0.137342,0.115771,0.051456,0.135932,0.118201,0.051279,0.131824,0.26912,0.132433,,,,0.132558,0.264171,0.127554
1054.9619,0.179338,0.145504,0.126381,0.139337,0.053315,0.137342,0.115771,0.051456,0.135932,0.118201,0.051279,0.131824,0.26912,0.132433,,,,0.132558,0.264171,0.127554
1055.0068,0.179338,0.145504,0.126381,0.139337,0.053315,0.137342,0.115771,0.051456,0.135932,0.118201,0.051279,0.131824,0.26912,0.132433,,,,0.132558,0.264171,0.127554
1055.2212,0.179338,0.145504,0.126381,0.139337,0.053315,0.137342,0.115771,0.051456,0.135932,0.118201,0.051279,0.131824,0.26912,0.132433,,,,0.132558,0.264171,0.127554
1055.4029,0.18042,0.143801,0.126381,0.139337,0.054223,0.137342,0.115771,0.051394,0.135932,0.118201,0.051328,0.131824,0.26912,0.134412,,,,0.132558,0.264171,0.129537
1055.6038,0.180795,0.143224,0.126381,0.139337,0.054552,0.13838,0.113949,0.051537,0.137134,0.116015,0.051445,0.131824,0.26912,0.135085,,,,0.132558,0.264171,0.130211
1056.018,0.180795,0.143224,0.126381,0.139337,0.054552,0.13838,0.113949,0.051537,0.137134,0.116015,0.051445,0.131824,0.26912,0.135085,,,,0.132558,0.264171,0.130211
1056.1995,0.181928,0.141518,0.134188,0.12092,0.051994,0.13838,0.113949,0.051541,0.13425,0.120755,0.052002,0.131824,0.26912,0.137087,,,,0.132913,0.262104,0.130168
1056.4031,0.182694,0.140396,0.134188,0.12092,0.05227,0.134254,0.12074,0.052277,0.136189,0.117496,0.051837,0.131824,0.26912,0.138412,,,,0.13361,0.258377,0.127784
1056.5984,0.182694,0.140396,0.134188,0.12092,0.05227,0.134254,0.12074,0.052277,0.136189,0.117496,0.051837,0.131824,0.26912,0.138412,,,,0.13361,0.258377,0.127784
1057.0345,0.182694,0.140396,0.134188,0.12092,0.05227,0.134254,0.12074,0.052277,0.136189,0.117496,0.051837,0.131824,0.26912,0.138412,,,,0.13361,0.258377,0.127784
1057.2024,0.184294,0.138142,0.134188,0.12092,0.052983,0.134254,0.12074,0.05298,0.136189,0.117496,0.052348,0.131824,0.26912,0.141097,,,,0.13361,0.258377,0.130481
1057.413,0.184592,0.137735,0.134188,0.12092,0.053135,0.135178,0.119189,0.05278,0.137158,0.115973,0.052188,0.131824,0.26912,0.141586,,,,0.134381,0.254838,0.127414
1057.6004,0.184592,0.137735,0.134188,0.12092,0.053135,0.135178,0.119189,0.05278,0.137158,0.115973,0.052188,0.131824,0.26912,0.141586,,,,0.134381,0.254838,0.127414
1058.123,0.184592,0.137735,0.134188,0.12092,0.053135,0.135178,0.119189,0.05278,0.137158,0.115973,0.052188,0.131824,0.26912,0.141586,,,,0.134381,0.254838,0.127414
1058.2149,0.185512,0.136504,0.134188,0.12092,0.053638,0.13684,0.116493,0.052625,0.138896,0.113326,0.05206,0.131824,0.26912,0.143072,,,,0.134764,0.253302,0.127347
1058.4083,0.185732,0.136215,0.134188,0.12092,0.053766,0.13684,0.116493,0.05272,0.138896,0.113326,0.05213,0.131824,0.26912,0.143422,,,,0.134764,0.253302,0.127699
1058.5988,0.185732,0.136215,0.134188,0.12092,0.053766,0.13684,0.116493,0.05272,0.138896,0.113326,0.05213,0.131824,0.26912,0.143422,,,,0.134764,0.253302,0.127699
1059.241,0.185732,0.136215,0.134188,0.12092,0.053766,0.13684,0.116493,0.05272,0.138896,0.113326,0.05213,0.131824,0.26912,0.143422,,,,0.134764,0.253302,0.127699
1059.4028,0.187293,0.134226,0.134188,0.12092,0.054747,0.13864,0.1138,0.052767,0.140772,0.110685,0.052138,0.131824,0.26912,0.145854,,,,0.135615,0.250177,0.126946
1059.6027,0.187293,0.134226,0.134188,0.12092,0.054747,0.13864,0.1138,0.052767,0.140772,0.110685,0.052138,0.131824,0.26912,0.145854,,,,0.135615,0.250177,0.126946
1060.1868,0.187293,0.134226,0.134188,0.12092,0.054747,0.13864,0.1138,0.052767,0.140772,0.110685,0.052138,0.131824,0.26912,0.145854,,,,0.135615,0.250177,0.126946
1060.2079,0.187914,0.133462,0.134188,0.12092,0.055171,0.139535,0.112521,0.052717,0.141704,0.109432,0.052085,0.131824,0.26912,0.146796,,,,0.135615,0.250177,0.127896
1060.4042,0.188694,0.132525,0.134188,0.12092,0.055728,0.139535,0.112521,0.053073,0.141704,0.109432,0.052358,0.131824,0.26912,0.147961,,,,0.135615,0.250177,0.12907
1060.6038,0.188833,0.132361,0.134188,0.12092,0.055829,0.140447,0.111258,0.052787,0.142651,0.108196,0.052122,0.131824,0.26912,0.148166,,,,0.136059,0.248679,0.12773
1060.9688,0.188833,0.132361,0.134188,0.12092,0.055829,0.140447,0.111258,0.052787,0.142651,0.108196,0.052122,0.131824,0.26912,0.148166,,,,0.136059,0.248679,0.12773
1061.0012,0.188833,0.132361,0.134188,0.12092,0.055829,0.140447,0.111258,0.052787,0.142651,0.108196,0.052122,0.131824,0.26912,0.148166,,,,0.136059,0.248679,0.12773
1061.2036,0.188833,0.132361,0.134188,0.12092,0.055829,0.140447,0.111258,0.052787,0.142651,0.108196,0.052122,0.131824,0.26912,0.148166,,,,0.136059,0.248679,0.12773
1061.4075,0.189774,0.131265,0.134188,0.12092,0.056541,0.140447,0.111258,0.05323,0.142651,0.108196,0.052467,0.131824,0.26912,0.14954,,,,0.136059,0.248679,0.129118
1061.6027,0.190008,0.130999,0.134188,0.12092,0.056723,0.141229,0.110208,0.053026,0.143463,0.107168,0.052292,0.131824,0.26912,0.149876,,,,0.136838,0.246179,0.12686
1061.7999,0.190339,0.130627,0.134188,0.12092,0.056984,0.141229,0.110208,0.053186,0.143463,0.107168,0.052419,0.131824,0.26912,0.150348,,,,0.136838,0.246179,0.127336
1062.0081,0.191202,0.129678,0.153023,0.106781,0.044518,0.152938,0.106892,0.044535,0.152975,0.106817,0.044541,0.131824,0.26912,0.151558,,,,0.137226,0.245049,0.127372
1062.2006,0.191202,0.129678,0.153023,0.106781,0.044518,0.152938,0.106892,0.044535,0.152975,0.106817,0.044541,0.131824,0.26912,0.151558,,,,0.137226,0.245049,0.127372
1062.4212,0.191767,0.129074,0.153023,0.106781,0.0447,0.152938,0.106892,0.044718,0.152975,0.106817,0.044723,0.131824,0.26912,0.152335,,,,0.137226,0.245049,0.128159
1062.5998,0.192204,0.128617,0.153023,0.106781,0.044855,0.154255,0.105312,0.044534,0.153741,0.1059,0.044671,0.131824,0.26912,0.152928,,,,0.13763,0.243925,0.12757
1062.993,0.192204,0.128617,0.153023,0.106781,0.044855,0.154255,0.105312,0.044534,0.153741,0.1059,0.044671,0.131824,0.26912,0.152928,,,,0.13763,0.243925,0.12757
1063.0122,0.192362,0.128454,0.153023,0.106781,0.044914,0.154954,0.10452,0.04441,0.155119,0.104298,0.044391,0.131824,0.26912,0.15314,,,,0.138372,0.241946,0.125679
1063.1984,0.192591,0.12822,0.153023,0.106781,0.045003,0.154954,0.10452,0.044478,0.155119,0.104298,0.044457,0.131824,0.26912,0.153446,,,,0.138372,0.241946,0.125989
1063.4036,0.192709,0.1281,0.153023,0.106781,0.04505,0.154954,0.10452,0.044514,0.155119,0.104298,0.044493,0.131824,0.26912,0.153602,,,,0.138372,0.241946,0.126148
1063.6073,0.193102,0.127707,0.153023,0.106781,0.045213,0.155535,0.103879,0.044486,0.155701,0.103658,0.044466,0.131824,0.26912,0.15412,,,,0.138372,0.241946,0.126673
1063.8043,0.193102,0.127707,0.153023,0.106781,0.045213,0.155535,0.103879,0.044486,0.155701,0.103658,0.044466,0.131824,0.26912,0.15412,,,,0.138372,0.241946,0.126673
1064.0024,0.193399,0.127415,0.153023,0.106781,0.045343,0.155535,0.103879,0.044583,0.155701,0.103658,0.04456,0.131824,0.26912,0.154506,,,,0.138372,0.241946,0.127064
1064.2387,0.193942,0.126895,0.153023,0.106781,0.045596,0.155535,0.103879,0.044775,0.156212,0.103111,0.044601,0.131824,0.26912,0.155199,,,,0.138698,0.241145,0.126906
1064.4126,0.193942,0.126895,0.153023,0.106781,0.045596,0.155535,0.103879,0.044775,0.156212,0.103111,0.044601,0.131824,0.26912,0.155199,,,,0.138698,0.241145,0.126906
1064.5995,0.194112,0.126736,0.153023,0.106781,0.045678,0.156046,0.103332,0.044686,0.156212,0.103111,0.044661,0.131824,0.26912,0.155413,,,,0.13899,0.240455,0.126374
1064.8557,0.194112,0.126736,0.153023,0.106781,0.045678,0.156046,0.103332,0.044686,0.156212,0.103111,0.044661,0.131824,0.26912,0.155413,,,,0.13899,0.240455,0.126374
1065.0001,0.194595,0.126295,0.153023,0.106781,0.045924,0.156493,0.102866,0.04473,0.156659,0.102645,0.044704,0.131824,0.26912,0.156011,,,,0.13925,0.239864,0.126337
1065.1988,0.194595,0.126295,0.153023,0.106781,0.045924,0.156493,0.102866,0.04473,0.156659,0.102645,0.044704,0.131824,0.26912,0.156011,,,,0.13925,0.239864,0.126337
1065.4012,0.194715,0.126188,0.153023,0.106781,0.045988,0.156946,0.102406,0.044633,0.156659,0.102645,0.04475,0.131824,0.26912,0.156156,,,,0.13925,0.239864,0.126486
1065.5989,0.194715,0.126188,0.153023,0.106781,0.045988,0.156946,0.102406,0.044633,0.157113,0.102186,0.04461,0.131824,0.26912,0.156156,,,,0.139518,0.239277,0.12584
1065.844,0.194715,0.126188,0.153023,0.106781,0.045988,0.156946,0.102406,0.044633,0.157113,0.102186,0.04461,0.131824,0.26912,0.156156,,,,0.139518,0.239277,0.12584
1065.9982,0.194715,0.126188,0.153023,0.106781,0.045988,0.156946,0.102406,0.044633,0.157113,0.102186,0.04461,0.131824,0.26912,0.156156,,,,0.139518,0.239277,0.12584
1066.2091,0.194873,0.126052,0.153023,0.106781,0.046073,0.156946,0.102406,0.044695,0.157113,0.102186,0.04467,0.131824,0.26912,0.156345,,,,0.139518,0.239277,0.126032
1066.4019,0.194892,0.126036,0.153023,0.106781,0.046084,0.157353,0.102002,0.044573,0.157521,0.101783,0.044551,0.131824,0.26912,0.156368,,,,0.13971,0.23887,0.125605
1066.6059,0.194892,0.126036,0.153023,0.106781,0.046084,0.157353,0.102002,0.044573,0.157521,0.101783,0.044551,0.131824,0.26912,0.156368,,,,0.13971,0.23887,0.125605
1066.8663,0.194892,0.126036,0.153023,0.106781,0.046084,0.157353,0.102002,0.044573,0.157521,0.101783,0.044551,0.131824,0.26912,0.156368,,,,0.13971,0.23887,0.125605
1066.9991,0.195088,0.125873,0.177376,0.071457,0.057226,0.157353,0.102002,0.044651,0.157521,0.101783,0.044627,0.131824,0.26912,0.156595,,,,0.139836,0.238613,0.125551
1067.1983,0.195088,0.125873,0.177376,0.071457,0.057226,0.157353,0.102002,0.044651,0.157521,0.101783,0.044627,0.131824,0.26912,0.156595,,,,0.139836,0.238613,0.125551
1067.4138,0.195175,0.125802,0.177376,0.071457,0.057186,0.157353,0.102002,0.044687,0.157521,0.101783,0.044663,0.131824,0.26912,0.156695,,,,0.139965,0.238357,0.125366
1067.6,0.195285,0.125715,0.177376,0.071457,0.057137,0.176967,0.072237,0.056529,0.17697,0.072231,0.056533,0.131824,0.26912,0.156819,,,,0.1401,0.238098,0.125201
1067.7995,0.195322,0.125686,0.177376,0.071457,0.057121,0.176967,0.072237,0.056513,0.17697,0.072231,0.056518,0.131824,0.26912,0.156861,,,,0.1401,0.238098,0.125243
1068.0,0.195347,0.125667,0.177376,0.071457,0.057111,0.176967,0.072237,0.056503,0.17697,0.072231,0.056508,0.131824,0.26912,0.156889,,,,0.1401,0.238098,0.125271
1068.203,0.195347,0.125667,0.177376,0.071457,0.057111,0.176967,0.072237,0.056503,0.17697,0.072231,0.056508,0.131824,0.26912,0.156889,,,,0.1401,0.238098,0.125271
1068.402,0.195347,0.125667,0.177376,0.071457,0.057111,0.176967,0.072237,0.056503,0.17697,0.072231,0.056508,0.131824,0.26912,0.156889,,,,0.1401,0.238098,0.125271
1068.5986,0.195384,0.125638,0.177376,0.071457,0.057095,0.177189,0.072042,0.056601,0.177377,0.071872,0.056701,0.131824,0.26912,0.15693,,,,0.140357,0.237621,0.124772
1068.8126,0.195384,0.125638,0.177376,0.071457,0.057095,0.177189,0.072042,0.056601,0.177377,0.071872,0.056701,0.131824,0.26912,0.15693,,,,0.140357,0.237621,0.124772
1068.9984,0.195384,0.125639,0.177376,0.071457,0.057096,0.177189,0.072042,0.056602,0.177377,0.071872,0.056702,0.131824,0.26912,0.156929,,,,0.140357,0.237621,0.124771
1069.1992,0.19529,0.125713,0.177376,0.071457,0.057136,0.177189,0.072042,0.056642,0.177377,0.071872,0.056742,0.131824,0.26912,0.156823,,,,0.140357,0.237621,0.124663
1069.426,0.195263,0.125734,0.177376,0.071457,0.057148,0.177189,0.072042,0.056653,0.177377,0.071872,0.056754,0.131824,0.26912,0.156793,,,,0.140357,0.237621,0.124633
1069.6024,0.195161,0.125812,0.177376,0.071457,0.05719,0.177189,0.072042,0.056694,0.177377,0.071872,0.056796,0.131824,0.26912,0.156681,,,,0.140357,0.237621,0.124518
1070.1492,0.195161,0.125812,0.177376,0.071457,0.05719,0.177189,0.072042,0.056694,0.177377,0.071872,0.056796,0.131824,0.26912,0.156681,,,,0.140357,0.237621,0.124518
1070.2028,0.195058,0.125889,0.177376,0.071457,0.057231,0.177189,0.072042,0.056735,0.177377,0.071872,0.056837,0.131824,0.26912,0.156569,,,,0.140357,0.237621,0.124403
1070.4375,0.194602,0.126218,0.177376,0.071457,0.057406,0.177189,0.072042,0.056906,0.177377,0.071872,0.05701,0.131824,0.26912,0.156084,,,,0.140357,0.237621,0.123908
1070.6054,0.194483,0.126302,0.177376,0.071457,0.057451,0.176891,0.072273,0.056821,0.177377,0.071872,0.057055,0.131824,0.26912,0.155959,,,,0.140357,0.237621,0.12378
1070.8102,0.194483,0.126302,0.177376,0.071457,0.057451,0.176891,0.072273,0.056821,0.177377,0.071872,0.057055,0.131824,0.26912,0.155959,,,,0.140357,0.237621,0.12378
1071.0069,0.194483,0.126302,0.177376,0.071457,0.057451,0.176891,0.072273,0.056821,0.177377,0.071872,0.057055,0.131824,0.26912,0.155959,,,,0.140357,0.237621,0.12378
1071.1993,0.194363,0.126387,0.177376,0.071457,0.057496,0.176891,0.072273,0.056865,0.177377,0.071872,0.057099,0.131824,0.26912,0.155833,,,,0.140357,0.237621,0.123651
1071.4005,0.194221,0.126486,0.177376,0.071457,0.057549,0.176891,0.072273,0.056915,0.177079,0.072104,0.05702,0.131824,0.26912,0.155686,,,,0.140158,0.237941,0.123875
1071.603,0.194221,0.126486,0.177376,0.071457,0.057549,0.176891,0.072273,0.056915,0.177079,0.072104,0.05702,0.131824,0.26912,0.155686,,,,0.140158,0.237941,0.123875
1071.8416,0.194221,0.126486,0.177376,0.071457,0.057549,0.176891,0.072273,0.056915,0.177079,0.072104,0.05702,0.131824,0.26912,0.155686,,,,0.140158,0.237941,0.123875
1072.0194,0.194221,0.126486,0.177376,0.071457,0.057549,0.176891,0.072273,0.056915,0.177079,0.072104,0.05702,0.131824,0.26912,0.155686,,,,0.140158,0.237941,0.123875
1072.2002,0.193656,0.126871,0.177376,0.071457,0.057756,0.176891,0.072273,0.057114,0.177079,0.072104,0.057221,0.131824,0.26912,0.155106,,,,0.139575,0.238853,0.124358
1072.3998,0.193656,0.126871,0.177376,0.071457,0.057756,0.176027,0.072927,0.056752,0.176215,0.072757,0.056855,0.131824,0.26912,0.155106,,,,0.139575,0.238853,0.124358
1072.6015,0.192607,0.127561,0.172023,0.085716,0.046634,0.175527,0.073288,0.056898,0.175715,0.073118,0.057003,0.131824,0.26912,0.154057,,,,0.13923,0.239365,0.123892
1073.007,0.192607,0.127561,0.172023,0.085716,0.046634,0.175527,0.073288,0.056898,0.175715,0.073118,0.057003,0.131824,0.26912,0.154057,,,,0.13923,0.239365,0.123892
1073.2031,0.192607,0.127561,0.172023,0.085716,0.046634,0.175527,0.073288,0.056898,0.175715,0.073118,0.057003,0.131824,0.26912,0.154057,,,,0.13923,0.239365,0.123892
1073.4205,0.192138,0.127859,0.172023,0.085716,0.046698,0.17213,0.085508,0.04684,0.172147,0.085475,0.046862,0.131824,0.26912,0.153598,,,,0.138886,0.239863,0.124019
1073.5998,0.191634,0.128173,0.172023,0.085716,0.046768,0.171604,0.085869,0.046807,0.172147,0.085475,0.046935,0.131824,0.26912,0.153112,,,,0.138886,0.239863,0.123519
1073.8325,0.191634,0.128173,0.172023,0.085716,0.046768,0.171604,0.085869,0.046807,0.172147,0.085475,0.046935,0.131824,0.26912,0.153112,,,,0.138886,0.239863,0.123519
1074.0036,0.191152,0.128468,0.172023,0.085716,0.046836,0.171604,0.085869,0.04687,0.172147,0.085475,0.047006,0.131824,0.26912,0.152653,,,,0.138886,0.239863,0.123047
1074.1984,0.191152,0.128468,0.172023,0.085716,0.046836,0.170936,0.086316,0.046749,0.171621,0.085837,0.046892,0.131824,0.26912,0.152653,,,,0.137957,0.241175,0.124629
1074.3984,0.190784,0.128689,0.172023,0.085716,0.04689,0.170936,0.086316,0.046791,0.171621,0.085837,0.046942,0.131824,0.26912,0.152306,,,,0.137957,0.241175,0.124272
1074.6032,0.190368,0.128936,0.172023,0.085716,0.046953,0.170936,0.086316,0.046841,0.170953,0.086284,0.046864,0.131824,0.26912,0.151918,,,,0.137441,0.241868,0.124719
1074.9455,0.190368,0.128936,0.172023,0.085716,0.046953,0.170936,0.086316,0.046841,0.170953,0.086284,0.046864,0.131824,0.26912,0.151918,,,,0.137441,0.241868,0.124719
1075.0241,0.190244,0.12901,0.172023,0.085716,0.046972,0.170936,0.086316,0.046856,0.170953,0.086284,0.046879,0.131824,0.26912,0.151802,,,,0.137441,0.241868,0.124599
1075.203,0.189417,0.12949,0.172023,0.085716,0.047103,0.170212,0.086789,0.046821,0.17023,0.086756,0.046844,0.131824,0.26912,0.151042,,,,0.137441,0.241868,0.123816
1075.4011,0.188786,0.129849,0.172023,0.085716,0.047209,0.170212,0.086789,0.046895,0.17023,0.086756,0.046918,0.131824,0.26912,0.15047,,,,0.137441,0.241868,0.123225
1075.6032,0.188786,0.129849,0.172023,0.085716,0.047209,0.170212,0.086789,0.046895,0.17023,0.086756,0.046918,0.131824,0.26912,0.15047,,,,0.137441,0.241868,0.123225
1075.8408,0.188786,0.129849,0.172023,0.085716,0.047209,0.170212,0.086789,0.046895,0.17023,0.086756,0.046918,0.131824,0.26912,0.15047,,,,0.137441,0.241868,0.123225
1076.003,0.187485,0.130568,0.172023,0.085716,0.047443,0.167769,0.088319,0.046624,0.167786,0.088286,0.046646,0.131824,0.26912,0.149314,,,,0.136276,0.243397,0.123905
1076.2046,0.187299,0.13067,0.172023,0.085716,0.047478,0.167769,0.088319,0.046637,0.167786,0.088286,0.046659,0.131824,0.26912,0.149151,,,,0.136276,0.243397,0.123736
1076.4083,0.187205,0.13072,0.172023,0.085716,0.047496,0.167769,0.088319,0.046644,0.167786,0.088286,0.046666,0.131824,0.26912,0.14907,,,,0.136276,0.243397,0.123652
1076.5985,0.186773,0.130951,0.172023,0.085716,0.047579,0.167022,0.088759,0.046586,0.167786,0.088286,0.046699,0.131824,0.26912,0.148695,,,,0.135195,0.244751,0.124944
1076.7984,0.186773,0.130951,0.172023,0.085716,0.047579,0.167022,0.088759,0.046586,0.167786,0.088286,0.046699,0.131824,0.26912,0.148695,,,,0.135195,0.244751,0.124944
1077.015,0.186064,0.131324,0.172023,0.085716,0.047721,0.167022,0.088759,0.04663,0.167786,0.088286,0.046759,0.131824,0.26912,0.148087,,,,0.135195,0.244751,0.124311
1077.1982,0.185841,0.13144,0.172023,0.085716,0.047766,0.167022,0.088759,0.046645,0.167786,0.088286,0.046779,0.131824,0.26912,0.147898,,,,0.135195,0.244751,0.124115
1077.4181,0.185797,0.131463,0.172023,0.085716,0.047776,0.167022,0.088759,0.046648,0.167786,0.088286,0.046783,0.131824,0.26912,0.14786,,,,0.134614,0.245446,0.124948
1077.6052,0.184959,0.13189,0.172631,0.095949,0.037997,0.166238,0.089211,0.046605,0.166227,0.089206,0.046613,0.131824,0.26912,0.147158,,,,0.134614,0.245446,0.124216
1077.8255,0.184959,0.13189,0.172631,0.095949,0.037997,0.166238,0.089211,0.046605,0.166227,0.089206,0.046613,0.131824,0.26912,0.147158,,,,0.134614,0.245446,0.124216
1078.0029,0.184279,0.132229,0.172631,0.095949,0.038104,0.166238,0.089211,0.046648,0.166227,0.089206,0.046657,0.131824,0.26912,0.146598,,,,0.134614,0.245446,0.123632
1078.1985,0.183374,0.13267,0.172631,0.095949,0.03826,0.172593,0.095919,0.0383,0.172588,0.095914,0.038306,0.131824,0.26912,0.145863,,,,0.133361,0.246915,0.124713
1078.4133,0.182752,0.132967,0.172631,0.095949,0.038376,0.172593,0.095919,0.038415,0.171732,0.096362,0.038227,0.131824,0.26912,0.145367,,,,0.132718,0.247636,0.12511
1078.5982,0.182704,0.132989,0.172631,0.095949,0.038385,0.172593,0.095919,0.038425,0.171732,0.096362,0.038235,0.131824,0.26912,0.145329,,,,0.132718,0.247636,0.12507
1078.8487,0.182704,0.132989,0.172631,0.095949,0.038385,0.172593,0.095919,0.038425,0.171732,0.096362,0.038235,0.131824,0.26912,0.145329,,,,0.132718,0.247636,0.12507
1078.9986,0.182082,0.13328,0.172631,0.095949,0.038509,0.170893,0.096808,0.03815,0.170877,0.096797,0.038164,0.131824,0.26912,0.14484,,,,0.132073,0.248345,0.125463
1079.2055,0.181503,0.133546,0.172631,0.095949,0.03863,0.170893,0.096808,0.03824,0.170877,0.096797,0.038254,0.131824,0.26912,0.14439,,,,0.132073,0.248345,0.124989
1079.4151,0.181181,0.133692,0.172631,0.095949,0.0387,0.170893,0.096808,0.038293,0.170877,0.096797,0.038307,0.131824,0.26912,0.144142,,,,0.132073,0.248345,0.124727
1079.6042,0.181181,0.133692,0.172631,0.095949,0.0387,0.170893,0.096808,0.038293,0.170877,0.096797,0.038307,0.131824,0.26912,0.144142,,,,0.132073,0.248345,0.124727
1080.2413,0.181181,0.133692,0.172631,0.095949,0.0387,0.170893,0.096808,0.038293,0.170877,0.096797,0.038307,0.131824,0.26912,0.144142,,,,0.132073,0.248345,0.124727
1080.4006,0.179473,0.134447,0.172631,0.095949,0.039102,0.169084,0.097694,0.038193,0.169068,0.097684,0.038207,0.185039,0.135889,0.00575,,,,0.185029,0.135912,0.005746
1080.6018,0.179193,0.134567,0.172631,0.095949,0.039172,0.169084,0.097694,0.038234,0.169068,0.097684,0.038248,0.185039,0.135889,0.005994,,,,0.185029,0.135912,0.005989
1080.8138,0.178185,0.134992,0.172631,0.095949,0.039436,0.168248,0.098087,0.038219,0.168232,0.098077,0.038233,0.185039,0.135889,0.006913,,,,0.184337,0.136525,0.006341
1080.9985,0.177707,0.135189,0.172631,0.095949,0.039568,0.168248,0.098087,0.038289,0.168232,0.098077,0.038303,0.185039,0.135889,0.007365,,,,0.184337,0.136525,0.006763
1081.2062,0.177195,0.135399,0.172631,0.095949,0.039713,0.168248,0.098087,0.03837,0.168232,0.098077,0.038383,0.185039,0.135889,0.00786,,,,0.184337,0.136525,0.007231
1081.4093,0.176924,0.135509,0.172631,0.095949,0.039792,0.16628,0.098987,0.038041,0.166265,0.098978,0.038054,0.185039,0.135889,0.008124,,,,0.18343,0.137312,0.006752
1081.6082,0.176924,0.135509,0.172631,0.095949,0.039792,0.16628,0.098987,0.038041,0.166265,0.098978,0.038054,0.185039,0.135889,0.008124,,,,0.18343,0.137312,0.006752
1082.0862,0.176924,0.135509,0.172631,0.095949,0.039792,0.16628,0.098987,0.038041,0.166265,0.098978,0.038054,0.185039,0.135889,0.008124,,,,0.18343,0.137312,0.006752
1082.1981,0.175878,0.135925,0.172631,0.095949,0.040108,0.16628,0.098987,0.038164,0.166265,0.098978,0.038177,0.185039,0.135889,0.009161,,,,0.18343,0.137312,0.007679
1082.4014,0.175698,0.135995,0.178522,0.091631,0.044454,0.178306,0.091863,0.044209,0.166265,0.098978,0.0382,0.185039,0.135889,0.009342,,,,0.18343,0.137312,0.007844
1082.5983,0.173874,0.136693,0.178522,0.091631,0.045301,0.178306,0.091863,0.045049,0.178336,0.091831,0.045083,0.185039,0.135889,0.011194,,,,0.180661,0.139635,0.007397
1082.7984,0.173874,0.136693,0.178522,0.091631,0.045301,0.178306,0.091863,0.045049,0.178336,0.091831,0.045083,0.185039,0.135889,0.011194,,,,0.180661,0.139635,0.007397
1083.0183,0.173689,0.136762,0.178522,0.091631,0.045389,0.178306,0.091863,0.045136,0.178336,0.091831,0.045171,0.185039,0.135889,0.011384,,,,0.180661,0.139635,0.007541
1083.2088,0.172696,0.137128,0.178522,0.091631,0.045868,0.17602,0.092768,0.044484,0.17605,0.092736,0.044518,0.185039,0.135889,0.012405,,,,0.179701,0.140404,0.007733
1083.4036,0.171717,0.13748,0.178522,0.091631,0.046351,0.1748,0.093224,0.044363,0.17605,0.092736,0.044953,0.185039,0.135889,0.013417,,,,0.179701,0.140404,0.008503
1083.6005,0.170971,0.137743,0.178522,0.091631,0.046726,0.1748,0.093224,0.044683,0.17605,0.092736,0.045292,0.185039,0.135889,0.014189,,,,0.179701,0.140404,0.009126
1083.8209,0.170971,0.137743,0.178522,0.091631,0.046726,0.1748,0.093224,0.044683,0.17605,0.092736,0.045292,0.185039,0.135889,0.014189,,,,0.179701,0.140404,0.009126
1084.0108,0.170532,0.137895,0.178522,0.091631,0.046949,0.1748,0.093224,0.044875,0.173379,0.093733,0.044254,0.185039,0.135889,0.014645,,,,0.177458,0.142163,0.008135
1084.2062,0.170532,0.137895,0.178522,0.091631,0.046949,0.1748,0.093224,0.044875,0.173379,0.093733,0.044254,0.185039,0.135889,0.014645,,,,0.177458,0.142163,0.008135
1084.3985,0.169276,0.138326,0.178522,0.091631,0.047601,0.1748,0.093224,0.045439,0.173379,0.093733,0.044781,0.185039,0.135889,0.015951,,,,0.177458,0.142163,0.009038
1084.6008,0.169276,0.138326,0.178522,0.091631,0.047601,0.1748,0.093224,0.045439,0.173379,0.093733,0.044781,0.185039,0.135889,0.015951,,,,0.177458,0.142163,0.009038
1084.814,0.169197,0.138352,0.178522,0.091631,0.047643,0.17346,0.09371,0.044846,0.173379,0.093733,0.044815,0.185039,0.135889,0.016033,,,,0.176191,0.14312,0.008464
1085.0056,0.167253,0.138997,0.178522,0.091631,0.048688,0.17346,0.09371,0.045711,0.171882,0.094261,0.044975,0.185039,0.135889,0.018056,,,,0.176191,0.14312,0.009843
1085.2076,0.166715,0.139172,0.178522,0.091631,0.048985,0.170563,0.09473,0.044607,0.171882,0.094261,0.045207,0.185039,0.135889,0.018616,,,,0.174957,0.144034,0.009569
1085.4383,0.166561,0.139221,0.178522,0.091631,0.04907,0.170563,0.09473,0.04467,0.171882,0.094261,0.045274,0.185039,0.135889,0.018776,,,,0.174957,0.144034,0.009677
1085.6007,0.165884,0.139437,0.178522,0.091631,0.049448,0.170563,0.09473,0.044951,0.171882,0.094261,0.045573,0.185039,0.135889,0.019481,,,,0.174957,0.144034,0.010171
1086.097,0.165136,0.139673,0.178522,0.091631,0.049872,0.168966,0.095261,0.044577,0.168697,0.09535,0.044465,0.185039,0.135889,0.020259,,,,0.173596,0.145024,0.010009
1086.1996,0.162664,0.140428,0.178522,0.091631,0.05131,0.167504,0.095733,0.044957,0.167236,0.095822,0.04484,0.185039,0.135889,0.022831,,,,0.171086,0.146799,0.01056
1086.3999,0.162664,0.140428,0.178522,0.091631,0.05131,0.167504,0.095733,0.044957,0.167236,0.095822,0.04484,0.185039,0.135889,0.022831,,,,0.171086,0.146799,0.01056
1086.5997,0.162664,0.140428,0.178522,0.091631,0.05131,0.167504,0.095733,0.044957,0.167236,0.095822,0.04484,0.185039,0.135889,0.022831,,,,0.171086,0.146799,0.01056
1086.832,0.162664,0.140428,0.178522,0.091631,0.05131,0.167504,0.095733,0.044957,0.167236,0.095822,0.04484,0.185039,0.135889,0.022831,,,,0.171086,0.146799,0.01056
1087.0108,0.160934,0.140936,0.178522,0.091631,0.052348,0.164359,0.096718,0.04435,0.164091,0.096808,0.04424,0.185039,0.135889,0.024628,,,,0.169728,0.147734,0.011115
1087.1993,0.15878,0.141545,0.178522,0.091631,0.053677,0.164359,0.096718,0.045173,0.164091,0.096808,0.045051,0.185039,0.135889,0.026861,,,,0.169728,0.147734,0.012576
1087.4118,0.15878,0.141545,0.178522,0.091631,0.053677,0.164359,0.096718,0.045173,0.164091,0.096808,0.045051,0.185039,0.135889,0.026861,,,,0.169728,0.147734,0.012576
1087.6022,0.15878,0.141545,0.178522,0.091631,0.053677,0.164359,0.096718,0.045173,0.164091,0.096808,0.045051,0.185039,0.135889,0.026861,,,,0.169728,0.147734,0.012576
1087.7987,0.156705,0.14211,0.178522,0.091631,0.054992,0.162778,0.097185,0.045334,0.160769,0.09779,0.044506,0.185039,0.135889,0.02901,,,,0.166859,0.149674,0.012662
1088.0079,0.15592,0.142318,0.178522,0.091631,0.055497,0.161113,0.097661,0.044957,0.160769,0.09779,0.044791,0.185039,0.135889,0.02982,,,,0.166859,0.149674,0.013182
1088.2049,0.15592,0.142318,0.178522,0.091631,0.055497,0.161113,0.097661,0.044957,0.160769,0.09779,0.044791,0.185039,0.135889,0.02982,,,,0.166859,0.149674,0.013182
1088.412,0.154633,0.142652,0.178522,0.091631,0.056337,0.15785,0.098567,0.044202,0.157506,0.098698,0.044048,0.185039,0.135889,0.031149,,,,0.164024,0.151527,0.012921
1088.5994,0.154633,0.142652,0.178522,0.091631,0.056337,0.15785,0.098567,0.044202,0.157506,0.098698,0.044048,0.185039,0.135889,0.031149,,,,0.164024,0.151527,0.012921
1088.9247,0.154633,0.142652,0.178522,0.091631,0.056337,0.15785,0.098567,0.044202,0.157506,0.098698,0.044048,0.185039,0.135889,0.031149,,,,0.164024,0.151527,0.012921
1089.0329,0.154633,0.142652,0.178522,0.091631,0.056337,0.15785,0.098567,0.044202,0.157506,0.098698,0.044048,0.185039,0.135889,0.031149,,,,0.164024,0.151527,0.012921
1089.2054,0.153056,0.143051,0.178522,0.091631,0.057381,0.15785,0.098567,0.044741,0.157506,0.098698,0.044576,0.185039,0.135889,0.032775,,,,0.164024,0.151527,0.013861
1089.4058,0.153056,0.143051,0.178522,0.091631,0.057381,0.15785,0.098567,0.044741,0.157506,0.098698,0.044576,0.185039,0.135889,0.032775,,,,0.164024,0.151527,0.013861
1089.6046,0.151459,0.143443,0.155364,0.104327,0.039311,0.15785,0.098567,0.045329,0.157506,0.098698,0.045152,0.185039,0.135889,0.03442,,,,0.164024,0.151527,0.014941
1089.7988,0.15016,0.143754,0.155364,0.104327,0.039769,0.155375,0.104294,0.039803,0.155387,0.104278,0.03982,0.185039,0.135889,0.035755,,,,0.162537,0.152465,0.015135
1090.0044,0.15016,0.143754,0.155364,0.104327,0.039769,0.155375,0.104294,0.039803,0.155387,0.104278,0.03982,0.185039,0.135889,0.035755,,,,0.162537,0.152465,0.015135
1090.1984,0.15016,0.143754,0.155364,0.104327,0.039769,0.155375,0.104294,0.039803,0.155387,0.104278,0.03982,0.185039,0.135889,0.035755,,,,0.162537,0.152465,0.015135
1090.4041,0.148429,0.144156,0.155364,0.104327,0.040428,0.153717,0.104711,0.039798,0.152072,0.105113,0.039212,0.185039,0.135889,0.037532,,,,0.161076,0.153371,0.015649
1090.5985,0.147261,0.14442,0.155364,0.104327,0.040904,0.153717,0.104711,0.04023,0.150593,0.105461,0.039101,0.185039,0.135889,0.038729,,,,0.158481,0.154954,0.01539
1090.8371,0.147261,0.14442,0.155364,0.104327,0.040904,0.153717,0.104711,0.04023,0.150593,0.105461,0.039101,0.185039,0.135889,0.038729,,,,0.158481,0.154954,0.01539
1091.0115,0.146228,0.14465,0.155364,0.104327,0.041346,0.151541,0.10524,0.039767,0.149502,0.105713,0.039074,0.185039,0.135889,0.039788,,,,0.157521,0.155528,0.01568
1091.1996,0.146228,0.14465,0.155364,0.104327,0.041346,0.151541,0.10524,0.039767,0.149502,0.105713,0.039074,0.185039,0.135889,0.039788,,,,0.157521,0.155528,0.01568
1091.4035,0.145639,0.144782,0.155364,0.104327,0.041608,0.151541,0.10524,0.03998,0.149502,0.105713,0.039259,0.185039,0.135889,0.040392,,,,0.157521,0.155528,0.016021
1091.6012,0.145389,0.144837,0.155364,0.104327,0.041721,0.151541,0.10524,0.040072,0.149502,0.105713,0.03934,0.185039,0.135889,0.040647,,,,0.157521,0.155528,0.01617
1091.8653,0.145241,0.14487,0.155364,0.104327,0.041789,0.151541,0.10524,0.040128,0.149502,0.105713,0.039389,0.185039,0.135889,0.040799,,,,0.157521,0.155528,0.01626
1092.0088,0.144863,0.144955,0.155364,0.104327,0.041963,0.150842,0.10541,0.039994,0.148801,0.105875,0.039278,0.185039,0.135889,0.041186,,,,0.156903,0.155897,0.01627
1092.2025,0.144859,0.144955,0.155364,0.104327,0.041965,0.150842,0.10541,0.039995,0.148801,0.105875,0.039279,0.185039,0.135889,0.04119,,,,0.156903,0.155897,0.016272
1092.4047,0.144859,0.144955,0.155364,0.104327,0.041965,0.150842,0.10541,0.039995,0.148801,0.105875,0.039279,0.185039,0.135889,0.04119,,,,0.156903,0.155897,0.016272
1092.5992,0.144859,0.144955,0.155364,0.104327,0.041965,0.150842,0.10541,0.039995,0.148801,0.105875,0.039279,0.185039,0.135889,0.04119,,,,0.156903,0.155897,0.016272
1092.8009,0.144859,0.144955,0.155364,0.104327,0.041965,0.150842,0.10541,0.039995,0.148801,0.105875,0.039279,0.185039,0.135889,0.04119,,,,0.156903,0.155897,0.016272
1093.0047,0.144859,0.144955,0.155364,0.104327,0.041965,0.150842,0.10541,0.039995,0.148801,0.105875,0.039279,0.185039,0.135889,0.04119,,,,0.156903,0.155897,0.016272
1093.1998,0.144859,0.144955,0.155364,0.104327,0.041965,0.150842,0.10541,0.039995,0.148801,0.105875,0.039279,0.185039,0.135889,0.04119,,,,0.156903,0.155897,0.016272
1093.408,0.144859,0.144955,0.155364,0.104327,0.041965,0.150842,0.10541,0.039995,0.148801,0.105875,0.039279,0.185039,0.135889,0.04119,,,,0.156903,0.155897,0.016272
1093.6009,0.144859,0.144955,0.155364,0.104327,0.041965,0.150842,0.10541,0.039995,0.148801,0.105875,0.039279,0.185039,0.135889,0.04119,,,,0.156903,0.155897,0.016272
1093.8005,0.144859,0.144955,0.155364,0.104327,0.041965,0.150842,0.10541,0.039995,0.148801,0.105875,0.039279,0.185039,0.135889,0.04119,,,,0.156903,0.155897,0.016272
1093.9988,0.144859,0.144955,0.155364,0.104327,0.041965,0.150842,0.10541,0.039995,0.148801,0.105875,0.039279,0.185039,0.135889,0.04119,,,,0.156903,0.155897,0.016272
1094.1988,0.144859,0.144955,0.155364,0.104327,0.041965,0.150842,0.10541,0.039995,0.148801,0.105875,0.039279,0.185039,0.135889,0.04119,,,,0.156903,0.155897,0.016272
1094.4042,0.144859,0.144955,0.155364,0.104327,0.041965,0.150842,0.10541,0.039995,0.148801,0.105875,0.039279,0.185039,0.135889,0.04119,,,,0.156903,0.155897,0.016272
1094.6024,0.144859,0.144955,0.155364,0.104327,0.041965,0.150842,0.10541,0.039995,0.148801,0.105875,0.039279,0.185039,0.135889,0.04119,,,,0.156903,0.155897,0.016272
1094.8935,0.144859,0.144955,0.155364,0.104327,0.041965,0.150842,0.10541,0.039995,0.148801,0.105875,0.039279,0.185039,0.135889,0.04119,,,,0.156903,0.155897,0.016272
1094.9995,0.144859,0.144955,0.155364,0.104327,0.041965,0.150842,0.10541,0.039995,0.148801,0.105875,0.039279,0.185039,0.135889,0.04119,,,,0.156903,0.155897,0.016272
1095.2146,0.144859,0.144955,0.155364,0.104327,0.041965,0.150842,0.10541,0.039995,0.148801,0.105875,0.039279,0.185039,0.135889,0.04119,,,,0.156903,0.155897,0.016272
1095.4106,0.144859,0.144955,0.155364,0.104327,0.041965,0.150842,0.10541,0.039995,0.148801,0.105875,0.039279,0.185039,0.135889,0.04119,,,,0.156903,0.155897,0.016272
1095.6063,0.144859,0.144955,0.155364,0.104327,0.041965,0.150842,0.10541,0.039995,0.148801,0.105875,0.039279,0.185039,0.135889,0.04119,,,,0.156903,0.155897,0.016272
1095.8326,0.144859,0.144955,0.155364,0.104327,0.041965,0.150842,0.10541,0.039995,0.148801,0.105875,0.039279,0.185039,0.135889,0.04119,,,,0.156903,0.155897,0.016272
1096.0086,0.144859,0.144955,0.155364,0.104327,0.041965,0.150842,0.10541,0.039995,0.148801,0.105875,0.039279,0.185039,0.135889,0.04119,,,,0.156903,0.155897,0.016272
1096.2152,0.144859,0.144955,0.155364,0.104327,0.041965,0.150842,0.10541,0.039995,0.148801,0.105875,0.039279,0.185039,0.135889,0.04119,,,,0.156903,0.155897,0.016272
1096.4006,0.144859,0.144955,0.155364,0.104327,0.041965,0.150842,0.10541,0.039995,0.148801,0.105875,0.039279,0.185039,0.135889,0.04119,,,,0.156903,0.155897,0.016272
1096.5984,0.144859,0.144955,0.155364,0.104327,0.041965,0.150842,0.10541,0.039995,0.148801,0.105875,0.039279,0.185039,0.135889,0.04119,,,,0.156903,0.155897,0.016272
1096.9476,0.144859,0.144955,0.155364,0.104327,0.041965,0.150842,0.10541,0.039995,0.148801,0.105875,0.039279,0.185039,0.135889,0.04119,,,,0.156903,0.155897,0.016272
1096.9983,0.144859,0.144955,0.155364,0.104327,0.041965,0.150842,0.10541,0.039995,0.148801,0.105875,0.039279,0.185039,0.135889,0.04119,,,,0.156903,0.155897,0.016272
1097.2096,0.144859,0.144955,0.155364,0.104327,0.041965,0.150842,0.10541,0.039995,0.148801,0.105875,0.039279,0.185039,0.135889,0.04119,,,,0.156903,0.155897,0.016272
1097.4037,0.144859,0.144955,0.155364,0.104327,0.041965,0.150842,0.10541,0.039995,0.148801,0.105875,0.039279,0.185039,0.135889,0.04119,,,,0.156903,0.155897,0.016272
1097.6082,0.144859,0.144955,0.155364,0.104327,0.041965,0.150842,0.10541,0.039995,0.148801,0.105875,0.039279,0.185039,0.135889,0.04119,,,,0.156903,0.155897,0.016272
1097.7985,0.144859,0.144955,0.155364,0.104327,0.041965,0.150842,0.10541,0.039995,0.148801,0.105875,0.039279,0.185039,0.135889,0.04119,,,,0.156903,0.155897,0.016272
1098.0056,0.144859,0.144955,0.155364,0.104327,0.041965,0.150842,0.10541,0.039995,0.148801,0.105875,0.039279,0.185039,0.135889,0.04119,,,,0.156903,0.155897,0.016272
1098.1985,0.144859,0.144955,0.155364,0.104327,0.041965,0.150842,0.10541,0.039995,0.148801,0.105875,0.039279,0.185039,0.135889,0.04119,,,,0.156903,0.155897,0.016272
1098.405,0.144859,0.144955,0.155364,0.104327,0.041965,0.150842,0.10541,0.039995,0.148801,0.105875,0.039279,0.185039,0.135889,0.04119,,,,0.156903,0.155897,0.016272
1098.5983,0.144859,0.144955,0.155364,0.104327,0.041965,0.150842,0.10541,0.039995,0.148801,0.105875,0.039279,0.185039,0.135889,0.04119,,,,0.156903,0.155897,0.016272
1098.8959,0.144859,0.144955,0.155364,0.104327,0.041965,0.150842,0.10541,0.039995,0.148801,0.105875,0.039279,0.185039,0.135889,0.04119,,,,0.156903,0.155897,0.016272
1098.9985,0.144859,0.144955,0.155364,0.104327,0.041965,0.150842,0.10541,0.039995,0.148801,0.105875,0.039279,0.185039,0.135889,0.04119,,,,0.156903,0.155897,0.016272
